ISO-10303-21;
HEADER;
/* Generated by software containing ST-Developer
 * from STEP Tools, Inc. (www.steptools.com) 
 */

FILE_DESCRIPTION(
/* description */ (''),
/* implementation_level */ '2;1');

FILE_NAME(
/* name */ 'Gehuse_Morse_Adapter_2_v16_002.step',
/* time_stamp */ '2026-08-05T18:06:06+02:00',
/* author */ (''),
/* organization */ (''),
/* preprocessor_version */ 'ST-DEVELOPER v20.1',
/* originating_system */ 'Autodesk Translation Framework v15.8.0.0',
/* authorisation */ '');

FILE_SCHEMA (('AUTOMOTIVE_DESIGN { 1 0 10303 214 3 1 1 }'));
ENDSEC;

DATA;
#10=MECHANICAL_DESIGN_GEOMETRIC_PRESENTATION_REPRESENTATION('',(#13),#2624);
#11=SHAPE_REPRESENTATION_RELATIONSHIP('SRR','None',#2631,#12);
#12=ADVANCED_BREP_SHAPE_REPRESENTATION('',(#14),#2623);
#13=STYLED_ITEM('',(#2640),#14);
#14=MANIFOLD_SOLID_BREP('Gehaeuse_Unterteil',#1282);
#15=TOROIDAL_SURFACE('',#1383,3.,1.);
#16=TOROIDAL_SURFACE('',#1389,3.,1.);
#17=TOROIDAL_SURFACE('',#1395,3.,1.);
#18=TOROIDAL_SURFACE('',#1401,3.,1.);
#19=CONICAL_SURFACE('',#1359,2.5,0.785398163397448);
#20=CONICAL_SURFACE('',#1363,2.5,0.785398163397449);
#21=CONICAL_SURFACE('',#1367,2.5,0.785398163397448);
#22=CONICAL_SURFACE('',#1371,2.5,0.785398163397448);
#23=FACE_BOUND('',#386,.T.);
#24=FACE_BOUND('',#394,.T.);
#25=FACE_BOUND('',#414,.T.);
#26=FACE_BOUND('',#429,.T.);
#27=FACE_BOUND('',#441,.T.);
#28=(
BOUNDED_SURFACE()
B_SPLINE_SURFACE(2,2,((#2107,#2108,#2109,#2110,#2111),(#2112,#2113,#2114,
#2115,#2116),(#2117,#2118,#2119,#2120,#2121)),.UNSPECIFIED.,.F.,.F.,.F.)
B_SPLINE_SURFACE_WITH_KNOTS((3,3),(3,2,3),(-1.5707963267949,-0.707584436725312),
(-1.26166423697122E-15,1.5707963267949,3.14159265358979),.UNSPECIFIED.)
GEOMETRIC_REPRESENTATION_ITEM()
RATIONAL_B_SPLINE_SURFACE(((1.,0.707106781186547,1.,0.707106781186547,1.),
(0.908295106229193,0.642261628933218,0.908295106229193,0.642261628933218,
0.908295106229193),(1.,0.707106781186547,1.,0.707106781186547,1.)))
REPRESENTATION_ITEM('')
SURFACE()
);
#29=(
BOUNDED_SURFACE()
B_SPLINE_SURFACE(2,2,((#2355,#2356,#2357,#2358,#2359),(#2360,#2361,#2362,
#2363,#2364),(#2365,#2366,#2367,#2368,#2369)),.UNSPECIFIED.,.F.,.F.,.F.)
B_SPLINE_SURFACE_WITH_KNOTS((3,3),(3,2,3),(0.775397496610792,1.5707963267949),
(-3.14159265358979,-1.5707963267949,0.),.UNSPECIFIED.)
GEOMETRIC_REPRESENTATION_ITEM()
RATIONAL_B_SPLINE_SURFACE(((1.,0.707106781186548,1.,0.707106781186548,1.),
(0.921954445729316,0.651920240520284,0.921954445729316,0.651920240520284,
0.921954445729316),(1.,0.707106781186548,1.,0.707106781186548,1.)))
REPRESENTATION_ITEM('')
SURFACE()
);
#30=(
BOUNDED_SURFACE()
B_SPLINE_SURFACE(2,2,((#2381,#2382,#2383,#2384,#2385),(#2386,#2387,#2388,
#2389,#2390),(#2391,#2392,#2393,#2394,#2395)),.UNSPECIFIED.,.F.,.F.,.F.)
B_SPLINE_SURFACE_WITH_KNOTS((3,3),(3,2,3),(0.775397496610786,1.5707963267949),
(0.,1.5707963267949,3.14159265358979),.UNSPECIFIED.)
GEOMETRIC_REPRESENTATION_ITEM()
RATIONAL_B_SPLINE_SURFACE(((1.,0.707106781186548,1.,0.707106781186548,1.),
(0.921954445729218,0.651920240520215,0.921954445729218,0.651920240520215,
0.921954445729218),(1.,0.707106781186548,1.,0.707106781186548,1.)))
REPRESENTATION_ITEM('')
SURFACE()
);
#31=(
BOUNDED_SURFACE()
B_SPLINE_SURFACE(2,2,((#2401,#2402,#2403,#2404,#2405),(#2406,#2407,#2408,
#2409,#2410),(#2411,#2412,#2413,#2414,#2415)),.UNSPECIFIED.,.F.,.F.,.F.)
B_SPLINE_SURFACE_WITH_KNOTS((3,3),(3,2,3),(-1.5707963267949,-0.707584436725312),
(-3.14159265358979,-1.5707963267949,0.),.UNSPECIFIED.)
GEOMETRIC_REPRESENTATION_ITEM()
RATIONAL_B_SPLINE_SURFACE(((1.,0.707106781186548,1.,0.707106781186548,1.),
(0.908295106229193,0.642261628933218,0.908295106229193,0.642261628933218,
0.908295106229193),(1.,0.707106781186548,1.,0.707106781186548,1.)))
REPRESENTATION_ITEM('')
SURFACE()
);
#32=PLANE('',#1305);
#33=PLANE('',#1308);
#34=PLANE('',#1320);
#35=PLANE('',#1334);
#36=PLANE('',#1346);
#37=PLANE('',#1353);
#38=PLANE('',#1354);
#39=PLANE('',#1355);
#40=PLANE('',#1358);
#41=PLANE('',#1362);
#42=PLANE('',#1366);
#43=PLANE('',#1370);
#44=PLANE('',#1375);
#45=PLANE('',#1377);
#46=PLANE('',#1379);
#47=PLANE('',#1406);
#48=PLANE('',#1409);
#49=PLANE('',#1410);
#50=PLANE('',#1414);
#51=PLANE('',#1418);
#52=PLANE('',#1419);
#53=PLANE('',#1422);
#54=PLANE('',#1423);
#55=PLANE('',#1424);
#56=PLANE('',#1425);
#57=PLANE('',#1426);
#58=PLANE('',#1427);
#59=PLANE('',#1428);
#60=PLANE('',#1431);
#61=LINE('',#1851,#162);
#62=LINE('',#1852,#163);
#63=LINE('',#1891,#164);
#64=LINE('',#1895,#165);
#65=LINE('',#1896,#166);
#66=LINE('',#1901,#167);
#67=LINE('',#1905,#168);
#68=LINE('',#1909,#169);
#69=LINE('',#1921,#170);
#70=LINE('',#1923,#171);
#71=LINE('',#1924,#172);
#72=LINE('',#1968,#173);
#73=LINE('',#1969,#174);
#74=LINE('',#1998,#175);
#75=LINE('',#2001,#176);
#76=LINE('',#2002,#177);
#77=LINE('',#2010,#178);
#78=LINE('',#2013,#179);
#79=LINE('',#2105,#180);
#80=LINE('',#2106,#181);
#81=LINE('',#2130,#182);
#82=LINE('',#2133,#183);
#83=LINE('',#2135,#184);
#84=LINE('',#2137,#185);
#85=LINE('',#2138,#186);
#86=LINE('',#2299,#187);
#87=LINE('',#2300,#188);
#88=LINE('',#2305,#189);
#89=LINE('',#2306,#190);
#90=LINE('',#2353,#191);
#91=LINE('',#2375,#192);
#92=LINE('',#2377,#193);
#93=LINE('',#2379,#194);
#94=LINE('',#2380,#195);
#95=LINE('',#2400,#196);
#96=LINE('',#2420,#197);
#97=LINE('',#2424,#198);
#98=LINE('',#2426,#199);
#99=LINE('',#2430,#200);
#100=LINE('',#2433,#201);
#101=LINE('',#2437,#202);
#102=LINE('',#2439,#203);
#103=LINE('',#2441,#204);
#104=LINE('',#2442,#205);
#105=LINE('',#2447,#206);
#106=LINE('',#2452,#207);
#107=LINE('',#2453,#208);
#108=LINE('',#2454,#209);
#109=LINE('',#2459,#210);
#110=LINE('',#2464,#211);
#111=LINE('',#2465,#212);
#112=LINE('',#2466,#213);
#113=LINE('',#2471,#214);
#114=LINE('',#2476,#215);
#115=LINE('',#2477,#216);
#116=LINE('',#2478,#217);
#117=LINE('',#2483,#218);
#118=LINE('',#2484,#219);
#119=LINE('',#2486,#220);
#120=LINE('',#2488,#221);
#121=LINE('',#2490,#222);
#122=LINE('',#2499,#223);
#123=LINE('',#2502,#224);
#124=LINE('',#2513,#225);
#125=LINE('',#2514,#226);
#126=LINE('',#2525,#227);
#127=LINE('',#2526,#228);
#128=LINE('',#2537,#229);
#129=LINE('',#2538,#230);
#130=LINE('',#2544,#231);
#131=LINE('',#2547,#232);
#132=LINE('',#2550,#233);
#133=LINE('',#2551,#234);
#134=LINE('',#2554,#235);
#135=LINE('',#2558,#236);
#136=LINE('',#2559,#237);
#137=LINE('',#2561,#238);
#138=LINE('',#2564,#239);
#139=LINE('',#2569,#240);
#140=LINE('',#2571,#241);
#141=LINE('',#2574,#242);
#142=LINE('',#2579,#243);
#143=LINE('',#2580,#244);
#144=LINE('',#2584,#245);
#145=LINE('',#2588,#246);
#146=LINE('',#2590,#247);
#147=LINE('',#2592,#248);
#148=LINE('',#2594,#249);
#149=LINE('',#2595,#250);
#150=LINE('',#2598,#251);
#151=LINE('',#2600,#252);
#152=LINE('',#2601,#253);
#153=LINE('',#2604,#254);
#154=LINE('',#2606,#255);
#155=LINE('',#2607,#256);
#156=LINE('',#2609,#257);
#157=LINE('',#2610,#258);
#158=LINE('',#2612,#259);
#159=LINE('',#2614,#260);
#160=LINE('',#2617,#261);
#161=LINE('',#2619,#262);
#162=VECTOR('',#1444,10.);
#163=VECTOR('',#1445,10.);
#164=VECTOR('',#1452,10.);
#165=VECTOR('',#1457,10.);
#166=VECTOR('',#1458,10.);
#167=VECTOR('',#1465,10.);
#168=VECTOR('',#1468,10.);
#169=VECTOR('',#1471,10.);
#170=VECTOR('',#1474,10.);
#171=VECTOR('',#1475,10.);
#172=VECTOR('',#1476,10.);
#173=VECTOR('',#1487,10.);
#174=VECTOR('',#1488,10.);
#175=VECTOR('',#1495,10.);
#176=VECTOR('',#1498,10.);
#177=VECTOR('',#1499,10.);
#178=VECTOR('',#1508,0.5);
#179=VECTOR('',#1511,0.5);
#180=VECTOR('',#1518,0.5);
#181=VECTOR('',#1519,0.5);
#182=VECTOR('',#1530,10.);
#183=VECTOR('',#1533,10.);
#184=VECTOR('',#1534,10.);
#185=VECTOR('',#1535,10.);
#186=VECTOR('',#1536,10.);
#187=VECTOR('',#1545,0.5);
#188=VECTOR('',#1546,0.5);
#189=VECTOR('',#1551,0.5);
#190=VECTOR('',#1552,0.5);
#191=VECTOR('',#1557,10.);
#192=VECTOR('',#1566,10.);
#193=VECTOR('',#1567,10.);
#194=VECTOR('',#1568,10.);
#195=VECTOR('',#1569,10.);
#196=VECTOR('',#1576,10.);
#197=VECTOR('',#1583,10.);
#198=VECTOR('',#1590,10.);
#199=VECTOR('',#1591,10.);
#200=VECTOR('',#1594,10.);
#201=VECTOR('',#1597,10.);
#202=VECTOR('',#1600,10.);
#203=VECTOR('',#1601,10.);
#204=VECTOR('',#1602,10.);
#205=VECTOR('',#1603,10.);
#206=VECTOR('',#1608,10.);
#207=VECTOR('',#1613,10.);
#208=VECTOR('',#1614,10.);
#209=VECTOR('',#1615,10.);
#210=VECTOR('',#1620,10.);
#211=VECTOR('',#1625,10.);
#212=VECTOR('',#1626,10.);
#213=VECTOR('',#1627,10.);
#214=VECTOR('',#1632,10.);
#215=VECTOR('',#1637,10.);
#216=VECTOR('',#1638,10.);
#217=VECTOR('',#1639,10.);
#218=VECTOR('',#1648,10.);
#219=VECTOR('',#1649,10.);
#220=VECTOR('',#1652,10.);
#221=VECTOR('',#1655,10.);
#222=VECTOR('',#1658,10.);
#223=VECTOR('',#1667,10.);
#224=VECTOR('',#1670,10.);
#225=VECTOR('',#1683,10.);
#226=VECTOR('',#1684,10.);
#227=VECTOR('',#1697,10.);
#228=VECTOR('',#1698,10.);
#229=VECTOR('',#1711,10.);
#230=VECTOR('',#1712,10.);
#231=VECTOR('',#1721,10.);
#232=VECTOR('',#1724,10.);
#233=VECTOR('',#1727,10.);
#234=VECTOR('',#1728,10.);
#235=VECTOR('',#1731,10.);
#236=VECTOR('',#1736,10.);
#237=VECTOR('',#1737,10.);
#238=VECTOR('',#1740,10.);
#239=VECTOR('',#1743,10.);
#240=VECTOR('',#1748,10.);
#241=VECTOR('',#1751,10.);
#242=VECTOR('',#1754,10.);
#243=VECTOR('',#1761,10.);
#244=VECTOR('',#1762,10.);
#245=VECTOR('',#1767,3.925);
#246=VECTOR('',#1772,10.);
#247=VECTOR('',#1773,10.);
#248=VECTOR('',#1774,10.);
#249=VECTOR('',#1775,10.);
#250=VECTOR('',#1776,10.);
#251=VECTOR('',#1779,10.);
#252=VECTOR('',#1780,10.);
#253=VECTOR('',#1781,10.);
#254=VECTOR('',#1784,10.);
#255=VECTOR('',#1785,10.);
#256=VECTOR('',#1786,10.);
#257=VECTOR('',#1789,10.);
#258=VECTOR('',#1790,10.);
#259=VECTOR('',#1793,10.);
#260=VECTOR('',#1796,10.);
#261=VECTOR('',#1801,10.);
#262=VECTOR('',#1804,10.);
#263=CYLINDRICAL_SURFACE('',#1299,1.);
#264=CYLINDRICAL_SURFACE('',#1303,1.);
#265=CYLINDRICAL_SURFACE('',#1306,1.);
#266=CYLINDRICAL_SURFACE('',#1315,1.);
#267=CYLINDRICAL_SURFACE('',#1319,1.);
#268=CYLINDRICAL_SURFACE('',#1321,1.);
#269=CYLINDRICAL_SURFACE('',#1323,0.5);
#270=CYLINDRICAL_SURFACE('',#1328,0.5);
#271=CYLINDRICAL_SURFACE('',#1332,0.5);
#272=CYLINDRICAL_SURFACE('',#1337,0.5);
#273=CYLINDRICAL_SURFACE('',#1339,0.5);
#274=CYLINDRICAL_SURFACE('',#1341,0.5);
#275=CYLINDRICAL_SURFACE('',#1349,0.5);
#276=CYLINDRICAL_SURFACE('',#1352,0.5);
#277=CYLINDRICAL_SURFACE('',#1374,3.);
#278=CYLINDRICAL_SURFACE('',#1376,3.);
#279=CYLINDRICAL_SURFACE('',#1380,1.);
#280=CYLINDRICAL_SURFACE('',#1387,1.);
#281=CYLINDRICAL_SURFACE('',#1393,1.);
#282=CYLINDRICAL_SURFACE('',#1399,1.);
#283=CYLINDRICAL_SURFACE('',#1404,2.);
#284=CYLINDRICAL_SURFACE('',#1407,2.);
#285=CYLINDRICAL_SURFACE('',#1411,2.);
#286=CYLINDRICAL_SURFACE('',#1415,2.);
#287=CYLINDRICAL_SURFACE('',#1420,3.925);
#288=CYLINDRICAL_SURFACE('',#1429,3.);
#289=CYLINDRICAL_SURFACE('',#1430,3.);
#290=FACE_OUTER_BOUND('',#366,.T.);
#291=FACE_OUTER_BOUND('',#367,.T.);
#292=FACE_OUTER_BOUND('',#368,.T.);
#293=FACE_OUTER_BOUND('',#369,.T.);
#294=FACE_OUTER_BOUND('',#370,.T.);
#295=FACE_OUTER_BOUND('',#371,.T.);
#296=FACE_OUTER_BOUND('',#372,.T.);
#297=FACE_OUTER_BOUND('',#373,.T.);
#298=FACE_OUTER_BOUND('',#374,.T.);
#299=FACE_OUTER_BOUND('',#375,.T.);
#300=FACE_OUTER_BOUND('',#376,.T.);
#301=FACE_OUTER_BOUND('',#377,.T.);
#302=FACE_OUTER_BOUND('',#378,.T.);
#303=FACE_OUTER_BOUND('',#379,.T.);
#304=FACE_OUTER_BOUND('',#380,.T.);
#305=FACE_OUTER_BOUND('',#381,.T.);
#306=FACE_OUTER_BOUND('',#382,.T.);
#307=FACE_OUTER_BOUND('',#383,.T.);
#308=FACE_OUTER_BOUND('',#384,.T.);
#309=FACE_OUTER_BOUND('',#385,.T.);
#310=FACE_OUTER_BOUND('',#387,.T.);
#311=FACE_OUTER_BOUND('',#388,.T.);
#312=FACE_OUTER_BOUND('',#389,.T.);
#313=FACE_OUTER_BOUND('',#390,.T.);
#314=FACE_OUTER_BOUND('',#391,.T.);
#315=FACE_OUTER_BOUND('',#392,.T.);
#316=FACE_OUTER_BOUND('',#393,.T.);
#317=FACE_OUTER_BOUND('',#395,.T.);
#318=FACE_OUTER_BOUND('',#396,.T.);
#319=FACE_OUTER_BOUND('',#397,.T.);
#320=FACE_OUTER_BOUND('',#398,.T.);
#321=FACE_OUTER_BOUND('',#399,.T.);
#322=FACE_OUTER_BOUND('',#400,.T.);
#323=FACE_OUTER_BOUND('',#401,.T.);
#324=FACE_OUTER_BOUND('',#402,.T.);
#325=FACE_OUTER_BOUND('',#403,.T.);
#326=FACE_OUTER_BOUND('',#404,.T.);
#327=FACE_OUTER_BOUND('',#405,.T.);
#328=FACE_OUTER_BOUND('',#406,.T.);
#329=FACE_OUTER_BOUND('',#407,.T.);
#330=FACE_OUTER_BOUND('',#408,.T.);
#331=FACE_OUTER_BOUND('',#409,.T.);
#332=FACE_OUTER_BOUND('',#410,.T.);
#333=FACE_OUTER_BOUND('',#411,.T.);
#334=FACE_OUTER_BOUND('',#412,.T.);
#335=FACE_OUTER_BOUND('',#413,.T.);
#336=FACE_OUTER_BOUND('',#415,.T.);
#337=FACE_OUTER_BOUND('',#416,.T.);
#338=FACE_OUTER_BOUND('',#417,.T.);
#339=FACE_OUTER_BOUND('',#418,.T.);
#340=FACE_OUTER_BOUND('',#419,.T.);
#341=FACE_OUTER_BOUND('',#420,.T.);
#342=FACE_OUTER_BOUND('',#421,.T.);
#343=FACE_OUTER_BOUND('',#422,.T.);
#344=FACE_OUTER_BOUND('',#423,.T.);
#345=FACE_OUTER_BOUND('',#424,.T.);
#346=FACE_OUTER_BOUND('',#425,.T.);
#347=FACE_OUTER_BOUND('',#426,.T.);
#348=FACE_OUTER_BOUND('',#427,.T.);
#349=FACE_OUTER_BOUND('',#428,.T.);
#350=FACE_OUTER_BOUND('',#430,.T.);
#351=FACE_OUTER_BOUND('',#431,.T.);
#352=FACE_OUTER_BOUND('',#432,.T.);
#353=FACE_OUTER_BOUND('',#433,.T.);
#354=FACE_OUTER_BOUND('',#434,.T.);
#355=FACE_OUTER_BOUND('',#435,.T.);
#356=FACE_OUTER_BOUND('',#436,.T.);
#357=FACE_OUTER_BOUND('',#437,.T.);
#358=FACE_OUTER_BOUND('',#438,.T.);
#359=FACE_OUTER_BOUND('',#439,.T.);
#360=FACE_OUTER_BOUND('',#440,.T.);
#361=FACE_OUTER_BOUND('',#442,.T.);
#362=FACE_OUTER_BOUND('',#443,.T.);
#363=FACE_OUTER_BOUND('',#444,.T.);
#364=FACE_OUTER_BOUND('',#445,.T.);
#365=FACE_OUTER_BOUND('',#446,.T.);
#366=EDGE_LOOP('',(#828,#829,#830,#831));
#367=EDGE_LOOP('',(#832,#833,#834,#835));
#368=EDGE_LOOP('',(#836,#837,#838,#839));
#369=EDGE_LOOP('',(#840,#841,#842));
#370=EDGE_LOOP('',(#843,#844,#845,#846));
#371=EDGE_LOOP('',(#847,#848,#849));
#372=EDGE_LOOP('',(#850,#851,#852,#853,#854,#855,#856,#857,#858,#859,#860,
#861));
#373=EDGE_LOOP('',(#862,#863,#864,#865));
#374=EDGE_LOOP('',(#866,#867,#868,#869));
#375=EDGE_LOOP('',(#870,#871,#872,#873));
#376=EDGE_LOOP('',(#874,#875,#876));
#377=EDGE_LOOP('',(#877,#878,#879,#880));
#378=EDGE_LOOP('',(#881,#882,#883));
#379=EDGE_LOOP('',(#884,#885,#886,#887));
#380=EDGE_LOOP('',(#888,#889,#890,#891));
#381=EDGE_LOOP('',(#892,#893,#894,#895));
#382=EDGE_LOOP('',(#896,#897,#898,#899));
#383=EDGE_LOOP('',(#900,#901,#902,#903));
#384=EDGE_LOOP('',(#904,#905,#906,#907));
#385=EDGE_LOOP('',(#908,#909,#910,#911,#912,#913));
#386=EDGE_LOOP('',(#914,#915,#916,#917));
#387=EDGE_LOOP('',(#918,#919,#920,#921));
#388=EDGE_LOOP('',(#922,#923,#924,#925));
#389=EDGE_LOOP('',(#926,#927,#928,#929));
#390=EDGE_LOOP('',(#930,#931,#932,#933));
#391=EDGE_LOOP('',(#934,#935,#936,#937));
#392=EDGE_LOOP('',(#938,#939,#940,#941));
#393=EDGE_LOOP('',(#942,#943,#944,#945,#946,#947));
#394=EDGE_LOOP('',(#948,#949,#950,#951));
#395=EDGE_LOOP('',(#952,#953,#954,#955));
#396=EDGE_LOOP('',(#956,#957,#958,#959));
#397=EDGE_LOOP('',(#960,#961,#962,#963));
#398=EDGE_LOOP('',(#964,#965,#966,#967));
#399=EDGE_LOOP('',(#968,#969,#970,#971));
#400=EDGE_LOOP('',(#972,#973,#974,#975));
#401=EDGE_LOOP('',(#976,#977,#978,#979,#980,#981,#982,#983,#984,#985,#986,
#987));
#402=EDGE_LOOP('',(#988,#989,#990,#991));
#403=EDGE_LOOP('',(#992,#993,#994,#995));
#404=EDGE_LOOP('',(#996,#997,#998,#999));
#405=EDGE_LOOP('',(#1000,#1001,#1002,#1003));
#406=EDGE_LOOP('',(#1004,#1005,#1006,#1007));
#407=EDGE_LOOP('',(#1008,#1009,#1010,#1011));
#408=EDGE_LOOP('',(#1012,#1013,#1014,#1015));
#409=EDGE_LOOP('',(#1016,#1017,#1018,#1019));
#410=EDGE_LOOP('',(#1020,#1021,#1022,#1023));
#411=EDGE_LOOP('',(#1024,#1025,#1026,#1027,#1028,#1029,#1030,#1031));
#412=EDGE_LOOP('',(#1032,#1033,#1034,#1035));
#413=EDGE_LOOP('',(#1036,#1037,#1038,#1039));
#414=EDGE_LOOP('',(#1040));
#415=EDGE_LOOP('',(#1041,#1042,#1043,#1044,#1045,#1046,#1047,#1048));
#416=EDGE_LOOP('',(#1049,#1050,#1051,#1052));
#417=EDGE_LOOP('',(#1053,#1054,#1055,#1056));
#418=EDGE_LOOP('',(#1057,#1058,#1059,#1060));
#419=EDGE_LOOP('',(#1061,#1062,#1063,#1064));
#420=EDGE_LOOP('',(#1065,#1066,#1067,#1068));
#421=EDGE_LOOP('',(#1069,#1070,#1071,#1072));
#422=EDGE_LOOP('',(#1073,#1074,#1075,#1076));
#423=EDGE_LOOP('',(#1077,#1078,#1079,#1080));
#424=EDGE_LOOP('',(#1081,#1082,#1083,#1084));
#425=EDGE_LOOP('',(#1085,#1086,#1087,#1088));
#426=EDGE_LOOP('',(#1089,#1090,#1091,#1092));
#427=EDGE_LOOP('',(#1093,#1094,#1095,#1096));
#428=EDGE_LOOP('',(#1097,#1098,#1099,#1100));
#429=EDGE_LOOP('',(#1101,#1102,#1103,#1104,#1105,#1106,#1107,#1108));
#430=EDGE_LOOP('',(#1109,#1110,#1111,#1112,#1113));
#431=EDGE_LOOP('',(#1114,#1115,#1116,#1117));
#432=EDGE_LOOP('',(#1118,#1119,#1120,#1121,#1122));
#433=EDGE_LOOP('',(#1123,#1124,#1125,#1126));
#434=EDGE_LOOP('',(#1127,#1128,#1129,#1130));
#435=EDGE_LOOP('',(#1131,#1132,#1133,#1134));
#436=EDGE_LOOP('',(#1135,#1136,#1137,#1138,#1139,#1140));
#437=EDGE_LOOP('',(#1141,#1142,#1143,#1144));
#438=EDGE_LOOP('',(#1145,#1146,#1147,#1148));
#439=EDGE_LOOP('',(#1149,#1150,#1151,#1152));
#440=EDGE_LOOP('',(#1153,#1154,#1155,#1156,#1157,#1158,#1159,#1160));
#441=EDGE_LOOP('',(#1161));
#442=EDGE_LOOP('',(#1162,#1163,#1164,#1165,#1166,#1167,#1168,#1169,#1170,
#1171,#1172,#1173,#1174,#1175,#1176,#1177));
#443=EDGE_LOOP('',(#1178,#1179,#1180,#1181));
#444=EDGE_LOOP('',(#1182,#1183,#1184,#1185));
#445=EDGE_LOOP('',(#1186,#1187,#1188,#1189));
#446=EDGE_LOOP('',(#1190,#1191,#1192,#1193,#1194,#1195,#1196,#1197));
#447=B_SPLINE_CURVE_WITH_KNOTS('',3,(#1839,#1840,#1841,#1842,#1843,#1844,
#1845),.UNSPECIFIED.,.F.,.F.,(4,3,4),(0.,0.0899893796832769,0.157481414445735),
 .UNSPECIFIED.);
#448=B_SPLINE_CURVE_WITH_KNOTS('',3,(#1880,#1881,#1882,#1883,#1884,#1885,
#1886),.UNSPECIFIED.,.F.,.F.,(4,3,4),(0.,0.0674920347624576,0.157481414445734),
 .UNSPECIFIED.);
#449=B_SPLINE_CURVE_WITH_KNOTS('',3,(#1911,#1912,#1913,#1914,#1915,#1916,
#1917),.UNSPECIFIED.,.F.,.F.,(4,3,4),(0.,0.0674920347624585,0.157481414445737),
 .UNSPECIFIED.);
#450=B_SPLINE_CURVE_WITH_KNOTS('',3,(#1956,#1957,#1958,#1959,#1960,#1961,
#1962),.UNSPECIFIED.,.F.,.F.,(4,3,4),(0.,0.0899893796832777,0.157481414445736),
 .UNSPECIFIED.);
#451=B_SPLINE_CURVE_WITH_KNOTS('',3,(#2045,#2046,#2047,#2048,#2049,#2050,
#2051),.UNSPECIFIED.,.F.,.F.,(4,1,1,1,4),(-0.393340638647582,-0.337149118840784,
-0.22476607922719,-0.112383039613595,1.04540652216684E-17),
 .UNSPECIFIED.);
#452=B_SPLINE_CURVE_WITH_KNOTS('',3,(#2052,#2053,#2054,#2055,#2056,#2057,
#2058),.UNSPECIFIED.,.F.,.F.,(4,1,1,1,4),(-1.04540652216684E-17,0.112383039613595,
0.22476607922719,0.337149118840784,0.393340638647582),.UNSPECIFIED.);
#453=B_SPLINE_CURVE_WITH_KNOTS('',3,(#2090,#2091,#2092,#2093,#2094,#2095,
#2096),.UNSPECIFIED.,.F.,.F.,(4,1,1,1,4),(0.393340638647582,0.505781989668268,
0.562002665178611,0.674444016199296,0.786885367219982),.UNSPECIFIED.);
#454=B_SPLINE_CURVE_WITH_KNOTS('',3,(#2097,#2098,#2099,#2100,#2101,#2102,
#2103),.UNSPECIFIED.,.F.,.F.,(4,1,1,1,4),(-0.786885367219982,-0.674444016199296,
-0.562002665178611,-0.505781989668268,-0.393340638647582),.UNSPECIFIED.);
#455=B_SPLINE_CURVE_WITH_KNOTS('',3,(#2171,#2172,#2173,#2174,#2175,#2176,
#2177),.UNSPECIFIED.,.F.,.F.,(4,1,1,1,4),(-0.189523411232939,-0.0811676312227171,
0.0271881487875051,0.135543928797727,0.189721818802839),.UNSPECIFIED.);
#456=B_SPLINE_CURVE_WITH_KNOTS('',3,(#2180,#2181,#2182,#2183,#2184,#2185,
#2186,#2187,#2188,#2189,#2190,#2191,#2192,#2193,#2194,#2195,#2196,#2197,
#2198,#2199,#2200,#2201,#2202,#2203,#2204,#2205,#2206,#2207,#2208,#2209,
#2210,#2211,#2212,#2213,#2214,#2215,#2216,#2217,#2218,#2219,#2220,#2221,
#2222,#2223,#2224,#2225,#2226,#2227,#2228,#2229,#2230,#2231,#2232,#2233,
#2234,#2235,#2236,#2237,#2238,#2239,#2240,#2241,#2242,#2243,#2244,#2245,
#2246,#2247,#2248,#2249,#2250,#2251,#2252,#2253,#2254,#2255,#2256,#2257,
#2258,#2259,#2260,#2261,#2262,#2263,#2264,#2265,#2266,#2267,#2268,#2269,
#2270,#2271,#2272,#2273,#2274,#2275,#2276,#2277,#2278,#2279,#2280,#2281,
#2282,#2283,#2284,#2285,#2286,#2287,#2288,#2289,#2290,#2291,#2292,#2293,
#2294),.UNSPECIFIED.,.F.,.F.,(4,3,3,3,3,3,3,3,3,3,3,3,3,3,3,3,3,3,3,3,3,
3,3,3,3,3,3,3,3,3,3,3,3,3,3,3,3,3,4),(-0.189721818802838,-0.175413182003601,
-0.161329330396499,-0.147510660182057,-0.135486925299357,-0.123471297027139,
-0.11124272569699,-0.100527894958385,-0.0871293627723806,-0.0736535637232089,
-0.0602923724350694,-0.0535451297347119,-0.0419296787627792,-0.030432240587422,
-0.0273310194548513,-0.0267725648673561,-0.0158972630990586,-0.00495174357276308,
0.,0.0138929808759051,0.0278757635834065,0.0417159898607787,0.0469827652236724,
0.0593479750539161,0.0714843126335174,0.0809959646415706,0.0876794081573905,
0.0930871927440403,0.0953447499534022,0.108961417850394,0.122744284173326,
0.136491456456684,0.140717795223719,0.142761206916372,0.155728456658962,
0.168612007001628,0.181185170197572,0.18793106089469,0.189523411232939),
 .UNSPECIFIED.);
#457=B_SPLINE_CURVE_WITH_KNOTS('',3,(#2335,#2336,#2337,#2338,#2339,#2340,
#2341),.UNSPECIFIED.,.F.,.F.,(4,1,1,1,4),(-0.379044967830196,-0.324895686711597,
-0.216597124474398,-0.108298562237199,1.63561865921003E-18),
 .UNSPECIFIED.);
#458=B_SPLINE_CURVE_WITH_KNOTS('',3,(#2342,#2343,#2344,#2345,#2346,#2347,
#2348),.UNSPECIFIED.,.F.,.F.,(4,1,1,1,4),(-1.63561865921003E-18,0.108298562237199,
0.216597124474398,0.324895686711597,0.379044967830196),.UNSPECIFIED.);
#459=ELLIPSE('',#1297,2.3094010767585,2.);
#460=ELLIPSE('',#1298,1.52752523165195,1.);
#461=ELLIPSE('',#1301,2.3094010767585,2.);
#462=ELLIPSE('',#1302,1.52752523165195,1.);
#463=ELLIPSE('',#1304,2.,1.);
#464=ELLIPSE('',#1307,2.,1.);
#465=ELLIPSE('',#1311,2.,1.);
#466=ELLIPSE('',#1313,2.3094010767585,2.);
#467=ELLIPSE('',#1314,1.52752523165195,1.);
#468=ELLIPSE('',#1317,2.3094010767585,2.);
#469=ELLIPSE('',#1318,1.52752523165195,1.);
#470=ELLIPSE('',#1322,2.,1.);
#471=CIRCLE('',#1296,1.);
#472=CIRCLE('',#1300,0.999999999999998);
#473=CIRCLE('',#1309,3.);
#474=CIRCLE('',#1310,3.);
#475=CIRCLE('',#1312,1.);
#476=CIRCLE('',#1316,1.);
#477=CIRCLE('',#1324,0.5);
#478=CIRCLE('',#1325,0.500000000000003);
#479=CIRCLE('',#1326,0.5);
#480=CIRCLE('',#1327,0.5);
#481=CIRCLE('',#1329,0.499999999999998);
#482=CIRCLE('',#1330,0.5);
#483=CIRCLE('',#1331,0.499999999999998);
#484=CIRCLE('',#1333,0.5);
#485=CIRCLE('',#1335,0.5);
#486=CIRCLE('',#1336,0.5);
#487=CIRCLE('',#1338,0.5);
#488=CIRCLE('',#1340,0.5);
#489=CIRCLE('',#1342,0.5);
#490=CIRCLE('',#1343,0.5);
#491=CIRCLE('',#1344,0.499999999999998);
#492=CIRCLE('',#1345,0.5);
#493=CIRCLE('',#1347,0.5);
#494=CIRCLE('',#1348,0.5);
#495=CIRCLE('',#1350,0.499999999999998);
#496=CIRCLE('',#1351,0.5);
#497=CIRCLE('',#1356,3.);
#498=CIRCLE('',#1357,3.);
#499=CIRCLE('',#1360,3.);
#500=CIRCLE('',#1361,2.);
#501=CIRCLE('',#1364,3.);
#502=CIRCLE('',#1365,2.);
#503=CIRCLE('',#1368,3.);
#504=CIRCLE('',#1369,2.);
#505=CIRCLE('',#1372,3.);
#506=CIRCLE('',#1373,2.);
#507=CIRCLE('',#1378,3.925);
#508=CIRCLE('',#1381,1.00000000000001);
#509=CIRCLE('',#1382,1.);
#510=CIRCLE('',#1384,1.);
#511=CIRCLE('',#1385,3.);
#512=CIRCLE('',#1386,2.);
#513=CIRCLE('',#1388,1.);
#514=CIRCLE('',#1390,1.);
#515=CIRCLE('',#1391,3.);
#516=CIRCLE('',#1392,2.);
#517=CIRCLE('',#1394,1.);
#518=CIRCLE('',#1396,1.);
#519=CIRCLE('',#1397,3.);
#520=CIRCLE('',#1398,2.);
#521=CIRCLE('',#1400,1.);
#522=CIRCLE('',#1402,2.);
#523=CIRCLE('',#1403,3.);
#524=CIRCLE('',#1405,2.);
#525=CIRCLE('',#1408,2.);
#526=CIRCLE('',#1412,2.);
#527=CIRCLE('',#1413,2.);
#528=CIRCLE('',#1416,2.);
#529=CIRCLE('',#1417,2.);
#530=CIRCLE('',#1421,3.925);
#531=VERTEX_POINT('',#1833);
#532=VERTEX_POINT('',#1834);
#533=VERTEX_POINT('',#1836);
#534=VERTEX_POINT('',#1838);
#535=VERTEX_POINT('',#1848);
#536=VERTEX_POINT('',#1849);
#537=VERTEX_POINT('',#1878);
#538=VERTEX_POINT('',#1879);
#539=VERTEX_POINT('',#1890);
#540=VERTEX_POINT('',#1894);
#541=VERTEX_POINT('',#1900);
#542=VERTEX_POINT('',#1902);
#543=VERTEX_POINT('',#1904);
#544=VERTEX_POINT('',#1906);
#545=VERTEX_POINT('',#1908);
#546=VERTEX_POINT('',#1910);
#547=VERTEX_POINT('',#1918);
#548=VERTEX_POINT('',#1920);
#549=VERTEX_POINT('',#1922);
#550=VERTEX_POINT('',#1950);
#551=VERTEX_POINT('',#1951);
#552=VERTEX_POINT('',#1953);
#553=VERTEX_POINT('',#1955);
#554=VERTEX_POINT('',#1965);
#555=VERTEX_POINT('',#1966);
#556=VERTEX_POINT('',#2000);
#557=VERTEX_POINT('',#2006);
#558=VERTEX_POINT('',#2007);
#559=VERTEX_POINT('',#2009);
#560=VERTEX_POINT('',#2011);
#561=VERTEX_POINT('',#2042);
#562=VERTEX_POINT('',#2043);
#563=VERTEX_POINT('',#2087);
#564=VERTEX_POINT('',#2088);
#565=VERTEX_POINT('',#2122);
#566=VERTEX_POINT('',#2124);
#567=VERTEX_POINT('',#2128);
#568=VERTEX_POINT('',#2132);
#569=VERTEX_POINT('',#2134);
#570=VERTEX_POINT('',#2136);
#571=VERTEX_POINT('',#2167);
#572=VERTEX_POINT('',#2168);
#573=VERTEX_POINT('',#2170);
#574=VERTEX_POINT('',#2178);
#575=VERTEX_POINT('',#2296);
#576=VERTEX_POINT('',#2297);
#577=VERTEX_POINT('',#2302);
#578=VERTEX_POINT('',#2303);
#579=VERTEX_POINT('',#2350);
#580=VERTEX_POINT('',#2352);
#581=VERTEX_POINT('',#2370);
#582=VERTEX_POINT('',#2374);
#583=VERTEX_POINT('',#2376);
#584=VERTEX_POINT('',#2378);
#585=VERTEX_POINT('',#2396);
#586=VERTEX_POINT('',#2416);
#587=VERTEX_POINT('',#2425);
#588=VERTEX_POINT('',#2427);
#589=VERTEX_POINT('',#2429);
#590=VERTEX_POINT('',#2431);
#591=VERTEX_POINT('',#2435);
#592=VERTEX_POINT('',#2436);
#593=VERTEX_POINT('',#2438);
#594=VERTEX_POINT('',#2440);
#595=VERTEX_POINT('',#2444);
#596=VERTEX_POINT('',#2446);
#597=VERTEX_POINT('',#2450);
#598=VERTEX_POINT('',#2451);
#599=VERTEX_POINT('',#2456);
#600=VERTEX_POINT('',#2458);
#601=VERTEX_POINT('',#2462);
#602=VERTEX_POINT('',#2463);
#603=VERTEX_POINT('',#2468);
#604=VERTEX_POINT('',#2470);
#605=VERTEX_POINT('',#2474);
#606=VERTEX_POINT('',#2475);
#607=VERTEX_POINT('',#2491);
#608=VERTEX_POINT('',#2495);
#609=VERTEX_POINT('',#2496);
#610=VERTEX_POINT('',#2498);
#611=VERTEX_POINT('',#2500);
#612=VERTEX_POINT('',#2504);
#613=VERTEX_POINT('',#2505);
#614=VERTEX_POINT('',#2510);
#615=VERTEX_POINT('',#2511);
#616=VERTEX_POINT('',#2516);
#617=VERTEX_POINT('',#2517);
#618=VERTEX_POINT('',#2522);
#619=VERTEX_POINT('',#2523);
#620=VERTEX_POINT('',#2528);
#621=VERTEX_POINT('',#2529);
#622=VERTEX_POINT('',#2534);
#623=VERTEX_POINT('',#2535);
#624=VERTEX_POINT('',#2543);
#625=VERTEX_POINT('',#2545);
#626=VERTEX_POINT('',#2549);
#627=VERTEX_POINT('',#2553);
#628=VERTEX_POINT('',#2557);
#629=VERTEX_POINT('',#2563);
#630=VERTEX_POINT('',#2565);
#631=VERTEX_POINT('',#2567);
#632=VERTEX_POINT('',#2573);
#633=VERTEX_POINT('',#2575);
#634=VERTEX_POINT('',#2583);
#635=VERTEX_POINT('',#2587);
#636=VERTEX_POINT('',#2589);
#637=VERTEX_POINT('',#2591);
#638=VERTEX_POINT('',#2593);
#639=VERTEX_POINT('',#2597);
#640=VERTEX_POINT('',#2599);
#641=VERTEX_POINT('',#2603);
#642=VERTEX_POINT('',#2605);
#643=EDGE_CURVE('',#531,#532,#471,.T.);
#644=EDGE_CURVE('',#532,#533,#459,.T.);
#645=EDGE_CURVE('',#533,#534,#447,.T.);
#646=EDGE_CURVE('',#534,#531,#460,.T.);
#647=EDGE_CURVE('',#535,#536,#472,.T.);
#648=EDGE_CURVE('',#536,#532,#61,.T.);
#649=EDGE_CURVE('',#531,#535,#62,.T.);
#650=EDGE_CURVE('',#537,#538,#448,.T.);
#651=EDGE_CURVE('',#538,#536,#461,.T.);
#652=EDGE_CURVE('',#535,#537,#462,.T.);
#653=EDGE_CURVE('',#535,#539,#63,.T.);
#654=EDGE_CURVE('',#539,#537,#463,.T.);
#655=EDGE_CURVE('',#540,#531,#64,.T.);
#656=EDGE_CURVE('',#540,#539,#65,.T.);
#657=EDGE_CURVE('',#540,#534,#464,.F.);
#658=EDGE_CURVE('',#533,#541,#66,.T.);
#659=EDGE_CURVE('',#542,#541,#473,.T.);
#660=EDGE_CURVE('',#542,#543,#67,.T.);
#661=EDGE_CURVE('',#544,#543,#474,.T.);
#662=EDGE_CURVE('',#544,#545,#68,.T.);
#663=EDGE_CURVE('',#546,#545,#449,.T.);
#664=EDGE_CURVE('',#547,#546,#465,.T.);
#665=EDGE_CURVE('',#547,#548,#69,.T.);
#666=EDGE_CURVE('',#548,#549,#70,.T.);
#667=EDGE_CURVE('',#549,#540,#71,.T.);
#668=EDGE_CURVE('',#550,#551,#475,.T.);
#669=EDGE_CURVE('',#551,#552,#466,.T.);
#670=EDGE_CURVE('',#552,#553,#450,.T.);
#671=EDGE_CURVE('',#553,#550,#467,.T.);
#672=EDGE_CURVE('',#554,#555,#476,.T.);
#673=EDGE_CURVE('',#555,#551,#72,.T.);
#674=EDGE_CURVE('',#550,#554,#73,.T.);
#675=EDGE_CURVE('',#545,#555,#468,.T.);
#676=EDGE_CURVE('',#554,#546,#469,.T.);
#677=EDGE_CURVE('',#554,#547,#74,.T.);
#678=EDGE_CURVE('',#556,#550,#75,.T.);
#679=EDGE_CURVE('',#556,#547,#76,.T.);
#680=EDGE_CURVE('',#556,#553,#470,.F.);
#681=EDGE_CURVE('',#557,#558,#477,.T.);
#682=EDGE_CURVE('',#558,#559,#77,.T.);
#683=EDGE_CURVE('',#559,#560,#478,.T.);
#684=EDGE_CURVE('',#560,#557,#78,.T.);
#685=EDGE_CURVE('',#561,#562,#479,.T.);
#686=EDGE_CURVE('',#562,#558,#451,.T.);
#687=EDGE_CURVE('',#557,#561,#452,.T.);
#688=EDGE_CURVE('',#563,#564,#480,.T.);
#689=EDGE_CURVE('',#564,#560,#453,.T.);
#690=EDGE_CURVE('',#559,#563,#454,.T.);
#691=EDGE_CURVE('',#563,#562,#79,.T.);
#692=EDGE_CURVE('',#561,#564,#80,.T.);
#693=EDGE_CURVE('',#565,#559,#481,.T.);
#694=EDGE_CURVE('',#566,#565,#482,.T.);
#695=EDGE_CURVE('',#566,#563,#483,.T.);
#696=EDGE_CURVE('',#558,#567,#484,.T.);
#697=EDGE_CURVE('',#565,#567,#81,.T.);
#698=EDGE_CURVE('',#568,#556,#82,.T.);
#699=EDGE_CURVE('',#568,#569,#83,.T.);
#700=EDGE_CURVE('',#569,#570,#84,.T.);
#701=EDGE_CURVE('',#548,#570,#85,.T.);
#702=EDGE_CURVE('',#571,#572,#485,.T.);
#703=EDGE_CURVE('',#572,#573,#455,.T.);
#704=EDGE_CURVE('',#573,#574,#486,.T.);
#705=EDGE_CURVE('',#574,#571,#456,.T.);
#706=EDGE_CURVE('',#575,#576,#487,.T.);
#707=EDGE_CURVE('',#576,#572,#86,.T.);
#708=EDGE_CURVE('',#571,#575,#87,.T.);
#709=EDGE_CURVE('',#577,#578,#488,.T.);
#710=EDGE_CURVE('',#578,#574,#88,.T.);
#711=EDGE_CURVE('',#573,#577,#89,.T.);
#712=EDGE_CURVE('',#577,#576,#457,.T.);
#713=EDGE_CURVE('',#575,#578,#458,.T.);
#714=EDGE_CURVE('',#573,#579,#489,.T.);
#715=EDGE_CURVE('',#580,#579,#90,.T.);
#716=EDGE_CURVE('',#577,#580,#490,.T.);
#717=EDGE_CURVE('',#581,#572,#491,.T.);
#718=EDGE_CURVE('',#579,#581,#492,.T.);
#719=EDGE_CURVE('',#549,#582,#91,.T.);
#720=EDGE_CURVE('',#582,#583,#92,.T.);
#721=EDGE_CURVE('',#584,#583,#93,.T.);
#722=EDGE_CURVE('',#539,#584,#94,.T.);
#723=EDGE_CURVE('',#585,#580,#493,.T.);
#724=EDGE_CURVE('',#576,#585,#494,.T.);
#725=EDGE_CURVE('',#581,#585,#95,.T.);
#726=EDGE_CURVE('',#586,#562,#495,.T.);
#727=EDGE_CURVE('',#567,#586,#496,.T.);
#728=EDGE_CURVE('',#586,#566,#96,.T.);
#729=EDGE_CURVE('',#584,#568,#97,.T.);
#730=EDGE_CURVE('',#552,#587,#98,.T.);
#731=EDGE_CURVE('',#588,#587,#497,.T.);
#732=EDGE_CURVE('',#588,#589,#99,.T.);
#733=EDGE_CURVE('',#590,#589,#498,.T.);
#734=EDGE_CURVE('',#590,#538,#100,.T.);
#735=EDGE_CURVE('',#591,#592,#101,.T.);
#736=EDGE_CURVE('',#592,#593,#102,.T.);
#737=EDGE_CURVE('',#593,#594,#103,.T.);
#738=EDGE_CURVE('',#594,#591,#104,.T.);
#739=EDGE_CURVE('',#591,#595,#499,.T.);
#740=EDGE_CURVE('',#595,#596,#105,.T.);
#741=EDGE_CURVE('',#596,#592,#500,.T.);
#742=EDGE_CURVE('',#597,#598,#106,.T.);
#743=EDGE_CURVE('',#598,#596,#107,.T.);
#744=EDGE_CURVE('',#595,#597,#108,.T.);
#745=EDGE_CURVE('',#597,#599,#501,.T.);
#746=EDGE_CURVE('',#599,#600,#109,.T.);
#747=EDGE_CURVE('',#600,#598,#502,.T.);
#748=EDGE_CURVE('',#601,#602,#110,.T.);
#749=EDGE_CURVE('',#602,#600,#111,.T.);
#750=EDGE_CURVE('',#599,#601,#112,.T.);
#751=EDGE_CURVE('',#601,#603,#503,.T.);
#752=EDGE_CURVE('',#603,#604,#113,.T.);
#753=EDGE_CURVE('',#604,#602,#504,.T.);
#754=EDGE_CURVE('',#605,#606,#114,.T.);
#755=EDGE_CURVE('',#606,#604,#115,.T.);
#756=EDGE_CURVE('',#603,#605,#116,.T.);
#757=EDGE_CURVE('',#605,#594,#505,.T.);
#758=EDGE_CURVE('',#593,#606,#506,.T.);
#759=EDGE_CURVE('',#597,#590,#117,.T.);
#760=EDGE_CURVE('',#589,#599,#118,.T.);
#761=EDGE_CURVE('',#541,#595,#119,.T.);
#762=EDGE_CURVE('',#591,#542,#120,.T.);
#763=EDGE_CURVE('',#543,#594,#121,.T.);
#764=EDGE_CURVE('',#607,#607,#507,.T.);
#765=EDGE_CURVE('',#608,#609,#508,.T.);
#766=EDGE_CURVE('',#609,#610,#122,.T.);
#767=EDGE_CURVE('',#610,#611,#509,.T.);
#768=EDGE_CURVE('',#611,#608,#123,.T.);
#769=EDGE_CURVE('',#612,#613,#510,.T.);
#770=EDGE_CURVE('',#613,#611,#511,.T.);
#771=EDGE_CURVE('',#610,#612,#512,.T.);
#772=EDGE_CURVE('',#614,#615,#513,.T.);
#773=EDGE_CURVE('',#615,#613,#124,.T.);
#774=EDGE_CURVE('',#612,#614,#125,.T.);
#775=EDGE_CURVE('',#616,#617,#514,.T.);
#776=EDGE_CURVE('',#617,#615,#515,.T.);
#777=EDGE_CURVE('',#614,#616,#516,.T.);
#778=EDGE_CURVE('',#618,#619,#517,.T.);
#779=EDGE_CURVE('',#619,#617,#126,.T.);
#780=EDGE_CURVE('',#616,#618,#127,.T.);
#781=EDGE_CURVE('',#620,#621,#518,.T.);
#782=EDGE_CURVE('',#621,#619,#519,.T.);
#783=EDGE_CURVE('',#618,#620,#520,.T.);
#784=EDGE_CURVE('',#622,#623,#521,.T.);
#785=EDGE_CURVE('',#623,#621,#128,.T.);
#786=EDGE_CURVE('',#620,#622,#129,.T.);
#787=EDGE_CURVE('',#622,#609,#522,.T.);
#788=EDGE_CURVE('',#608,#623,#523,.T.);
#789=EDGE_CURVE('',#614,#624,#130,.T.);
#790=EDGE_CURVE('',#624,#625,#524,.T.);
#791=EDGE_CURVE('',#625,#616,#131,.T.);
#792=EDGE_CURVE('',#626,#612,#132,.T.);
#793=EDGE_CURVE('',#624,#626,#133,.T.);
#794=EDGE_CURVE('',#610,#627,#134,.T.);
#795=EDGE_CURVE('',#627,#626,#525,.T.);
#796=EDGE_CURVE('',#628,#609,#135,.T.);
#797=EDGE_CURVE('',#627,#628,#136,.T.);
#798=EDGE_CURVE('',#601,#588,#137,.T.);
#799=EDGE_CURVE('',#618,#629,#138,.T.);
#800=EDGE_CURVE('',#629,#630,#526,.T.);
#801=EDGE_CURVE('',#631,#630,#527,.T.);
#802=EDGE_CURVE('',#631,#620,#139,.T.);
#803=EDGE_CURVE('',#629,#625,#140,.T.);
#804=EDGE_CURVE('',#622,#632,#141,.T.);
#805=EDGE_CURVE('',#633,#632,#528,.T.);
#806=EDGE_CURVE('',#628,#633,#529,.F.);
#807=EDGE_CURVE('',#630,#633,#142,.T.);
#808=EDGE_CURVE('',#631,#632,#143,.T.);
#809=EDGE_CURVE('',#607,#634,#144,.T.);
#810=EDGE_CURVE('',#634,#634,#530,.T.);
#811=EDGE_CURVE('',#635,#630,#145,.T.);
#812=EDGE_CURVE('',#636,#635,#146,.T.);
#813=EDGE_CURVE('',#637,#636,#147,.T.);
#814=EDGE_CURVE('',#638,#637,#148,.T.);
#815=EDGE_CURVE('',#633,#638,#149,.T.);
#816=EDGE_CURVE('',#635,#639,#150,.T.);
#817=EDGE_CURVE('',#639,#640,#151,.T.);
#818=EDGE_CURVE('',#636,#640,#152,.T.);
#819=EDGE_CURVE('',#637,#641,#153,.T.);
#820=EDGE_CURVE('',#641,#642,#154,.T.);
#821=EDGE_CURVE('',#638,#642,#155,.T.);
#822=EDGE_CURVE('',#642,#569,#156,.T.);
#823=EDGE_CURVE('',#570,#641,#157,.T.);
#824=EDGE_CURVE('',#640,#582,#158,.T.);
#825=EDGE_CURVE('',#583,#639,#159,.T.);
#826=EDGE_CURVE('',#587,#603,#160,.T.);
#827=EDGE_CURVE('',#605,#544,#161,.T.);
#828=ORIENTED_EDGE('',*,*,#643,.T.);
#829=ORIENTED_EDGE('',*,*,#644,.T.);
#830=ORIENTED_EDGE('',*,*,#645,.T.);
#831=ORIENTED_EDGE('',*,*,#646,.T.);
#832=ORIENTED_EDGE('',*,*,#647,.T.);
#833=ORIENTED_EDGE('',*,*,#648,.T.);
#834=ORIENTED_EDGE('',*,*,#643,.F.);
#835=ORIENTED_EDGE('',*,*,#649,.T.);
#836=ORIENTED_EDGE('',*,*,#650,.T.);
#837=ORIENTED_EDGE('',*,*,#651,.T.);
#838=ORIENTED_EDGE('',*,*,#647,.F.);
#839=ORIENTED_EDGE('',*,*,#652,.T.);
#840=ORIENTED_EDGE('',*,*,#652,.F.);
#841=ORIENTED_EDGE('',*,*,#653,.T.);
#842=ORIENTED_EDGE('',*,*,#654,.T.);
#843=ORIENTED_EDGE('',*,*,#649,.F.);
#844=ORIENTED_EDGE('',*,*,#655,.F.);
#845=ORIENTED_EDGE('',*,*,#656,.T.);
#846=ORIENTED_EDGE('',*,*,#653,.F.);
#847=ORIENTED_EDGE('',*,*,#646,.F.);
#848=ORIENTED_EDGE('',*,*,#657,.F.);
#849=ORIENTED_EDGE('',*,*,#655,.T.);
#850=ORIENTED_EDGE('',*,*,#645,.F.);
#851=ORIENTED_EDGE('',*,*,#658,.T.);
#852=ORIENTED_EDGE('',*,*,#659,.F.);
#853=ORIENTED_EDGE('',*,*,#660,.T.);
#854=ORIENTED_EDGE('',*,*,#661,.F.);
#855=ORIENTED_EDGE('',*,*,#662,.T.);
#856=ORIENTED_EDGE('',*,*,#663,.F.);
#857=ORIENTED_EDGE('',*,*,#664,.F.);
#858=ORIENTED_EDGE('',*,*,#665,.T.);
#859=ORIENTED_EDGE('',*,*,#666,.T.);
#860=ORIENTED_EDGE('',*,*,#667,.T.);
#861=ORIENTED_EDGE('',*,*,#657,.T.);
#862=ORIENTED_EDGE('',*,*,#668,.T.);
#863=ORIENTED_EDGE('',*,*,#669,.T.);
#864=ORIENTED_EDGE('',*,*,#670,.T.);
#865=ORIENTED_EDGE('',*,*,#671,.T.);
#866=ORIENTED_EDGE('',*,*,#672,.T.);
#867=ORIENTED_EDGE('',*,*,#673,.T.);
#868=ORIENTED_EDGE('',*,*,#668,.F.);
#869=ORIENTED_EDGE('',*,*,#674,.T.);
#870=ORIENTED_EDGE('',*,*,#663,.T.);
#871=ORIENTED_EDGE('',*,*,#675,.T.);
#872=ORIENTED_EDGE('',*,*,#672,.F.);
#873=ORIENTED_EDGE('',*,*,#676,.T.);
#874=ORIENTED_EDGE('',*,*,#676,.F.);
#875=ORIENTED_EDGE('',*,*,#677,.T.);
#876=ORIENTED_EDGE('',*,*,#664,.T.);
#877=ORIENTED_EDGE('',*,*,#674,.F.);
#878=ORIENTED_EDGE('',*,*,#678,.F.);
#879=ORIENTED_EDGE('',*,*,#679,.T.);
#880=ORIENTED_EDGE('',*,*,#677,.F.);
#881=ORIENTED_EDGE('',*,*,#671,.F.);
#882=ORIENTED_EDGE('',*,*,#680,.F.);
#883=ORIENTED_EDGE('',*,*,#678,.T.);
#884=ORIENTED_EDGE('',*,*,#681,.T.);
#885=ORIENTED_EDGE('',*,*,#682,.T.);
#886=ORIENTED_EDGE('',*,*,#683,.T.);
#887=ORIENTED_EDGE('',*,*,#684,.T.);
#888=ORIENTED_EDGE('',*,*,#685,.T.);
#889=ORIENTED_EDGE('',*,*,#686,.T.);
#890=ORIENTED_EDGE('',*,*,#681,.F.);
#891=ORIENTED_EDGE('',*,*,#687,.T.);
#892=ORIENTED_EDGE('',*,*,#688,.T.);
#893=ORIENTED_EDGE('',*,*,#689,.T.);
#894=ORIENTED_EDGE('',*,*,#683,.F.);
#895=ORIENTED_EDGE('',*,*,#690,.T.);
#896=ORIENTED_EDGE('',*,*,#688,.F.);
#897=ORIENTED_EDGE('',*,*,#691,.T.);
#898=ORIENTED_EDGE('',*,*,#685,.F.);
#899=ORIENTED_EDGE('',*,*,#692,.T.);
#900=ORIENTED_EDGE('',*,*,#690,.F.);
#901=ORIENTED_EDGE('',*,*,#693,.F.);
#902=ORIENTED_EDGE('',*,*,#694,.F.);
#903=ORIENTED_EDGE('',*,*,#695,.T.);
#904=ORIENTED_EDGE('',*,*,#682,.F.);
#905=ORIENTED_EDGE('',*,*,#696,.T.);
#906=ORIENTED_EDGE('',*,*,#697,.F.);
#907=ORIENTED_EDGE('',*,*,#693,.T.);
#908=ORIENTED_EDGE('',*,*,#698,.F.);
#909=ORIENTED_EDGE('',*,*,#699,.T.);
#910=ORIENTED_EDGE('',*,*,#700,.T.);
#911=ORIENTED_EDGE('',*,*,#701,.F.);
#912=ORIENTED_EDGE('',*,*,#665,.F.);
#913=ORIENTED_EDGE('',*,*,#679,.F.);
#914=ORIENTED_EDGE('',*,*,#684,.F.);
#915=ORIENTED_EDGE('',*,*,#689,.F.);
#916=ORIENTED_EDGE('',*,*,#692,.F.);
#917=ORIENTED_EDGE('',*,*,#687,.F.);
#918=ORIENTED_EDGE('',*,*,#702,.T.);
#919=ORIENTED_EDGE('',*,*,#703,.T.);
#920=ORIENTED_EDGE('',*,*,#704,.T.);
#921=ORIENTED_EDGE('',*,*,#705,.T.);
#922=ORIENTED_EDGE('',*,*,#706,.T.);
#923=ORIENTED_EDGE('',*,*,#707,.T.);
#924=ORIENTED_EDGE('',*,*,#702,.F.);
#925=ORIENTED_EDGE('',*,*,#708,.T.);
#926=ORIENTED_EDGE('',*,*,#709,.T.);
#927=ORIENTED_EDGE('',*,*,#710,.T.);
#928=ORIENTED_EDGE('',*,*,#704,.F.);
#929=ORIENTED_EDGE('',*,*,#711,.T.);
#930=ORIENTED_EDGE('',*,*,#709,.F.);
#931=ORIENTED_EDGE('',*,*,#712,.T.);
#932=ORIENTED_EDGE('',*,*,#706,.F.);
#933=ORIENTED_EDGE('',*,*,#713,.T.);
#934=ORIENTED_EDGE('',*,*,#711,.F.);
#935=ORIENTED_EDGE('',*,*,#714,.T.);
#936=ORIENTED_EDGE('',*,*,#715,.F.);
#937=ORIENTED_EDGE('',*,*,#716,.F.);
#938=ORIENTED_EDGE('',*,*,#703,.F.);
#939=ORIENTED_EDGE('',*,*,#717,.F.);
#940=ORIENTED_EDGE('',*,*,#718,.F.);
#941=ORIENTED_EDGE('',*,*,#714,.F.);
#942=ORIENTED_EDGE('',*,*,#667,.F.);
#943=ORIENTED_EDGE('',*,*,#719,.T.);
#944=ORIENTED_EDGE('',*,*,#720,.T.);
#945=ORIENTED_EDGE('',*,*,#721,.F.);
#946=ORIENTED_EDGE('',*,*,#722,.F.);
#947=ORIENTED_EDGE('',*,*,#656,.F.);
#948=ORIENTED_EDGE('',*,*,#705,.F.);
#949=ORIENTED_EDGE('',*,*,#710,.F.);
#950=ORIENTED_EDGE('',*,*,#713,.F.);
#951=ORIENTED_EDGE('',*,*,#708,.F.);
#952=ORIENTED_EDGE('',*,*,#712,.F.);
#953=ORIENTED_EDGE('',*,*,#716,.T.);
#954=ORIENTED_EDGE('',*,*,#723,.F.);
#955=ORIENTED_EDGE('',*,*,#724,.F.);
#956=ORIENTED_EDGE('',*,*,#707,.F.);
#957=ORIENTED_EDGE('',*,*,#724,.T.);
#958=ORIENTED_EDGE('',*,*,#725,.F.);
#959=ORIENTED_EDGE('',*,*,#717,.T.);
#960=ORIENTED_EDGE('',*,*,#686,.F.);
#961=ORIENTED_EDGE('',*,*,#726,.F.);
#962=ORIENTED_EDGE('',*,*,#727,.F.);
#963=ORIENTED_EDGE('',*,*,#696,.F.);
#964=ORIENTED_EDGE('',*,*,#691,.F.);
#965=ORIENTED_EDGE('',*,*,#695,.F.);
#966=ORIENTED_EDGE('',*,*,#728,.F.);
#967=ORIENTED_EDGE('',*,*,#726,.T.);
#968=ORIENTED_EDGE('',*,*,#727,.T.);
#969=ORIENTED_EDGE('',*,*,#728,.T.);
#970=ORIENTED_EDGE('',*,*,#694,.T.);
#971=ORIENTED_EDGE('',*,*,#697,.T.);
#972=ORIENTED_EDGE('',*,*,#718,.T.);
#973=ORIENTED_EDGE('',*,*,#725,.T.);
#974=ORIENTED_EDGE('',*,*,#723,.T.);
#975=ORIENTED_EDGE('',*,*,#715,.T.);
#976=ORIENTED_EDGE('',*,*,#650,.F.);
#977=ORIENTED_EDGE('',*,*,#654,.F.);
#978=ORIENTED_EDGE('',*,*,#722,.T.);
#979=ORIENTED_EDGE('',*,*,#729,.T.);
#980=ORIENTED_EDGE('',*,*,#698,.T.);
#981=ORIENTED_EDGE('',*,*,#680,.T.);
#982=ORIENTED_EDGE('',*,*,#670,.F.);
#983=ORIENTED_EDGE('',*,*,#730,.T.);
#984=ORIENTED_EDGE('',*,*,#731,.F.);
#985=ORIENTED_EDGE('',*,*,#732,.T.);
#986=ORIENTED_EDGE('',*,*,#733,.F.);
#987=ORIENTED_EDGE('',*,*,#734,.T.);
#988=ORIENTED_EDGE('',*,*,#735,.T.);
#989=ORIENTED_EDGE('',*,*,#736,.T.);
#990=ORIENTED_EDGE('',*,*,#737,.T.);
#991=ORIENTED_EDGE('',*,*,#738,.T.);
#992=ORIENTED_EDGE('',*,*,#735,.F.);
#993=ORIENTED_EDGE('',*,*,#739,.T.);
#994=ORIENTED_EDGE('',*,*,#740,.T.);
#995=ORIENTED_EDGE('',*,*,#741,.T.);
#996=ORIENTED_EDGE('',*,*,#742,.T.);
#997=ORIENTED_EDGE('',*,*,#743,.T.);
#998=ORIENTED_EDGE('',*,*,#740,.F.);
#999=ORIENTED_EDGE('',*,*,#744,.T.);
#1000=ORIENTED_EDGE('',*,*,#742,.F.);
#1001=ORIENTED_EDGE('',*,*,#745,.T.);
#1002=ORIENTED_EDGE('',*,*,#746,.T.);
#1003=ORIENTED_EDGE('',*,*,#747,.T.);
#1004=ORIENTED_EDGE('',*,*,#748,.T.);
#1005=ORIENTED_EDGE('',*,*,#749,.T.);
#1006=ORIENTED_EDGE('',*,*,#746,.F.);
#1007=ORIENTED_EDGE('',*,*,#750,.T.);
#1008=ORIENTED_EDGE('',*,*,#748,.F.);
#1009=ORIENTED_EDGE('',*,*,#751,.T.);
#1010=ORIENTED_EDGE('',*,*,#752,.T.);
#1011=ORIENTED_EDGE('',*,*,#753,.T.);
#1012=ORIENTED_EDGE('',*,*,#754,.T.);
#1013=ORIENTED_EDGE('',*,*,#755,.T.);
#1014=ORIENTED_EDGE('',*,*,#752,.F.);
#1015=ORIENTED_EDGE('',*,*,#756,.T.);
#1016=ORIENTED_EDGE('',*,*,#754,.F.);
#1017=ORIENTED_EDGE('',*,*,#757,.T.);
#1018=ORIENTED_EDGE('',*,*,#737,.F.);
#1019=ORIENTED_EDGE('',*,*,#758,.T.);
#1020=ORIENTED_EDGE('',*,*,#745,.F.);
#1021=ORIENTED_EDGE('',*,*,#759,.T.);
#1022=ORIENTED_EDGE('',*,*,#733,.T.);
#1023=ORIENTED_EDGE('',*,*,#760,.T.);
#1024=ORIENTED_EDGE('',*,*,#651,.F.);
#1025=ORIENTED_EDGE('',*,*,#734,.F.);
#1026=ORIENTED_EDGE('',*,*,#759,.F.);
#1027=ORIENTED_EDGE('',*,*,#744,.F.);
#1028=ORIENTED_EDGE('',*,*,#761,.F.);
#1029=ORIENTED_EDGE('',*,*,#658,.F.);
#1030=ORIENTED_EDGE('',*,*,#644,.F.);
#1031=ORIENTED_EDGE('',*,*,#648,.F.);
#1032=ORIENTED_EDGE('',*,*,#739,.F.);
#1033=ORIENTED_EDGE('',*,*,#762,.T.);
#1034=ORIENTED_EDGE('',*,*,#659,.T.);
#1035=ORIENTED_EDGE('',*,*,#761,.T.);
#1036=ORIENTED_EDGE('',*,*,#738,.F.);
#1037=ORIENTED_EDGE('',*,*,#763,.F.);
#1038=ORIENTED_EDGE('',*,*,#660,.F.);
#1039=ORIENTED_EDGE('',*,*,#762,.F.);
#1040=ORIENTED_EDGE('',*,*,#764,.T.);
#1041=ORIENTED_EDGE('',*,*,#736,.F.);
#1042=ORIENTED_EDGE('',*,*,#741,.F.);
#1043=ORIENTED_EDGE('',*,*,#743,.F.);
#1044=ORIENTED_EDGE('',*,*,#747,.F.);
#1045=ORIENTED_EDGE('',*,*,#749,.F.);
#1046=ORIENTED_EDGE('',*,*,#753,.F.);
#1047=ORIENTED_EDGE('',*,*,#755,.F.);
#1048=ORIENTED_EDGE('',*,*,#758,.F.);
#1049=ORIENTED_EDGE('',*,*,#765,.T.);
#1050=ORIENTED_EDGE('',*,*,#766,.T.);
#1051=ORIENTED_EDGE('',*,*,#767,.T.);
#1052=ORIENTED_EDGE('',*,*,#768,.T.);
#1053=ORIENTED_EDGE('',*,*,#769,.T.);
#1054=ORIENTED_EDGE('',*,*,#770,.T.);
#1055=ORIENTED_EDGE('',*,*,#767,.F.);
#1056=ORIENTED_EDGE('',*,*,#771,.T.);
#1057=ORIENTED_EDGE('',*,*,#772,.T.);
#1058=ORIENTED_EDGE('',*,*,#773,.T.);
#1059=ORIENTED_EDGE('',*,*,#769,.F.);
#1060=ORIENTED_EDGE('',*,*,#774,.T.);
#1061=ORIENTED_EDGE('',*,*,#775,.T.);
#1062=ORIENTED_EDGE('',*,*,#776,.T.);
#1063=ORIENTED_EDGE('',*,*,#772,.F.);
#1064=ORIENTED_EDGE('',*,*,#777,.T.);
#1065=ORIENTED_EDGE('',*,*,#778,.T.);
#1066=ORIENTED_EDGE('',*,*,#779,.T.);
#1067=ORIENTED_EDGE('',*,*,#775,.F.);
#1068=ORIENTED_EDGE('',*,*,#780,.T.);
#1069=ORIENTED_EDGE('',*,*,#781,.T.);
#1070=ORIENTED_EDGE('',*,*,#782,.T.);
#1071=ORIENTED_EDGE('',*,*,#778,.F.);
#1072=ORIENTED_EDGE('',*,*,#783,.T.);
#1073=ORIENTED_EDGE('',*,*,#784,.T.);
#1074=ORIENTED_EDGE('',*,*,#785,.T.);
#1075=ORIENTED_EDGE('',*,*,#781,.F.);
#1076=ORIENTED_EDGE('',*,*,#786,.T.);
#1077=ORIENTED_EDGE('',*,*,#784,.F.);
#1078=ORIENTED_EDGE('',*,*,#787,.T.);
#1079=ORIENTED_EDGE('',*,*,#765,.F.);
#1080=ORIENTED_EDGE('',*,*,#788,.T.);
#1081=ORIENTED_EDGE('',*,*,#777,.F.);
#1082=ORIENTED_EDGE('',*,*,#789,.T.);
#1083=ORIENTED_EDGE('',*,*,#790,.T.);
#1084=ORIENTED_EDGE('',*,*,#791,.T.);
#1085=ORIENTED_EDGE('',*,*,#774,.F.);
#1086=ORIENTED_EDGE('',*,*,#792,.F.);
#1087=ORIENTED_EDGE('',*,*,#793,.F.);
#1088=ORIENTED_EDGE('',*,*,#789,.F.);
#1089=ORIENTED_EDGE('',*,*,#771,.F.);
#1090=ORIENTED_EDGE('',*,*,#794,.T.);
#1091=ORIENTED_EDGE('',*,*,#795,.T.);
#1092=ORIENTED_EDGE('',*,*,#792,.T.);
#1093=ORIENTED_EDGE('',*,*,#766,.F.);
#1094=ORIENTED_EDGE('',*,*,#796,.F.);
#1095=ORIENTED_EDGE('',*,*,#797,.F.);
#1096=ORIENTED_EDGE('',*,*,#794,.F.);
#1097=ORIENTED_EDGE('',*,*,#750,.F.);
#1098=ORIENTED_EDGE('',*,*,#760,.F.);
#1099=ORIENTED_EDGE('',*,*,#732,.F.);
#1100=ORIENTED_EDGE('',*,*,#798,.F.);
#1101=ORIENTED_EDGE('',*,*,#768,.F.);
#1102=ORIENTED_EDGE('',*,*,#770,.F.);
#1103=ORIENTED_EDGE('',*,*,#773,.F.);
#1104=ORIENTED_EDGE('',*,*,#776,.F.);
#1105=ORIENTED_EDGE('',*,*,#779,.F.);
#1106=ORIENTED_EDGE('',*,*,#782,.F.);
#1107=ORIENTED_EDGE('',*,*,#785,.F.);
#1108=ORIENTED_EDGE('',*,*,#788,.F.);
#1109=ORIENTED_EDGE('',*,*,#783,.F.);
#1110=ORIENTED_EDGE('',*,*,#799,.T.);
#1111=ORIENTED_EDGE('',*,*,#800,.T.);
#1112=ORIENTED_EDGE('',*,*,#801,.F.);
#1113=ORIENTED_EDGE('',*,*,#802,.T.);
#1114=ORIENTED_EDGE('',*,*,#780,.F.);
#1115=ORIENTED_EDGE('',*,*,#791,.F.);
#1116=ORIENTED_EDGE('',*,*,#803,.F.);
#1117=ORIENTED_EDGE('',*,*,#799,.F.);
#1118=ORIENTED_EDGE('',*,*,#787,.F.);
#1119=ORIENTED_EDGE('',*,*,#804,.T.);
#1120=ORIENTED_EDGE('',*,*,#805,.F.);
#1121=ORIENTED_EDGE('',*,*,#806,.F.);
#1122=ORIENTED_EDGE('',*,*,#796,.T.);
#1123=ORIENTED_EDGE('',*,*,#801,.T.);
#1124=ORIENTED_EDGE('',*,*,#807,.T.);
#1125=ORIENTED_EDGE('',*,*,#805,.T.);
#1126=ORIENTED_EDGE('',*,*,#808,.F.);
#1127=ORIENTED_EDGE('',*,*,#786,.F.);
#1128=ORIENTED_EDGE('',*,*,#802,.F.);
#1129=ORIENTED_EDGE('',*,*,#808,.T.);
#1130=ORIENTED_EDGE('',*,*,#804,.F.);
#1131=ORIENTED_EDGE('',*,*,#764,.F.);
#1132=ORIENTED_EDGE('',*,*,#809,.T.);
#1133=ORIENTED_EDGE('',*,*,#810,.F.);
#1134=ORIENTED_EDGE('',*,*,#809,.F.);
#1135=ORIENTED_EDGE('',*,*,#811,.F.);
#1136=ORIENTED_EDGE('',*,*,#812,.F.);
#1137=ORIENTED_EDGE('',*,*,#813,.F.);
#1138=ORIENTED_EDGE('',*,*,#814,.F.);
#1139=ORIENTED_EDGE('',*,*,#815,.F.);
#1140=ORIENTED_EDGE('',*,*,#807,.F.);
#1141=ORIENTED_EDGE('',*,*,#812,.T.);
#1142=ORIENTED_EDGE('',*,*,#816,.T.);
#1143=ORIENTED_EDGE('',*,*,#817,.T.);
#1144=ORIENTED_EDGE('',*,*,#818,.F.);
#1145=ORIENTED_EDGE('',*,*,#814,.T.);
#1146=ORIENTED_EDGE('',*,*,#819,.T.);
#1147=ORIENTED_EDGE('',*,*,#820,.T.);
#1148=ORIENTED_EDGE('',*,*,#821,.F.);
#1149=ORIENTED_EDGE('',*,*,#822,.F.);
#1150=ORIENTED_EDGE('',*,*,#820,.F.);
#1151=ORIENTED_EDGE('',*,*,#823,.F.);
#1152=ORIENTED_EDGE('',*,*,#700,.F.);
#1153=ORIENTED_EDGE('',*,*,#666,.F.);
#1154=ORIENTED_EDGE('',*,*,#701,.T.);
#1155=ORIENTED_EDGE('',*,*,#823,.T.);
#1156=ORIENTED_EDGE('',*,*,#819,.F.);
#1157=ORIENTED_EDGE('',*,*,#813,.T.);
#1158=ORIENTED_EDGE('',*,*,#818,.T.);
#1159=ORIENTED_EDGE('',*,*,#824,.T.);
#1160=ORIENTED_EDGE('',*,*,#719,.F.);
#1161=ORIENTED_EDGE('',*,*,#810,.T.);
#1162=ORIENTED_EDGE('',*,*,#797,.T.);
#1163=ORIENTED_EDGE('',*,*,#806,.T.);
#1164=ORIENTED_EDGE('',*,*,#815,.T.);
#1165=ORIENTED_EDGE('',*,*,#821,.T.);
#1166=ORIENTED_EDGE('',*,*,#822,.T.);
#1167=ORIENTED_EDGE('',*,*,#699,.F.);
#1168=ORIENTED_EDGE('',*,*,#729,.F.);
#1169=ORIENTED_EDGE('',*,*,#721,.T.);
#1170=ORIENTED_EDGE('',*,*,#825,.T.);
#1171=ORIENTED_EDGE('',*,*,#816,.F.);
#1172=ORIENTED_EDGE('',*,*,#811,.T.);
#1173=ORIENTED_EDGE('',*,*,#800,.F.);
#1174=ORIENTED_EDGE('',*,*,#803,.T.);
#1175=ORIENTED_EDGE('',*,*,#790,.F.);
#1176=ORIENTED_EDGE('',*,*,#793,.T.);
#1177=ORIENTED_EDGE('',*,*,#795,.F.);
#1178=ORIENTED_EDGE('',*,*,#825,.F.);
#1179=ORIENTED_EDGE('',*,*,#720,.F.);
#1180=ORIENTED_EDGE('',*,*,#824,.F.);
#1181=ORIENTED_EDGE('',*,*,#817,.F.);
#1182=ORIENTED_EDGE('',*,*,#751,.F.);
#1183=ORIENTED_EDGE('',*,*,#798,.T.);
#1184=ORIENTED_EDGE('',*,*,#731,.T.);
#1185=ORIENTED_EDGE('',*,*,#826,.T.);
#1186=ORIENTED_EDGE('',*,*,#757,.F.);
#1187=ORIENTED_EDGE('',*,*,#827,.T.);
#1188=ORIENTED_EDGE('',*,*,#661,.T.);
#1189=ORIENTED_EDGE('',*,*,#763,.T.);
#1190=ORIENTED_EDGE('',*,*,#675,.F.);
#1191=ORIENTED_EDGE('',*,*,#662,.F.);
#1192=ORIENTED_EDGE('',*,*,#827,.F.);
#1193=ORIENTED_EDGE('',*,*,#756,.F.);
#1194=ORIENTED_EDGE('',*,*,#826,.F.);
#1195=ORIENTED_EDGE('',*,*,#730,.F.);
#1196=ORIENTED_EDGE('',*,*,#669,.F.);
#1197=ORIENTED_EDGE('',*,*,#673,.F.);
#1198=B_SPLINE_SURFACE_WITH_KNOTS('',3,3,((#1808,#1809,#1810,#1811,#1812),
(#1813,#1814,#1815,#1816,#1817),(#1818,#1819,#1820,#1821,#1822),(#1823,
#1824,#1825,#1826,#1827),(#1828,#1829,#1830,#1831,#1832)),.UNSPECIFIED.,
 .F.,.F.,.F.,(4,1,4),(4,1,4),(0.,0.571428571428571,1.),(-7.48728213026277E-17,
0.897597901025651,1.57079632679489),.UNSPECIFIED.);
#1199=B_SPLINE_SURFACE_WITH_KNOTS('',3,3,((#1853,#1854,#1855,#1856,#1857),
(#1858,#1859,#1860,#1861,#1862),(#1863,#1864,#1865,#1866,#1867),(#1868,
#1869,#1870,#1871,#1872),(#1873,#1874,#1875,#1876,#1877)),.UNSPECIFIED.,
 .F.,.F.,.F.,(4,1,4),(4,1,4),(0.,0.571428571428571,1.),(-1.57079632679489,
-0.673198425769239,-4.41478058137094E-16),.UNSPECIFIED.);
#1200=B_SPLINE_SURFACE_WITH_KNOTS('',3,3,((#1925,#1926,#1927,#1928,#1929),
(#1930,#1931,#1932,#1933,#1934),(#1935,#1936,#1937,#1938,#1939),(#1940,
#1941,#1942,#1943,#1944),(#1945,#1946,#1947,#1948,#1949)),.UNSPECIFIED.,
 .F.,.F.,.F.,(4,1,4),(4,1,4),(0.,0.571428571428571,1.),(-1.31621062514943E-15,
0.673198425769249,1.57079632679492),.UNSPECIFIED.);
#1201=B_SPLINE_SURFACE_WITH_KNOTS('',3,3,((#1970,#1971,#1972,#1973,#1974),
(#1975,#1976,#1977,#1978,#1979),(#1980,#1981,#1982,#1983,#1984),(#1985,
#1986,#1987,#1988,#1989),(#1990,#1991,#1992,#1993,#1994)),.UNSPECIFIED.,
 .F.,.F.,.F.,(4,1,4),(4,1,4),(0.,0.571428571428571,1.),(-1.57079632679491,
-0.897597901025666,-4.4244515136412E-17),.UNSPECIFIED.);
#1202=B_SPLINE_SURFACE_WITH_KNOTS('',3,3,((#2014,#2015,#2016,#2017,#2018,
#2019,#2020),(#2021,#2022,#2023,#2024,#2025,#2026,#2027),(#2028,#2029,#2030,
#2031,#2032,#2033,#2034),(#2035,#2036,#2037,#2038,#2039,#2040,#2041)),
 .UNSPECIFIED.,.F.,.F.,.F.,(4,4),(4,1,1,1,4),(0.,1.),(-0.393340638647582,
-0.337149118840784,-0.22476607922719,-0.112383039613595,1.04540652216684E-17),
 .UNSPECIFIED.);
#1203=B_SPLINE_SURFACE_WITH_KNOTS('',3,3,((#2059,#2060,#2061,#2062,#2063,
#2064,#2065),(#2066,#2067,#2068,#2069,#2070,#2071,#2072),(#2073,#2074,#2075,
#2076,#2077,#2078,#2079),(#2080,#2081,#2082,#2083,#2084,#2085,#2086)),
 .UNSPECIFIED.,.F.,.F.,.F.,(4,4),(4,1,1,1,4),(0.,1.),(0.393340638647582,
0.505781989668268,0.562002665178611,0.674444016199296,0.786885367219982),
 .UNSPECIFIED.);
#1204=B_SPLINE_SURFACE_WITH_KNOTS('',3,3,((#2139,#2140,#2141,#2142,#2143,
#2144,#2145),(#2146,#2147,#2148,#2149,#2150,#2151,#2152),(#2153,#2154,#2155,
#2156,#2157,#2158,#2159),(#2160,#2161,#2162,#2163,#2164,#2165,#2166)),
 .UNSPECIFIED.,.F.,.F.,.F.,(4,4),(4,1,1,1,4),(0.,1.),(-0.189523411232939,
-0.0811676312227171,0.0271881487875051,0.135543928797727,0.189721818802839),
 .UNSPECIFIED.);
#1205=B_SPLINE_SURFACE_WITH_KNOTS('',3,3,((#2307,#2308,#2309,#2310,#2311,
#2312,#2313),(#2314,#2315,#2316,#2317,#2318,#2319,#2320),(#2321,#2322,#2323,
#2324,#2325,#2326,#2327),(#2328,#2329,#2330,#2331,#2332,#2333,#2334)),
 .UNSPECIFIED.,.F.,.F.,.F.,(4,4),(4,1,1,1,4),(0.,1.),(-0.379044967830196,
-0.324895686711597,-0.216597124474398,-0.108298562237199,1.63561865921003E-18),
 .UNSPECIFIED.);
#1206=ADVANCED_FACE('',(#290),#1198,.F.);
#1207=ADVANCED_FACE('',(#291),#263,.T.);
#1208=ADVANCED_FACE('',(#292),#1199,.F.);
#1209=ADVANCED_FACE('',(#293),#264,.F.);
#1210=ADVANCED_FACE('',(#294),#32,.T.);
#1211=ADVANCED_FACE('',(#295),#265,.F.);
#1212=ADVANCED_FACE('',(#296),#33,.T.);
#1213=ADVANCED_FACE('',(#297),#1200,.F.);
#1214=ADVANCED_FACE('',(#298),#266,.T.);
#1215=ADVANCED_FACE('',(#299),#1201,.F.);
#1216=ADVANCED_FACE('',(#300),#267,.F.);
#1217=ADVANCED_FACE('',(#301),#34,.T.);
#1218=ADVANCED_FACE('',(#302),#268,.F.);
#1219=ADVANCED_FACE('',(#303),#269,.T.);
#1220=ADVANCED_FACE('',(#304),#1202,.F.);
#1221=ADVANCED_FACE('',(#305),#1203,.F.);
#1222=ADVANCED_FACE('',(#306),#270,.T.);
#1223=ADVANCED_FACE('',(#307),#28,.T.);
#1224=ADVANCED_FACE('',(#308),#271,.F.);
#1225=ADVANCED_FACE('',(#309,#23),#35,.F.);
#1226=ADVANCED_FACE('',(#310),#1204,.F.);
#1227=ADVANCED_FACE('',(#311),#272,.T.);
#1228=ADVANCED_FACE('',(#312),#273,.T.);
#1229=ADVANCED_FACE('',(#313),#1205,.F.);
#1230=ADVANCED_FACE('',(#314),#274,.F.);
#1231=ADVANCED_FACE('',(#315),#29,.T.);
#1232=ADVANCED_FACE('',(#316,#24),#36,.F.);
#1233=ADVANCED_FACE('',(#317),#30,.T.);
#1234=ADVANCED_FACE('',(#318),#275,.F.);
#1235=ADVANCED_FACE('',(#319),#31,.T.);
#1236=ADVANCED_FACE('',(#320),#276,.F.);
#1237=ADVANCED_FACE('',(#321),#37,.T.);
#1238=ADVANCED_FACE('',(#322),#38,.F.);
#1239=ADVANCED_FACE('',(#323),#39,.T.);
#1240=ADVANCED_FACE('',(#324),#40,.T.);
#1241=ADVANCED_FACE('',(#325),#19,.T.);
#1242=ADVANCED_FACE('',(#326),#41,.T.);
#1243=ADVANCED_FACE('',(#327),#20,.T.);
#1244=ADVANCED_FACE('',(#328),#42,.T.);
#1245=ADVANCED_FACE('',(#329),#21,.T.);
#1246=ADVANCED_FACE('',(#330),#43,.T.);
#1247=ADVANCED_FACE('',(#331),#22,.T.);
#1248=ADVANCED_FACE('',(#332),#277,.T.);
#1249=ADVANCED_FACE('',(#333),#44,.T.);
#1250=ADVANCED_FACE('',(#334),#278,.T.);
#1251=ADVANCED_FACE('',(#335,#25),#45,.T.);
#1252=ADVANCED_FACE('',(#336),#46,.F.);
#1253=ADVANCED_FACE('',(#337),#279,.T.);
#1254=ADVANCED_FACE('',(#338),#15,.T.);
#1255=ADVANCED_FACE('',(#339),#280,.T.);
#1256=ADVANCED_FACE('',(#340),#16,.T.);
#1257=ADVANCED_FACE('',(#341),#281,.T.);
#1258=ADVANCED_FACE('',(#342),#17,.T.);
#1259=ADVANCED_FACE('',(#343),#282,.T.);
#1260=ADVANCED_FACE('',(#344),#18,.T.);
#1261=ADVANCED_FACE('',(#345),#283,.F.);
#1262=ADVANCED_FACE('',(#346),#47,.F.);
#1263=ADVANCED_FACE('',(#347),#284,.F.);
#1264=ADVANCED_FACE('',(#348),#48,.F.);
#1265=ADVANCED_FACE('',(#349,#26),#49,.T.);
#1266=ADVANCED_FACE('',(#350),#285,.F.);
#1267=ADVANCED_FACE('',(#351),#50,.F.);
#1268=ADVANCED_FACE('',(#352),#286,.F.);
#1269=ADVANCED_FACE('',(#353),#51,.F.);
#1270=ADVANCED_FACE('',(#354),#52,.F.);
#1271=ADVANCED_FACE('',(#355),#287,.F.);
#1272=ADVANCED_FACE('',(#356),#53,.F.);
#1273=ADVANCED_FACE('',(#357),#54,.F.);
#1274=ADVANCED_FACE('',(#358),#55,.F.);
#1275=ADVANCED_FACE('',(#359),#56,.F.);
#1276=ADVANCED_FACE('',(#360,#27),#57,.F.);
#1277=ADVANCED_FACE('',(#361),#58,.F.);
#1278=ADVANCED_FACE('',(#362),#59,.F.);
#1279=ADVANCED_FACE('',(#363),#288,.T.);
#1280=ADVANCED_FACE('',(#364),#289,.T.);
#1281=ADVANCED_FACE('',(#365),#60,.T.);
#1282=CLOSED_SHELL('',(#1206,#1207,#1208,#1209,#1210,#1211,#1212,#1213,
#1214,#1215,#1216,#1217,#1218,#1219,#1220,#1221,#1222,#1223,#1224,#1225,
#1226,#1227,#1228,#1229,#1230,#1231,#1232,#1233,#1234,#1235,#1236,#1237,
#1238,#1239,#1240,#1241,#1242,#1243,#1244,#1245,#1246,#1247,#1248,#1249,
#1250,#1251,#1252,#1253,#1254,#1255,#1256,#1257,#1258,#1259,#1260,#1261,
#1262,#1263,#1264,#1265,#1266,#1267,#1268,#1269,#1270,#1271,#1272,#1273,
#1274,#1275,#1276,#1277,#1278,#1279,#1280,#1281));
#1283=DERIVED_UNIT_ELEMENT(#1285,1.);
#1284=DERIVED_UNIT_ELEMENT(#2626,-3.);
#1285=(
MASS_UNIT()
NAMED_UNIT(*)
SI_UNIT(.KILO.,.GRAM.)
);
#1286=DERIVED_UNIT((#1283,#1284));
#1287=MEASURE_REPRESENTATION_ITEM('density measure',
POSITIVE_RATIO_MEASURE(2700.),#1286);
#1288=PROPERTY_DEFINITION_REPRESENTATION(#1293,#1290);
#1289=PROPERTY_DEFINITION_REPRESENTATION(#1294,#1291);
#1290=REPRESENTATION('material name',(#1292),#2623);
#1291=REPRESENTATION('density',(#1287),#2623);
#1292=DESCRIPTIVE_REPRESENTATION_ITEM('Aluminium','Aluminium');
#1293=PROPERTY_DEFINITION('material property','material name',#2633);
#1294=PROPERTY_DEFINITION('material property','density of part',#2633);
#1295=AXIS2_PLACEMENT_3D('',#1807,#1432,#1433);
#1296=AXIS2_PLACEMENT_3D('',#1835,#1434,#1435);
#1297=AXIS2_PLACEMENT_3D('',#1837,#1436,#1437);
#1298=AXIS2_PLACEMENT_3D('',#1846,#1438,#1439);
#1299=AXIS2_PLACEMENT_3D('',#1847,#1440,#1441);
#1300=AXIS2_PLACEMENT_3D('',#1850,#1442,#1443);
#1301=AXIS2_PLACEMENT_3D('',#1887,#1446,#1447);
#1302=AXIS2_PLACEMENT_3D('',#1888,#1448,#1449);
#1303=AXIS2_PLACEMENT_3D('',#1889,#1450,#1451);
#1304=AXIS2_PLACEMENT_3D('',#1892,#1453,#1454);
#1305=AXIS2_PLACEMENT_3D('',#1893,#1455,#1456);
#1306=AXIS2_PLACEMENT_3D('',#1897,#1459,#1460);
#1307=AXIS2_PLACEMENT_3D('',#1898,#1461,#1462);
#1308=AXIS2_PLACEMENT_3D('',#1899,#1463,#1464);
#1309=AXIS2_PLACEMENT_3D('',#1903,#1466,#1467);
#1310=AXIS2_PLACEMENT_3D('',#1907,#1469,#1470);
#1311=AXIS2_PLACEMENT_3D('',#1919,#1472,#1473);
#1312=AXIS2_PLACEMENT_3D('',#1952,#1477,#1478);
#1313=AXIS2_PLACEMENT_3D('',#1954,#1479,#1480);
#1314=AXIS2_PLACEMENT_3D('',#1963,#1481,#1482);
#1315=AXIS2_PLACEMENT_3D('',#1964,#1483,#1484);
#1316=AXIS2_PLACEMENT_3D('',#1967,#1485,#1486);
#1317=AXIS2_PLACEMENT_3D('',#1995,#1489,#1490);
#1318=AXIS2_PLACEMENT_3D('',#1996,#1491,#1492);
#1319=AXIS2_PLACEMENT_3D('',#1997,#1493,#1494);
#1320=AXIS2_PLACEMENT_3D('',#1999,#1496,#1497);
#1321=AXIS2_PLACEMENT_3D('',#2003,#1500,#1501);
#1322=AXIS2_PLACEMENT_3D('',#2004,#1502,#1503);
#1323=AXIS2_PLACEMENT_3D('',#2005,#1504,#1505);
#1324=AXIS2_PLACEMENT_3D('',#2008,#1506,#1507);
#1325=AXIS2_PLACEMENT_3D('',#2012,#1509,#1510);
#1326=AXIS2_PLACEMENT_3D('',#2044,#1512,#1513);
#1327=AXIS2_PLACEMENT_3D('',#2089,#1514,#1515);
#1328=AXIS2_PLACEMENT_3D('',#2104,#1516,#1517);
#1329=AXIS2_PLACEMENT_3D('',#2123,#1520,#1521);
#1330=AXIS2_PLACEMENT_3D('',#2125,#1522,#1523);
#1331=AXIS2_PLACEMENT_3D('',#2126,#1524,#1525);
#1332=AXIS2_PLACEMENT_3D('',#2127,#1526,#1527);
#1333=AXIS2_PLACEMENT_3D('',#2129,#1528,#1529);
#1334=AXIS2_PLACEMENT_3D('',#2131,#1531,#1532);
#1335=AXIS2_PLACEMENT_3D('',#2169,#1537,#1538);
#1336=AXIS2_PLACEMENT_3D('',#2179,#1539,#1540);
#1337=AXIS2_PLACEMENT_3D('',#2295,#1541,#1542);
#1338=AXIS2_PLACEMENT_3D('',#2298,#1543,#1544);
#1339=AXIS2_PLACEMENT_3D('',#2301,#1547,#1548);
#1340=AXIS2_PLACEMENT_3D('',#2304,#1549,#1550);
#1341=AXIS2_PLACEMENT_3D('',#2349,#1553,#1554);
#1342=AXIS2_PLACEMENT_3D('',#2351,#1555,#1556);
#1343=AXIS2_PLACEMENT_3D('',#2354,#1558,#1559);
#1344=AXIS2_PLACEMENT_3D('',#2371,#1560,#1561);
#1345=AXIS2_PLACEMENT_3D('',#2372,#1562,#1563);
#1346=AXIS2_PLACEMENT_3D('',#2373,#1564,#1565);
#1347=AXIS2_PLACEMENT_3D('',#2397,#1570,#1571);
#1348=AXIS2_PLACEMENT_3D('',#2398,#1572,#1573);
#1349=AXIS2_PLACEMENT_3D('',#2399,#1574,#1575);
#1350=AXIS2_PLACEMENT_3D('',#2417,#1577,#1578);
#1351=AXIS2_PLACEMENT_3D('',#2418,#1579,#1580);
#1352=AXIS2_PLACEMENT_3D('',#2419,#1581,#1582);
#1353=AXIS2_PLACEMENT_3D('',#2421,#1584,#1585);
#1354=AXIS2_PLACEMENT_3D('',#2422,#1586,#1587);
#1355=AXIS2_PLACEMENT_3D('',#2423,#1588,#1589);
#1356=AXIS2_PLACEMENT_3D('',#2428,#1592,#1593);
#1357=AXIS2_PLACEMENT_3D('',#2432,#1595,#1596);
#1358=AXIS2_PLACEMENT_3D('',#2434,#1598,#1599);
#1359=AXIS2_PLACEMENT_3D('',#2443,#1604,#1605);
#1360=AXIS2_PLACEMENT_3D('',#2445,#1606,#1607);
#1361=AXIS2_PLACEMENT_3D('',#2448,#1609,#1610);
#1362=AXIS2_PLACEMENT_3D('',#2449,#1611,#1612);
#1363=AXIS2_PLACEMENT_3D('',#2455,#1616,#1617);
#1364=AXIS2_PLACEMENT_3D('',#2457,#1618,#1619);
#1365=AXIS2_PLACEMENT_3D('',#2460,#1621,#1622);
#1366=AXIS2_PLACEMENT_3D('',#2461,#1623,#1624);
#1367=AXIS2_PLACEMENT_3D('',#2467,#1628,#1629);
#1368=AXIS2_PLACEMENT_3D('',#2469,#1630,#1631);
#1369=AXIS2_PLACEMENT_3D('',#2472,#1633,#1634);
#1370=AXIS2_PLACEMENT_3D('',#2473,#1635,#1636);
#1371=AXIS2_PLACEMENT_3D('',#2479,#1640,#1641);
#1372=AXIS2_PLACEMENT_3D('',#2480,#1642,#1643);
#1373=AXIS2_PLACEMENT_3D('',#2481,#1644,#1645);
#1374=AXIS2_PLACEMENT_3D('',#2482,#1646,#1647);
#1375=AXIS2_PLACEMENT_3D('',#2485,#1650,#1651);
#1376=AXIS2_PLACEMENT_3D('',#2487,#1653,#1654);
#1377=AXIS2_PLACEMENT_3D('',#2489,#1656,#1657);
#1378=AXIS2_PLACEMENT_3D('',#2492,#1659,#1660);
#1379=AXIS2_PLACEMENT_3D('',#2493,#1661,#1662);
#1380=AXIS2_PLACEMENT_3D('',#2494,#1663,#1664);
#1381=AXIS2_PLACEMENT_3D('',#2497,#1665,#1666);
#1382=AXIS2_PLACEMENT_3D('',#2501,#1668,#1669);
#1383=AXIS2_PLACEMENT_3D('',#2503,#1671,#1672);
#1384=AXIS2_PLACEMENT_3D('',#2506,#1673,#1674);
#1385=AXIS2_PLACEMENT_3D('',#2507,#1675,#1676);
#1386=AXIS2_PLACEMENT_3D('',#2508,#1677,#1678);
#1387=AXIS2_PLACEMENT_3D('',#2509,#1679,#1680);
#1388=AXIS2_PLACEMENT_3D('',#2512,#1681,#1682);
#1389=AXIS2_PLACEMENT_3D('',#2515,#1685,#1686);
#1390=AXIS2_PLACEMENT_3D('',#2518,#1687,#1688);
#1391=AXIS2_PLACEMENT_3D('',#2519,#1689,#1690);
#1392=AXIS2_PLACEMENT_3D('',#2520,#1691,#1692);
#1393=AXIS2_PLACEMENT_3D('',#2521,#1693,#1694);
#1394=AXIS2_PLACEMENT_3D('',#2524,#1695,#1696);
#1395=AXIS2_PLACEMENT_3D('',#2527,#1699,#1700);
#1396=AXIS2_PLACEMENT_3D('',#2530,#1701,#1702);
#1397=AXIS2_PLACEMENT_3D('',#2531,#1703,#1704);
#1398=AXIS2_PLACEMENT_3D('',#2532,#1705,#1706);
#1399=AXIS2_PLACEMENT_3D('',#2533,#1707,#1708);
#1400=AXIS2_PLACEMENT_3D('',#2536,#1709,#1710);
#1401=AXIS2_PLACEMENT_3D('',#2539,#1713,#1714);
#1402=AXIS2_PLACEMENT_3D('',#2540,#1715,#1716);
#1403=AXIS2_PLACEMENT_3D('',#2541,#1717,#1718);
#1404=AXIS2_PLACEMENT_3D('',#2542,#1719,#1720);
#1405=AXIS2_PLACEMENT_3D('',#2546,#1722,#1723);
#1406=AXIS2_PLACEMENT_3D('',#2548,#1725,#1726);
#1407=AXIS2_PLACEMENT_3D('',#2552,#1729,#1730);
#1408=AXIS2_PLACEMENT_3D('',#2555,#1732,#1733);
#1409=AXIS2_PLACEMENT_3D('',#2556,#1734,#1735);
#1410=AXIS2_PLACEMENT_3D('',#2560,#1738,#1739);
#1411=AXIS2_PLACEMENT_3D('',#2562,#1741,#1742);
#1412=AXIS2_PLACEMENT_3D('',#2566,#1744,#1745);
#1413=AXIS2_PLACEMENT_3D('',#2568,#1746,#1747);
#1414=AXIS2_PLACEMENT_3D('',#2570,#1749,#1750);
#1415=AXIS2_PLACEMENT_3D('',#2572,#1752,#1753);
#1416=AXIS2_PLACEMENT_3D('',#2576,#1755,#1756);
#1417=AXIS2_PLACEMENT_3D('',#2577,#1757,#1758);
#1418=AXIS2_PLACEMENT_3D('',#2578,#1759,#1760);
#1419=AXIS2_PLACEMENT_3D('',#2581,#1763,#1764);
#1420=AXIS2_PLACEMENT_3D('',#2582,#1765,#1766);
#1421=AXIS2_PLACEMENT_3D('',#2585,#1768,#1769);
#1422=AXIS2_PLACEMENT_3D('',#2586,#1770,#1771);
#1423=AXIS2_PLACEMENT_3D('',#2596,#1777,#1778);
#1424=AXIS2_PLACEMENT_3D('',#2602,#1782,#1783);
#1425=AXIS2_PLACEMENT_3D('',#2608,#1787,#1788);
#1426=AXIS2_PLACEMENT_3D('',#2611,#1791,#1792);
#1427=AXIS2_PLACEMENT_3D('',#2613,#1794,#1795);
#1428=AXIS2_PLACEMENT_3D('',#2615,#1797,#1798);
#1429=AXIS2_PLACEMENT_3D('',#2616,#1799,#1800);
#1430=AXIS2_PLACEMENT_3D('',#2618,#1802,#1803);
#1431=AXIS2_PLACEMENT_3D('',#2620,#1805,#1806);
#1432=DIRECTION('axis',(0.,0.,1.));
#1433=DIRECTION('refdir',(1.,0.,0.));
#1434=DIRECTION('center_axis',(1.,0.,0.));
#1435=DIRECTION('ref_axis',(0.,-0.5,0.866025403784438));
#1436=DIRECTION('center_axis',(3.86837290810159E-17,-1.,0.));
#1437=DIRECTION('ref_axis',(0.,0.,-1.));
#1438=DIRECTION('center_axis',(0.,0.944911182523068,-0.327326835353989));
#1439=DIRECTION('ref_axis',(0.,-0.327326835353989,-0.944911182523068));
#1440=DIRECTION('center_axis',(-1.,-3.86837290810159E-17,-2.23340613981831E-17));
#1441=DIRECTION('ref_axis',(0.,-0.866025403784439,0.499999999999999));
#1442=DIRECTION('center_axis',(1.,0.,0.));
#1443=DIRECTION('ref_axis',(0.,-0.500000000000001,0.866025403784438));
#1444=DIRECTION('',(1.,3.86837290810159E-17,2.23340613981831E-17));
#1445=DIRECTION('',(-1.,-3.86837290810159E-17,-2.23340613981831E-17));
#1446=DIRECTION('center_axis',(3.86837290810159E-17,-1.,0.));
#1447=DIRECTION('ref_axis',(3.60555503696918E-16,1.39476314236808E-32,-1.));
#1448=DIRECTION('center_axis',(-2.09812430212579E-15,0.944911182523068,
-0.327326835353987));
#1449=DIRECTION('ref_axis',(7.26811578375372E-16,-0.327326835353987,-0.944911182523068));
#1450=DIRECTION('center_axis',(3.74117254160226E-17,0.866025403784439,0.5));
#1451=DIRECTION('ref_axis',(-0.707106781186548,0.353553390593273,-0.612372435695794));
#1452=DIRECTION('',(3.74117254160226E-17,0.866025403784439,0.5));
#1453=DIRECTION('center_axis',(0.,0.,1.));
#1454=DIRECTION('ref_axis',(1.04083408558608E-16,1.,0.));
#1455=DIRECTION('center_axis',(0.,-0.5,0.866025403784439));
#1456=DIRECTION('ref_axis',(-1.,0.,0.));
#1457=DIRECTION('',(-3.74117254160226E-17,-0.866025403784439,-0.5));
#1458=DIRECTION('',(-1.,0.,0.));
#1459=DIRECTION('center_axis',(-3.74117254160226E-17,-0.866025403784439,
-0.5));
#1460=DIRECTION('ref_axis',(0.707106781186547,0.353553390593273,-0.612372435695795));
#1461=DIRECTION('center_axis',(0.,0.,1.));
#1462=DIRECTION('ref_axis',(0.,1.,0.));
#1463=DIRECTION('center_axis',(0.,0.,1.));
#1464=DIRECTION('ref_axis',(1.,0.,0.));
#1465=DIRECTION('',(1.,3.86837290810159E-17,0.));
#1466=DIRECTION('center_axis',(0.,0.,-1.));
#1467=DIRECTION('ref_axis',(0.707106781186549,-0.707106781186546,0.));
#1468=DIRECTION('',(-3.2593703475234E-16,1.,0.));
#1469=DIRECTION('center_axis',(0.,0.,-1.));
#1470=DIRECTION('ref_axis',(0.707106781186549,0.707106781186546,0.));
#1471=DIRECTION('',(-1.,3.86837290810159E-17,0.));
#1472=DIRECTION('center_axis',(0.,0.,1.));
#1473=DIRECTION('ref_axis',(-1.04083408558608E-16,-1.,0.));
#1474=DIRECTION('',(1.,0.,0.));
#1475=DIRECTION('',(0.,-1.,0.));
#1476=DIRECTION('',(-1.,0.,0.));
#1477=DIRECTION('center_axis',(-1.,0.,-1.28197512425571E-15));
#1478=DIRECTION('ref_axis',(-1.11022302462516E-15,0.5,0.866025403784438));
#1479=DIRECTION('center_axis',(3.86837290810159E-17,1.,0.));
#1480=DIRECTION('ref_axis',(-3.00462919747432E-16,1.16230261864007E-32,
-1.));
#1481=DIRECTION('center_axis',(0.,-0.944911182523068,-0.327326835353989));
#1482=DIRECTION('ref_axis',(-7.26811578375371E-16,0.327326835353989,-0.944911182523068));
#1483=DIRECTION('center_axis',(1.,-3.86837290810159E-17,-1.70806714739871E-17));
#1484=DIRECTION('ref_axis',(0.,0.866025403784437,0.500000000000002));
#1485=DIRECTION('center_axis',(-1.,0.,0.));
#1486=DIRECTION('ref_axis',(0.,0.5,0.866025403784439));
#1487=DIRECTION('',(-1.,3.86837290810159E-17,1.70806714739871E-17));
#1488=DIRECTION('',(1.,-3.86837290810159E-17,-1.70806714739871E-17));
#1489=DIRECTION('center_axis',(3.86837290810159E-17,1.,0.));
#1490=DIRECTION('ref_axis',(-6.00925839494864E-17,2.32460523728014E-33,
-1.));
#1491=DIRECTION('center_axis',(0.,-0.944911182523068,-0.327326835353989));
#1492=DIRECTION('ref_axis',(0.,0.327326835353989,-0.944911182523068));
#1493=DIRECTION('center_axis',(-3.74117254160226E-17,-0.866025403784439,
0.5));
#1494=DIRECTION('ref_axis',(0.707106781186547,-0.353553390593276,-0.612372435695794));
#1495=DIRECTION('',(-3.74117254160226E-17,-0.866025403784439,0.5));
#1496=DIRECTION('center_axis',(3.41341599506769E-17,0.5,0.866025403784439));
#1497=DIRECTION('ref_axis',(-1.,1.70670799753385E-17,2.95610496541276E-17));
#1498=DIRECTION('',(3.74117254160226E-17,0.866025403784439,-0.5));
#1499=DIRECTION('',(1.,0.,0.));
#1500=DIRECTION('center_axis',(3.74117254160226E-17,0.866025403784439,-0.5));
#1501=DIRECTION('ref_axis',(-0.707106781186547,-0.353553390593273,-0.612372435695795));
#1502=DIRECTION('center_axis',(0.,0.,1.));
#1503=DIRECTION('ref_axis',(-3.46944695195361E-17,-1.,0.));
#1504=DIRECTION('center_axis',(1.,0.,0.));
#1505=DIRECTION('ref_axis',(0.,1.,0.));
#1506=DIRECTION('center_axis',(1.,0.,0.));
#1507=DIRECTION('ref_axis',(0.,-1.,0.));
#1508=DIRECTION('',(1.,0.,0.));
#1509=DIRECTION('center_axis',(-1.,0.,0.));
#1510=DIRECTION('ref_axis',(0.,-0.649999999999968,-0.75993420767856));
#1511=DIRECTION('',(-1.,0.,0.));
#1512=DIRECTION('center_axis',(-1.,0.,0.));
#1513=DIRECTION('ref_axis',(0.,-1.,0.));
#1514=DIRECTION('center_axis',(1.,1.11022302462516E-15,9.49615057086046E-16));
#1515=DIRECTION('ref_axis',(0.,-0.649999999999968,0.759934207678561));
#1516=DIRECTION('center_axis',(-1.,0.,0.));
#1517=DIRECTION('ref_axis',(0.,1.,0.));
#1518=DIRECTION('',(-1.,0.,0.));
#1519=DIRECTION('',(1.,0.,0.));
#1520=DIRECTION('center_axis',(1.,0.,0.));
#1521=DIRECTION('ref_axis',(0.,1.,-1.22464679914735E-16));
#1522=DIRECTION('center_axis',(0.,-1.,1.22464679914735E-16));
#1523=DIRECTION('ref_axis',(1.,0.,0.));
#1524=DIRECTION('center_axis',(-1.,0.,0.));
#1525=DIRECTION('ref_axis',(0.,1.,-1.22464679914735E-16));
#1526=DIRECTION('center_axis',(-1.,0.,0.));
#1527=DIRECTION('ref_axis',(0.,0.707106781186545,0.707106781186551));
#1528=DIRECTION('center_axis',(-1.,0.,0.));
#1529=DIRECTION('ref_axis',(0.,1.22464679914735E-16,1.));
#1530=DIRECTION('',(-1.,0.,0.));
#1531=DIRECTION('center_axis',(0.,1.,0.));
#1532=DIRECTION('ref_axis',(1.,0.,0.));
#1533=DIRECTION('',(1.,0.,0.));
#1534=DIRECTION('',(0.,0.,-1.));
#1535=DIRECTION('',(1.,0.,0.));
#1536=DIRECTION('',(0.,0.,-1.));
#1537=DIRECTION('center_axis',(-1.,0.,0.));
#1538=DIRECTION('ref_axis',(0.,1.,0.));
#1539=DIRECTION('center_axis',(-1.,2.22044604925031E-15,9.32773914127106E-16));
#1540=DIRECTION('ref_axis',(2.22044604925031E-15,0.700000000000033,0.714142842854252));
#1541=DIRECTION('center_axis',(-1.,0.,0.));
#1542=DIRECTION('ref_axis',(0.,-1.,0.));
#1543=DIRECTION('center_axis',(-1.,0.,0.));
#1544=DIRECTION('ref_axis',(0.,1.,0.));
#1545=DIRECTION('',(-1.,0.,0.));
#1546=DIRECTION('',(1.,0.,0.));
#1547=DIRECTION('center_axis',(1.,0.,0.));
#1548=DIRECTION('ref_axis',(0.,-1.,0.));
#1549=DIRECTION('center_axis',(-1.,0.,0.));
#1550=DIRECTION('ref_axis',(0.,0.700000000000033,0.714142842854252));
#1551=DIRECTION('',(-1.,0.,0.));
#1552=DIRECTION('',(1.,0.,0.));
#1553=DIRECTION('center_axis',(1.,0.,0.));
#1554=DIRECTION('ref_axis',(0.,-0.70710678118654,-0.707106781186555));
#1555=DIRECTION('center_axis',(-1.,0.,0.));
#1556=DIRECTION('ref_axis',(0.,-1.22464679914735E-16,-1.));
#1557=DIRECTION('',(-1.,0.,0.));
#1558=DIRECTION('center_axis',(-1.,0.,0.));
#1559=DIRECTION('ref_axis',(0.,-1.22464679914735E-16,-1.));
#1560=DIRECTION('center_axis',(-1.,0.,0.));
#1561=DIRECTION('ref_axis',(0.,-1.,1.22464679914735E-16));
#1562=DIRECTION('center_axis',(0.,1.,-1.22464679914735E-16));
#1563=DIRECTION('ref_axis',(-1.,0.,0.));
#1564=DIRECTION('center_axis',(0.,-1.,0.));
#1565=DIRECTION('ref_axis',(-1.,0.,0.));
#1566=DIRECTION('',(0.,0.,-1.));
#1567=DIRECTION('',(-1.,0.,0.));
#1568=DIRECTION('',(0.,0.,-1.));
#1569=DIRECTION('',(-1.,0.,0.));
#1570=DIRECTION('center_axis',(0.,1.,-1.22464679914735E-16));
#1571=DIRECTION('ref_axis',(1.,0.,0.));
#1572=DIRECTION('center_axis',(1.,0.,0.));
#1573=DIRECTION('ref_axis',(0.,1.22464679914735E-16,1.));
#1574=DIRECTION('center_axis',(-1.,0.,0.));
#1575=DIRECTION('ref_axis',(0.,-0.70710678118654,0.707106781186556));
#1576=DIRECTION('',(1.,0.,0.));
#1577=DIRECTION('center_axis',(-1.,0.,0.));
#1578=DIRECTION('ref_axis',(0.,1.,-1.22464679914735E-16));
#1579=DIRECTION('center_axis',(0.,-1.,1.22464679914735E-16));
#1580=DIRECTION('ref_axis',(-1.,0.,0.));
#1581=DIRECTION('center_axis',(1.,0.,0.));
#1582=DIRECTION('ref_axis',(0.,0.707106781186544,-0.707106781186551));
#1583=DIRECTION('',(1.,0.,0.));
#1584=DIRECTION('center_axis',(0.,-1.,1.22464679914735E-16));
#1585=DIRECTION('ref_axis',(-1.,0.,0.));
#1586=DIRECTION('center_axis',(0.,-1.,1.22464679914735E-16));
#1587=DIRECTION('ref_axis',(-1.,0.,0.));
#1588=DIRECTION('center_axis',(0.,0.,1.));
#1589=DIRECTION('ref_axis',(1.,0.,0.));
#1590=DIRECTION('',(0.,1.,0.));
#1591=DIRECTION('',(-1.,3.86837290810159E-17,0.));
#1592=DIRECTION('center_axis',(0.,0.,-1.));
#1593=DIRECTION('ref_axis',(-0.707106781186547,0.707106781186547,0.));
#1594=DIRECTION('',(6.51874069504679E-16,-1.,0.));
#1595=DIRECTION('center_axis',(0.,0.,-1.));
#1596=DIRECTION('ref_axis',(-0.707106781186547,-0.707106781186547,0.));
#1597=DIRECTION('',(1.,3.86837290810159E-17,0.));
#1598=DIRECTION('center_axis',(0.707106781186549,2.30472287513215E-16,-0.707106781186546));
#1599=DIRECTION('ref_axis',(-0.707106781186546,0.,-0.707106781186549));
#1600=DIRECTION('',(-0.707106781186548,0.,-0.707106781186547));
#1601=DIRECTION('',(-3.2593703475234E-16,1.,0.));
#1602=DIRECTION('',(0.707106781186546,0.,0.707106781186549));
#1603=DIRECTION('',(3.2593703475234E-16,-1.,0.));
#1604=DIRECTION('center_axis',(0.,0.,1.));
#1605=DIRECTION('ref_axis',(0.707106781186549,-0.707106781186546,0.));
#1606=DIRECTION('center_axis',(0.,0.,-1.));
#1607=DIRECTION('ref_axis',(0.707106781186549,-0.707106781186546,0.));
#1608=DIRECTION('',(0.,0.707106781186548,-0.707106781186547));
#1609=DIRECTION('center_axis',(0.,0.,1.));
#1610=DIRECTION('ref_axis',(0.707106781186549,-0.707106781186546,0.));
#1611=DIRECTION('center_axis',(2.73535271547696E-17,-0.707106781186547,
-0.707106781186548));
#1612=DIRECTION('ref_axis',(-1.,0.,-3.86837290810159E-17));
#1613=DIRECTION('',(0.,0.707106781186548,-0.707106781186547));
#1614=DIRECTION('',(1.,3.86837290810159E-17,0.));
#1615=DIRECTION('',(-1.,-3.86837290810159E-17,0.));
#1616=DIRECTION('center_axis',(0.,0.,1.));
#1617=DIRECTION('ref_axis',(-0.707106781186547,-0.707106781186547,0.));
#1618=DIRECTION('center_axis',(0.,0.,-1.));
#1619=DIRECTION('ref_axis',(-0.707106781186548,-0.707106781186548,0.));
#1620=DIRECTION('',(0.707106781186548,0.,-0.707106781186547));
#1621=DIRECTION('center_axis',(0.,0.,1.));
#1622=DIRECTION('ref_axis',(-0.707106781186548,-0.707106781186548,0.));
#1623=DIRECTION('center_axis',(-0.707106781186547,-4.60944575026429E-16,
-0.707106781186548));
#1624=DIRECTION('ref_axis',(-0.707106781186548,0.,0.707106781186547));
#1625=DIRECTION('',(0.707106781186546,0.,-0.707106781186549));
#1626=DIRECTION('',(6.51874069504679E-16,-1.,0.));
#1627=DIRECTION('',(-6.51874069504679E-16,1.,0.));
#1628=DIRECTION('center_axis',(0.,0.,1.));
#1629=DIRECTION('ref_axis',(-0.707106781186547,0.707106781186547,0.));
#1630=DIRECTION('center_axis',(0.,0.,-1.));
#1631=DIRECTION('ref_axis',(-0.707106781186548,0.707106781186548,0.));
#1632=DIRECTION('',(0.,-0.707106781186547,-0.707106781186548));
#1633=DIRECTION('center_axis',(0.,0.,1.));
#1634=DIRECTION('ref_axis',(-0.707106781186548,0.707106781186548,0.));
#1635=DIRECTION('center_axis',(2.73535271547696E-17,0.707106781186547,-0.707106781186548));
#1636=DIRECTION('ref_axis',(-1.,0.,-3.86837290810159E-17));
#1637=DIRECTION('',(0.,-0.707106781186548,-0.707106781186547));
#1638=DIRECTION('',(-1.,3.86837290810159E-17,0.));
#1639=DIRECTION('',(1.,-3.86837290810159E-17,0.));
#1640=DIRECTION('center_axis',(0.,0.,1.));
#1641=DIRECTION('ref_axis',(0.707106781186549,0.707106781186546,0.));
#1642=DIRECTION('center_axis',(0.,0.,-1.));
#1643=DIRECTION('ref_axis',(0.707106781186549,0.707106781186546,0.));
#1644=DIRECTION('center_axis',(0.,0.,1.));
#1645=DIRECTION('ref_axis',(0.707106781186549,0.707106781186546,0.));
#1646=DIRECTION('center_axis',(0.,0.,1.));
#1647=DIRECTION('ref_axis',(-0.707106781186547,-0.707106781186547,0.));
#1648=DIRECTION('',(0.,0.,1.));
#1649=DIRECTION('',(0.,0.,-1.));
#1650=DIRECTION('center_axis',(3.86837290810159E-17,-1.,0.));
#1651=DIRECTION('ref_axis',(1.,3.86837290810159E-17,0.));
#1652=DIRECTION('',(0.,0.,-1.));
#1653=DIRECTION('center_axis',(0.,0.,1.));
#1654=DIRECTION('ref_axis',(0.707106781186549,-0.707106781186546,0.));
#1655=DIRECTION('',(0.,0.,1.));
#1656=DIRECTION('center_axis',(1.,3.2593703475234E-16,0.));
#1657=DIRECTION('ref_axis',(-3.2593703475234E-16,1.,0.));
#1658=DIRECTION('',(0.,0.,-1.));
#1659=DIRECTION('center_axis',(-1.,-3.2593703475234E-16,0.));
#1660=DIRECTION('ref_axis',(0.,0.,-1.));
#1661=DIRECTION('center_axis',(0.,0.,1.));
#1662=DIRECTION('ref_axis',(1.,0.,0.));
#1663=DIRECTION('center_axis',(1.20620933520033E-31,-1.8503717077086E-16,
1.));
#1664=DIRECTION('ref_axis',(-0.707106781186549,-0.707106781186546,0.));
#1665=DIRECTION('center_axis',(0.,0.,1.));
#1666=DIRECTION('ref_axis',(-1.,-1.11022302462515E-15,0.));
#1667=DIRECTION('',(1.20620933520033E-31,-1.8503717077086E-16,1.));
#1668=DIRECTION('center_axis',(0.,0.,-1.));
#1669=DIRECTION('ref_axis',(0.,-1.,0.));
#1670=DIRECTION('',(-1.20620933520033E-31,1.8503717077086E-16,-1.));
#1671=DIRECTION('center_axis',(-1.,-6.51874069504679E-16,0.));
#1672=DIRECTION('ref_axis',(0.,0.,1.));
#1673=DIRECTION('center_axis',(-1.11022302462516E-15,1.,-1.11022302462516E-15));
#1674=DIRECTION('ref_axis',(0.,-1.11022302462516E-15,-1.));
#1675=DIRECTION('center_axis',(-1.,-6.51874069504679E-16,0.));
#1676=DIRECTION('ref_axis',(-4.6094457502643E-16,0.707106781186548,0.707106781186547));
#1677=DIRECTION('center_axis',(1.,6.51874069504679E-16,0.));
#1678=DIRECTION('ref_axis',(-4.85722573273506E-16,0.707106781186548,0.707106781186547));
#1679=DIRECTION('center_axis',(6.51874069504679E-16,-1.,1.00929365875014E-15));
#1680=DIRECTION('ref_axis',(-0.707106781186549,-1.57009245868377E-15,-0.707106781186546));
#1681=DIRECTION('center_axis',(-1.11022302462516E-15,1.,-1.11022302462516E-15));
#1682=DIRECTION('ref_axis',(0.,-1.11022302462516E-15,-1.));
#1683=DIRECTION('',(-6.51874069504679E-16,1.,-1.00929365875014E-15));
#1684=DIRECTION('',(6.51874069504679E-16,-1.,1.00929365875014E-15));
#1685=DIRECTION('center_axis',(-1.,-6.51874069504679E-16,0.));
#1686=DIRECTION('ref_axis',(0.,0.,1.));
#1687=DIRECTION('center_axis',(0.,0.,1.));
#1688=DIRECTION('ref_axis',(0.,1.,0.));
#1689=DIRECTION('center_axis',(-1.,-6.51874069504679E-16,0.));
#1690=DIRECTION('ref_axis',(4.60944575026429E-16,-0.707106781186547,0.707106781186548));
#1691=DIRECTION('center_axis',(1.,6.51874069504679E-16,0.));
#1692=DIRECTION('ref_axis',(4.85722573273506E-16,-0.707106781186547,0.707106781186548));
#1693=DIRECTION('center_axis',(0.,0.,-1.));
#1694=DIRECTION('ref_axis',(-0.707106781186547,0.707106781186548,0.));
#1695=DIRECTION('center_axis',(0.,0.,1.));
#1696=DIRECTION('ref_axis',(0.,1.,0.));
#1697=DIRECTION('',(0.,0.,1.));
#1698=DIRECTION('',(0.,0.,-1.));
#1699=DIRECTION('center_axis',(-1.,-6.51874069504679E-16,0.));
#1700=DIRECTION('ref_axis',(0.,0.,1.));
#1701=DIRECTION('center_axis',(1.11022302462517E-15,-1.,0.));
#1702=DIRECTION('ref_axis',(0.,0.,1.));
#1703=DIRECTION('center_axis',(-1.,-6.51874069504679E-16,0.));
#1704=DIRECTION('ref_axis',(4.60944575026429E-16,-0.707106781186548,-0.707106781186548));
#1705=DIRECTION('center_axis',(1.,6.51874069504679E-16,0.));
#1706=DIRECTION('ref_axis',(4.85722573273506E-16,-0.707106781186548,-0.707106781186548));
#1707=DIRECTION('center_axis',(-6.51874069504679E-16,1.,-1.00929365875014E-16));
#1708=DIRECTION('ref_axis',(-0.707106781186549,-7.85046229341885E-16,0.707106781186546));
#1709=DIRECTION('center_axis',(5.55111512312578E-16,-1.,0.));
#1710=DIRECTION('ref_axis',(0.,0.,1.));
#1711=DIRECTION('',(6.51874069504679E-16,-1.,1.00929365875014E-16));
#1712=DIRECTION('',(-6.51874069504679E-16,1.,-1.00929365875014E-16));
#1713=DIRECTION('center_axis',(-1.,-6.51874069504679E-16,0.));
#1714=DIRECTION('ref_axis',(0.,0.,1.));
#1715=DIRECTION('center_axis',(1.,6.51874069504679E-16,0.));
#1716=DIRECTION('ref_axis',(-4.85722573273506E-16,0.707106781186548,-0.707106781186547));
#1717=DIRECTION('center_axis',(-1.,-6.51874069504679E-16,0.));
#1718=DIRECTION('ref_axis',(-4.60944575026429E-16,0.707106781186548,-0.707106781186547));
#1719=DIRECTION('center_axis',(1.,0.,0.));
#1720=DIRECTION('ref_axis',(0.,-0.707106781186547,0.707106781186548));
#1721=DIRECTION('',(1.,0.,0.));
#1722=DIRECTION('center_axis',(1.,0.,0.));
#1723=DIRECTION('ref_axis',(0.,-0.707106781186547,0.707106781186548));
#1724=DIRECTION('',(-1.,0.,0.));
#1725=DIRECTION('center_axis',(0.,1.00929365875014E-15,1.));
#1726=DIRECTION('ref_axis',(0.,-1.,1.00929365875014E-15));
#1727=DIRECTION('',(-1.,0.,0.));
#1728=DIRECTION('',(0.,1.,-1.00929365875014E-15));
#1729=DIRECTION('center_axis',(1.,0.,0.));
#1730=DIRECTION('ref_axis',(0.,0.707106781186548,0.707106781186547));
#1731=DIRECTION('',(1.,0.,0.));
#1732=DIRECTION('center_axis',(1.,0.,0.));
#1733=DIRECTION('ref_axis',(0.,0.707106781186548,0.707106781186547));
#1734=DIRECTION('center_axis',(0.,1.,1.8503717077086E-16));
#1735=DIRECTION('ref_axis',(0.,-1.8503717077086E-16,1.));
#1736=DIRECTION('',(-1.,0.,0.));
#1737=DIRECTION('',(0.,1.8503717077086E-16,-1.));
#1738=DIRECTION('center_axis',(-1.,-6.51874069504679E-16,0.));
#1739=DIRECTION('ref_axis',(6.51874069504679E-16,-1.,0.));
#1740=DIRECTION('',(0.,0.,1.));
#1741=DIRECTION('center_axis',(1.,0.,0.));
#1742=DIRECTION('ref_axis',(0.,-0.707106781186548,-0.707106781186547));
#1743=DIRECTION('',(1.,0.,0.));
#1744=DIRECTION('center_axis',(1.,0.,0.));
#1745=DIRECTION('ref_axis',(0.,-0.707106781186548,-0.707106781186547));
#1746=DIRECTION('center_axis',(-1.,0.,0.));
#1747=DIRECTION('ref_axis',(0.,-0.707106781186548,-0.707106781186547));
#1748=DIRECTION('',(-1.,0.,0.));
#1749=DIRECTION('center_axis',(0.,-1.,0.));
#1750=DIRECTION('ref_axis',(0.,0.,-1.));
#1751=DIRECTION('',(0.,0.,1.));
#1752=DIRECTION('center_axis',(1.,0.,0.));
#1753=DIRECTION('ref_axis',(0.,0.707106781186548,-0.707106781186548));
#1754=DIRECTION('',(1.,0.,0.));
#1755=DIRECTION('center_axis',(-1.,0.,0.));
#1756=DIRECTION('ref_axis',(0.,0.707106781186548,-0.707106781186548));
#1757=DIRECTION('center_axis',(1.,0.,0.));
#1758=DIRECTION('ref_axis',(0.,0.707106781186548,-0.707106781186548));
#1759=DIRECTION('center_axis',(1.,0.,0.));
#1760=DIRECTION('ref_axis',(0.,0.,-1.));
#1761=DIRECTION('',(0.,1.,0.));
#1762=DIRECTION('',(0.,1.,-1.00929365875014E-16));
#1763=DIRECTION('center_axis',(0.,-1.00929365875014E-16,-1.));
#1764=DIRECTION('ref_axis',(0.,1.,-1.00929365875014E-16));
#1765=DIRECTION('center_axis',(-1.,0.,0.));
#1766=DIRECTION('ref_axis',(0.,0.,-1.));
#1767=DIRECTION('',(-1.,0.,0.));
#1768=DIRECTION('center_axis',(1.,0.,0.));
#1769=DIRECTION('ref_axis',(0.,0.,-1.));
#1770=DIRECTION('center_axis',(0.,0.,-1.));
#1771=DIRECTION('ref_axis',(-1.,0.,0.));
#1772=DIRECTION('',(0.,1.,0.));
#1773=DIRECTION('',(-1.,0.,0.));
#1774=DIRECTION('',(0.,-1.,0.));
#1775=DIRECTION('',(1.,0.,0.));
#1776=DIRECTION('',(0.,1.,0.));
#1777=DIRECTION('center_axis',(0.,1.,0.));
#1778=DIRECTION('ref_axis',(1.,0.,0.));
#1779=DIRECTION('',(0.,0.,-1.));
#1780=DIRECTION('',(1.,0.,0.));
#1781=DIRECTION('',(0.,0.,-1.));
#1782=DIRECTION('center_axis',(0.,-1.,0.));
#1783=DIRECTION('ref_axis',(-1.,0.,0.));
#1784=DIRECTION('',(0.,0.,-1.));
#1785=DIRECTION('',(-1.,0.,0.));
#1786=DIRECTION('',(0.,0.,-1.));
#1787=DIRECTION('center_axis',(0.,0.,-1.));
#1788=DIRECTION('ref_axis',(-1.,0.,0.));
#1789=DIRECTION('',(0.,1.,0.));
#1790=DIRECTION('',(0.,-1.,0.));
#1791=DIRECTION('center_axis',(1.,0.,0.));
#1792=DIRECTION('ref_axis',(0.,-1.,0.));
#1793=DIRECTION('',(0.,-1.,0.));
#1794=DIRECTION('center_axis',(-1.,0.,0.));
#1795=DIRECTION('ref_axis',(0.,1.,0.));
#1796=DIRECTION('',(0.,1.,0.));
#1797=DIRECTION('center_axis',(0.,0.,-1.));
#1798=DIRECTION('ref_axis',(-1.,0.,0.));
#1799=DIRECTION('center_axis',(0.,0.,1.));
#1800=DIRECTION('ref_axis',(-0.707106781186547,0.707106781186547,0.));
#1801=DIRECTION('',(0.,0.,-1.));
#1802=DIRECTION('center_axis',(0.,0.,1.));
#1803=DIRECTION('ref_axis',(0.707106781186549,0.707106781186546,0.));
#1804=DIRECTION('',(0.,0.,1.));
#1805=DIRECTION('center_axis',(3.86837290810159E-17,1.,0.));
#1806=DIRECTION('ref_axis',(-1.,3.86837290810159E-17,0.));
#1807=CARTESIAN_POINT('',(0.,0.,0.));
#1808=CARTESIAN_POINT('Ctrl Pts',(9.,-13.625,17.6905989232415));
#1809=CARTESIAN_POINT('Ctrl Pts',(9.59839860068377,-13.625,17.6905989232415));
#1810=CARTESIAN_POINT('Ctrl Pts',(10.6347238734466,-13.625,18.2702451023881));
#1811=CARTESIAN_POINT('Ctrl Pts',(11.,-13.625,19.4817716102188));
#1812=CARTESIAN_POINT('Ctrl Pts',(11.,-13.625,20.));
#1813=CARTESIAN_POINT('Ctrl Pts',(9.,-13.625,17.8900651234694));
#1814=CARTESIAN_POINT('Ctrl Pts',(9.52942702384723,-13.625,17.8900651234694));
#1815=CARTESIAN_POINT('Ctrl Pts',(10.4448663695853,-13.6243948352983,18.4337337481788));
#1816=CARTESIAN_POINT('Ctrl Pts',(10.7226352811993,-13.6241193355787,19.540168629645));
#1817=CARTESIAN_POINT('Ctrl Pts',(10.7008006996581,-13.625,20.));
#1818=CARTESIAN_POINT('Ctrl Pts',(9.00000000000001,-13.5172598860979,18.2383862984923));
#1819=CARTESIAN_POINT('Ctrl Pts',(9.40917013409522,-13.5172598860979,18.2383862984923));
#1820=CARTESIAN_POINT('Ctrl Pts',(10.1121875780811,-13.4882674990455,18.7185535160195));
#1821=CARTESIAN_POINT('Ctrl Pts',(10.2394353034936,-13.4121169898975,19.640477518148));
#1822=CARTESIAN_POINT('Ctrl Pts',(10.1828437694603,-13.3738343998581,20.));
#1823=CARTESIAN_POINT('Ctrl Pts',(9.,-13.2545570974453,18.4818245019405));
#1824=CARTESIAN_POINT('Ctrl Pts',(9.32499483074692,-13.2545570974453,18.4818245019405));
#1825=CARTESIAN_POINT('Ctrl Pts',(9.88489405223582,-13.159404489477,18.8818602463558));
#1826=CARTESIAN_POINT('Ctrl Pts',(10.0254153736177,-12.9458007461611,19.6762652016206));
#1827=CARTESIAN_POINT('Ctrl Pts',(10.,-12.8493994752564,20.));
#1828=CARTESIAN_POINT('Ctrl Pts',(9.,-13.125,18.556624327026));
#1829=CARTESIAN_POINT('Ctrl Pts',(9.29919930034188,-13.125,18.556624327026));
#1830=CARTESIAN_POINT('Ctrl Pts',(9.81736193672328,-12.9995029209131,18.9189031889926));
#1831=CARTESIAN_POINT('Ctrl Pts',(10.,-12.7371997376282,19.6761072563868));
#1832=CARTESIAN_POINT('Ctrl Pts',(10.,-12.625,20.));
#1833=CARTESIAN_POINT('',(9.,-13.125,18.556624327026));
#1834=CARTESIAN_POINT('',(9.,-13.625,17.6905989232415));
#1835=CARTESIAN_POINT('Origin',(9.,-12.625,17.6905989232415));
#1836=CARTESIAN_POINT('',(11.,-13.625,20.));
#1837=CARTESIAN_POINT('Origin',(9.,-13.625,20.));
#1838=CARTESIAN_POINT('',(10.,-12.625,20.));
#1839=CARTESIAN_POINT('Ctrl Pts',(11.,-13.625,20.));
#1840=CARTESIAN_POINT('Ctrl Pts',(10.7008006996581,-13.625,20.));
#1841=CARTESIAN_POINT('Ctrl Pts',(10.4048253109737,-13.4814767999189,20.));
#1842=CARTESIAN_POINT('Ctrl Pts',(10.2182746278361,-13.2487228000142,20.));
#1843=CARTESIAN_POINT('Ctrl Pts',(10.078361615483,-13.0741573000857,20.));
#1844=CARTESIAN_POINT('Ctrl Pts',(10.,-12.8493994752564,20.));
#1845=CARTESIAN_POINT('Ctrl Pts',(10.,-12.625,20.));
#1846=CARTESIAN_POINT('Origin',(9.,-12.625,20.));
#1847=CARTESIAN_POINT('Origin',(-14.35,-12.625,17.6905989232415));
#1848=CARTESIAN_POINT('',(-8.99999999999999,-13.125,18.556624327026));
#1849=CARTESIAN_POINT('',(-8.99999999999999,-13.625,17.6905989232415));
#1850=CARTESIAN_POINT('Origin',(-8.99999999999999,-12.625,17.6905989232415));
#1851=CARTESIAN_POINT('',(-14.35,-13.625,17.6905989232415));
#1852=CARTESIAN_POINT('',(-14.35,-13.125,18.556624327026));
#1853=CARTESIAN_POINT('Ctrl Pts',(-11.,-13.625,20.));
#1854=CARTESIAN_POINT('Ctrl Pts',(-11.,-13.625,19.3090288136251));
#1855=CARTESIAN_POINT('Ctrl Pts',(-10.4980116836524,-13.625,18.1123834632298));
#1856=CARTESIAN_POINT('Ctrl Pts',(-9.44879895051282,-13.625,17.6905989232415));
#1857=CARTESIAN_POINT('Ctrl Pts',(-8.99999999999999,-13.625,17.6905989232415));
#1858=CARTESIAN_POINT('Ctrl Pts',(-10.7008006996581,-13.625,20.));
#1859=CARTESIAN_POINT('Ctrl Pts',(-10.7299134750463,-13.6238257807716,19.3868915061933));
#1860=CARTESIAN_POINT('Ctrl Pts',(-10.3262067652008,-13.624856866857,18.2848463091668));
#1861=CARTESIAN_POINT('Ctrl Pts',(-9.39707026788542,-13.625,17.8900651234694));
#1862=CARTESIAN_POINT('Ctrl Pts',(-8.99999999999999,-13.625,17.8900651234694));
#1863=CARTESIAN_POINT('Ctrl Pts',(-10.1828437694603,-13.3738343998581,20.));
#1864=CARTESIAN_POINT('Ctrl Pts',(-10.2582991481713,-13.424877853244,19.520636690864));
#1865=CARTESIAN_POINT('Ctrl Pts',(-10.0258510325511,-13.4959020521783,18.5858555679505));
#1866=CARTESIAN_POINT('Ctrl Pts',(-9.30687760057141,-13.5172598860979,18.2383862984923));
#1867=CARTESIAN_POINT('Ctrl Pts',(-9.,-13.5172598860979,18.2383862984923));
#1868=CARTESIAN_POINT('Ctrl Pts',(-9.99999999999999,-12.8493994752564,20.));
#1869=CARTESIAN_POINT('Ctrl Pts',(-10.0338871648236,-12.9779345031294,19.5683536021608));
#1870=CARTESIAN_POINT('Ctrl Pts',(-9.81426994254327,-13.185155216033,18.772218354452));
#1871=CARTESIAN_POINT('Ctrl Pts',(-9.24374612306019,-13.2545570974453,18.4818245019405));
#1872=CARTESIAN_POINT('Ctrl Pts',(-8.99999999999999,-13.2545570974453,18.4818245019405));
#1873=CARTESIAN_POINT('Ctrl Pts',(-9.99999999999999,-12.625,20.));
#1874=CARTESIAN_POINT('Ctrl Pts',(-9.99999999999999,-12.7745996501709,19.5681430085157));
#1875=CARTESIAN_POINT('Ctrl Pts',(-9.74900584182621,-13.0336809683616,18.8202396645187));
#1876=CARTESIAN_POINT('Ctrl Pts',(-9.22439947525641,-13.125,18.556624327026));
#1877=CARTESIAN_POINT('Ctrl Pts',(-8.99999999999999,-13.125,18.556624327026));
#1878=CARTESIAN_POINT('',(-9.99999999999999,-12.625,20.));
#1879=CARTESIAN_POINT('',(-11.,-13.625,20.));
#1880=CARTESIAN_POINT('Ctrl Pts',(-9.99999999999999,-12.625,20.));
#1881=CARTESIAN_POINT('Ctrl Pts',(-10.,-12.8493994752564,20.));
#1882=CARTESIAN_POINT('Ctrl Pts',(-10.078361615483,-13.0741573000857,20.));
#1883=CARTESIAN_POINT('Ctrl Pts',(-10.2182746278361,-13.2487228000142,20.));
#1884=CARTESIAN_POINT('Ctrl Pts',(-10.4048253109737,-13.4814767999189,20.));
#1885=CARTESIAN_POINT('Ctrl Pts',(-10.7008006996581,-13.625,20.));
#1886=CARTESIAN_POINT('Ctrl Pts',(-11.,-13.625,20.));
#1887=CARTESIAN_POINT('Origin',(-8.99999999999999,-13.625,20.));
#1888=CARTESIAN_POINT('Origin',(-8.99999999999999,-12.625,20.));
#1889=CARTESIAN_POINT('Origin',(-8.99999999999999,-19.6279037948503,15.9568716089341));
#1890=CARTESIAN_POINT('',(-9.,-10.625,20.));
#1891=CARTESIAN_POINT('',(-8.99999999999999,-19.1279037948503,15.0908462051497));
#1892=CARTESIAN_POINT('Origin',(-8.99999999999999,-12.625,20.));
#1893=CARTESIAN_POINT('Origin',(2.22044604925031E-15,-16.8495575897007,
16.40625));
#1894=CARTESIAN_POINT('',(9.,-10.625,20.));
#1895=CARTESIAN_POINT('',(9.,-13.7372787948503,18.203125));
#1896=CARTESIAN_POINT('',(12.8500000000008,-10.625,20.));
#1897=CARTESIAN_POINT('Origin',(9.,-14.2372787948503,19.0691504037844));
#1898=CARTESIAN_POINT('Origin',(9.,-12.625,20.));
#1899=CARTESIAN_POINT('Origin',(0.,2.22044604925031E-15,20.));
#1900=CARTESIAN_POINT('',(25.7,-13.625,20.));
#1901=CARTESIAN_POINT('',(28.7,-13.625,20.));
#1902=CARTESIAN_POINT('',(28.7,-10.625,20.));
#1903=CARTESIAN_POINT('Origin',(25.7,-10.625,20.));
#1904=CARTESIAN_POINT('',(28.7,10.625,20.));
#1905=CARTESIAN_POINT('',(28.7,13.625,20.));
#1906=CARTESIAN_POINT('',(25.7,13.625,20.));
#1907=CARTESIAN_POINT('Origin',(25.7,10.625,20.));
#1908=CARTESIAN_POINT('',(11.,13.625,20.));
#1909=CARTESIAN_POINT('',(-28.7,13.625,20.));
#1910=CARTESIAN_POINT('',(10.,12.625,20.));
#1911=CARTESIAN_POINT('Ctrl Pts',(10.,12.625,20.));
#1912=CARTESIAN_POINT('Ctrl Pts',(10.,12.8493994752564,20.));
#1913=CARTESIAN_POINT('Ctrl Pts',(10.078361615483,13.0741573000857,20.));
#1914=CARTESIAN_POINT('Ctrl Pts',(10.2182746278361,13.2487228000142,20.));
#1915=CARTESIAN_POINT('Ctrl Pts',(10.4048253109737,13.4814767999189,20.));
#1916=CARTESIAN_POINT('Ctrl Pts',(10.7008006996581,13.625,20.));
#1917=CARTESIAN_POINT('Ctrl Pts',(11.,13.625,20.));
#1918=CARTESIAN_POINT('',(9.,10.625,20.));
#1919=CARTESIAN_POINT('Origin',(9.,12.625,20.));
#1920=CARTESIAN_POINT('',(25.7000000000015,10.625,20.));
#1921=CARTESIAN_POINT('',(-12.8499999999992,10.625,20.));
#1922=CARTESIAN_POINT('',(25.7000000000015,-10.625,20.));
#1923=CARTESIAN_POINT('',(25.7000000000015,-3.81250000000001,20.));
#1924=CARTESIAN_POINT('',(12.8500000000008,-10.625,20.));
#1925=CARTESIAN_POINT('Ctrl Pts',(-8.99999999999999,13.625,17.6905989232415));
#1926=CARTESIAN_POINT('Ctrl Pts',(-9.44879895051283,13.625,17.6905989232415));
#1927=CARTESIAN_POINT('Ctrl Pts',(-10.4980116836525,13.625,18.1123834632298));
#1928=CARTESIAN_POINT('Ctrl Pts',(-11.,13.625,19.3090288136251));
#1929=CARTESIAN_POINT('Ctrl Pts',(-11.,13.625,20.));
#1930=CARTESIAN_POINT('Ctrl Pts',(-8.99999999999999,13.625,17.8900651234694));
#1931=CARTESIAN_POINT('Ctrl Pts',(-9.39707026788543,13.625,17.8900651234694));
#1932=CARTESIAN_POINT('Ctrl Pts',(-10.3262067652009,13.624856866857,18.2848463091668));
#1933=CARTESIAN_POINT('Ctrl Pts',(-10.7299134750463,13.6238257807716,19.3868915061933));
#1934=CARTESIAN_POINT('Ctrl Pts',(-10.7008006996581,13.625,20.));
#1935=CARTESIAN_POINT('Ctrl Pts',(-9.,13.5172598860979,18.2383862984922));
#1936=CARTESIAN_POINT('Ctrl Pts',(-9.30687760057141,13.5172598860979,18.2383862984922));
#1937=CARTESIAN_POINT('Ctrl Pts',(-10.0258510325511,13.4959020521783,18.5858555679505));
#1938=CARTESIAN_POINT('Ctrl Pts',(-10.2582991481713,13.424877853244,19.520636690864));
#1939=CARTESIAN_POINT('Ctrl Pts',(-10.1828437694603,13.3738343998581,20.));
#1940=CARTESIAN_POINT('Ctrl Pts',(-9.,13.2545570974453,18.4818245019404));
#1941=CARTESIAN_POINT('Ctrl Pts',(-9.24374612306019,13.2545570974453,18.4818245019404));
#1942=CARTESIAN_POINT('Ctrl Pts',(-9.81426994254329,13.185155216033,18.772218354452));
#1943=CARTESIAN_POINT('Ctrl Pts',(-10.0338871648236,12.9779345031294,19.5683536021608));
#1944=CARTESIAN_POINT('Ctrl Pts',(-10.,12.8493994752564,20.));
#1945=CARTESIAN_POINT('Ctrl Pts',(-9.,13.125,18.5566243270259));
#1946=CARTESIAN_POINT('Ctrl Pts',(-9.22439947525641,13.125,18.5566243270259));
#1947=CARTESIAN_POINT('Ctrl Pts',(-9.74900584182623,13.0336809683616,18.8202396645186));
#1948=CARTESIAN_POINT('Ctrl Pts',(-10.,12.7745996501709,19.5681430085157));
#1949=CARTESIAN_POINT('Ctrl Pts',(-10.,12.625,20.));
#1950=CARTESIAN_POINT('',(-9.,13.125,18.5566243270259));
#1951=CARTESIAN_POINT('',(-9.,13.625,17.6905989232415));
#1952=CARTESIAN_POINT('Origin',(-9.,12.625,17.6905989232415));
#1953=CARTESIAN_POINT('',(-11.,13.625,20.));
#1954=CARTESIAN_POINT('Origin',(-9.,13.625,20.));
#1955=CARTESIAN_POINT('',(-10.,12.625,20.));
#1956=CARTESIAN_POINT('Ctrl Pts',(-11.,13.625,20.));
#1957=CARTESIAN_POINT('Ctrl Pts',(-10.7008006996581,13.625,20.));
#1958=CARTESIAN_POINT('Ctrl Pts',(-10.4048253109737,13.4814767999189,20.));
#1959=CARTESIAN_POINT('Ctrl Pts',(-10.2182746278361,13.2487228000142,20.));
#1960=CARTESIAN_POINT('Ctrl Pts',(-10.078361615483,13.0741573000857,20.));
#1961=CARTESIAN_POINT('Ctrl Pts',(-10.,12.8493994752564,20.));
#1962=CARTESIAN_POINT('Ctrl Pts',(-10.,12.625,20.));
#1963=CARTESIAN_POINT('Origin',(-9.,12.625,20.));
#1964=CARTESIAN_POINT('Origin',(14.35,12.625,17.6905989232415));
#1965=CARTESIAN_POINT('',(9.,13.125,18.5566243270259));
#1966=CARTESIAN_POINT('',(9.,13.625,17.6905989232415));
#1967=CARTESIAN_POINT('Origin',(9.,12.625,17.6905989232415));
#1968=CARTESIAN_POINT('',(14.35,13.625,17.6905989232415));
#1969=CARTESIAN_POINT('',(14.35,13.125,18.5566243270259));
#1970=CARTESIAN_POINT('Ctrl Pts',(11.,13.625,20.));
#1971=CARTESIAN_POINT('Ctrl Pts',(11.,13.625,19.4817716102188));
#1972=CARTESIAN_POINT('Ctrl Pts',(10.6347238734466,13.625,18.2702451023881));
#1973=CARTESIAN_POINT('Ctrl Pts',(9.59839860068378,13.625,17.6905989232415));
#1974=CARTESIAN_POINT('Ctrl Pts',(9.,13.625,17.6905989232415));
#1975=CARTESIAN_POINT('Ctrl Pts',(10.7008006996581,13.625,20.));
#1976=CARTESIAN_POINT('Ctrl Pts',(10.7226352811993,13.6241193355787,19.540168629645));
#1977=CARTESIAN_POINT('Ctrl Pts',(10.4448663695853,13.6243948352983,18.4337337481787));
#1978=CARTESIAN_POINT('Ctrl Pts',(9.52942702384724,13.625,17.8900651234694));
#1979=CARTESIAN_POINT('Ctrl Pts',(9.,13.625,17.8900651234694));
#1980=CARTESIAN_POINT('Ctrl Pts',(10.1828437694603,13.3738343998581,20.));
#1981=CARTESIAN_POINT('Ctrl Pts',(10.2394353034936,13.4121169898975,19.640477518148));
#1982=CARTESIAN_POINT('Ctrl Pts',(10.1121875780811,13.4882674990455,18.7185535160195));
#1983=CARTESIAN_POINT('Ctrl Pts',(9.40917013409522,13.5172598860979,18.2383862984922));
#1984=CARTESIAN_POINT('Ctrl Pts',(9.,13.5172598860979,18.2383862984922));
#1985=CARTESIAN_POINT('Ctrl Pts',(10.,12.8493994752564,20.));
#1986=CARTESIAN_POINT('Ctrl Pts',(10.0254153736177,12.9458007461611,19.6762652016206));
#1987=CARTESIAN_POINT('Ctrl Pts',(9.88489405223583,13.159404489477,18.8818602463558));
#1988=CARTESIAN_POINT('Ctrl Pts',(9.32499483074693,13.2545570974453,18.4818245019404));
#1989=CARTESIAN_POINT('Ctrl Pts',(9.,13.2545570974453,18.4818245019404));
#1990=CARTESIAN_POINT('Ctrl Pts',(10.,12.625,20.));
#1991=CARTESIAN_POINT('Ctrl Pts',(10.,12.7371997376282,19.6761072563868));
#1992=CARTESIAN_POINT('Ctrl Pts',(9.81736193672329,12.9995029209131,18.9189031889926));
#1993=CARTESIAN_POINT('Ctrl Pts',(9.29919930034189,13.125,18.5566243270259));
#1994=CARTESIAN_POINT('Ctrl Pts',(9.,13.125,18.5566243270259));
#1995=CARTESIAN_POINT('Origin',(9.,13.625,20.));
#1996=CARTESIAN_POINT('Origin',(9.,12.625,20.));
#1997=CARTESIAN_POINT('Origin',(9.,19.6279037948503,15.9568716089341));
#1998=CARTESIAN_POINT('',(9.,19.1279037948503,15.0908462051497));
#1999=CARTESIAN_POINT('Origin',(6.82683199013539E-16,16.8495575897006,16.40625));
#2000=CARTESIAN_POINT('',(-9.,10.625,20.));
#2001=CARTESIAN_POINT('',(-9.,13.7372787948503,18.203125));
#2002=CARTESIAN_POINT('',(-12.8499999999992,10.625,20.));
#2003=CARTESIAN_POINT('Origin',(-9.,14.2372787948503,19.0691504037844));
#2004=CARTESIAN_POINT('Origin',(-9.,12.625,20.));
#2005=CARTESIAN_POINT('Origin',(2.5,11.125,18.4500394204109));
#2006=CARTESIAN_POINT('',(-5.,10.625,18.4500394204109));
#2007=CARTESIAN_POINT('',(-5.,10.8,18.0700723165716));
#2008=CARTESIAN_POINT('Origin',(-5.,11.125,18.4500394204109));
#2009=CARTESIAN_POINT('',(5.,10.8,18.0700723165716));
#2010=CARTESIAN_POINT('',(2.5,10.8,18.0700723165716));
#2011=CARTESIAN_POINT('',(5.,10.625,18.4500394204109));
#2012=CARTESIAN_POINT('Origin',(5.,11.125,18.4500394204109));
#2013=CARTESIAN_POINT('',(2.5,10.625,18.4500394204109));
#2014=CARTESIAN_POINT('Ctrl Pts',(-5.,10.8,16.3101381088931));
#2015=CARTESIAN_POINT('Ctrl Pts',(-5.1311217031714,10.8,16.3101381088931));
#2016=CARTESIAN_POINT('Ctrl Pts',(-5.52836791912652,10.8,16.3965349447522));
#2017=CARTESIAN_POINT('Ctrl Pts',(-5.98163817685819,10.8,16.9651332008217));
#2018=CARTESIAN_POINT('Ctrl Pts',(-5.78667740754533,10.8,17.8161657216617));
#2019=CARTESIAN_POINT('Ctrl Pts',(-5.26163635446659,10.8,18.0700723165716));
#2020=CARTESIAN_POINT('Ctrl Pts',(-5.00000000000001,10.8,18.0700723165716));
#2021=CARTESIAN_POINT('Ctrl Pts',(-5.,10.6906692927102,16.2166234874689));
#2022=CARTESIAN_POINT('Ctrl Pts',(-5.14499763374694,10.6906692927102,16.2166234874689));
#2023=CARTESIAN_POINT('Ctrl Pts',(-5.58430310874792,10.6906692927102,16.3123033735574));
#2024=CARTESIAN_POINT('Ctrl Pts',(-6.08555044814708,10.6906692927102,16.9412762657546));
#2025=CARTESIAN_POINT('Ctrl Pts',(-5.86996161441432,10.6906692927102,17.8825459004295));
#2026=CARTESIAN_POINT('Ctrl Pts',(-5.28932397446244,10.6906692927102,18.1635869379958));
#2027=CARTESIAN_POINT('Ctrl Pts',(-5.00000000000001,10.6906692927102,18.1635869379958));
#2028=CARTESIAN_POINT('Ctrl Pts',(-5.,10.625,16.0740396533987));
#2029=CARTESIAN_POINT('Ctrl Pts',(-5.16625879568492,10.625,16.0740396533987));
#2030=CARTESIAN_POINT('Ctrl Pts',(-5.66997171060486,10.625,16.1836924399401));
#2031=CARTESIAN_POINT('Ctrl Pts',(-6.24471351231858,10.625,16.9048101751595));
#2032=CARTESIAN_POINT('Ctrl Pts',(-5.99751118406242,10.625,17.984027627278));
#2033=CARTESIAN_POINT('Ctrl Pts',(-5.33174786590557,10.625,18.306170772066));
#2034=CARTESIAN_POINT('Ctrl Pts',(-5.00000000000001,10.625,18.306170772066));
#2035=CARTESIAN_POINT('Ctrl Pts',(-5.,10.625,15.9301710050538));
#2036=CARTESIAN_POINT('Ctrl Pts',(-5.18773965353243,10.625,15.9301710050538));
#2037=CARTESIAN_POINT('Ctrl Pts',(-5.7565155704605,10.625,16.0538737303707));
#2038=CARTESIAN_POINT('Ctrl Pts',(-6.40550653904077,10.625,16.8679909742116));
#2039=CARTESIAN_POINT('Ctrl Pts',(-6.12636230587466,10.625,18.0864967344555));
#2040=CARTESIAN_POINT('Ctrl Pts',(-5.37461013204539,10.625,18.4500394204109));
#2041=CARTESIAN_POINT('Ctrl Pts',(-5.00000000000001,10.625,18.4500394204109));
#2042=CARTESIAN_POINT('',(-5.,10.625,15.9301710050538));
#2043=CARTESIAN_POINT('',(-5.,10.8,16.3101381088931));
#2044=CARTESIAN_POINT('Origin',(-5.,11.125,15.9301710050538));
#2045=CARTESIAN_POINT('Ctrl Pts',(-5.,10.8,16.3101381088931));
#2046=CARTESIAN_POINT('Ctrl Pts',(-5.1311217031714,10.8,16.3101381088931));
#2047=CARTESIAN_POINT('Ctrl Pts',(-5.52836791912652,10.8,16.3965349447522));
#2048=CARTESIAN_POINT('Ctrl Pts',(-5.98163817685819,10.8,16.9651332008217));
#2049=CARTESIAN_POINT('Ctrl Pts',(-5.78667740754533,10.8,17.8161657216617));
#2050=CARTESIAN_POINT('Ctrl Pts',(-5.26163635446659,10.8,18.0700723165716));
#2051=CARTESIAN_POINT('Ctrl Pts',(-5.00000000000001,10.8,18.0700723165716));
#2052=CARTESIAN_POINT('Ctrl Pts',(-5.00000000000001,10.625,18.4500394204109));
#2053=CARTESIAN_POINT('Ctrl Pts',(-5.37461013204539,10.625,18.4500394204109));
#2054=CARTESIAN_POINT('Ctrl Pts',(-6.12636230587466,10.625,18.0864967344555));
#2055=CARTESIAN_POINT('Ctrl Pts',(-6.40550653904077,10.625,16.8679909742116));
#2056=CARTESIAN_POINT('Ctrl Pts',(-5.7565155704605,10.625,16.0538737303707));
#2057=CARTESIAN_POINT('Ctrl Pts',(-5.18773965353243,10.625,15.9301710050538));
#2058=CARTESIAN_POINT('Ctrl Pts',(-5.,10.625,15.9301710050538));
#2059=CARTESIAN_POINT('Ctrl Pts',(5.,10.625,15.9301710050538));
#2060=CARTESIAN_POINT('Ctrl Pts',(5.37567412940467,10.625,15.9301710050538));
#2061=CARTESIAN_POINT('Ctrl Pts',(5.93293230729884,10.625,16.2033526965888));
#2062=CARTESIAN_POINT('Ctrl Pts',(6.35622534517208,10.625,17.076749555739));
#2063=CARTESIAN_POINT('Ctrl Pts',(6.12542959258735,10.625,18.0879576839331));
#2064=CARTESIAN_POINT('Ctrl Pts',(5.37480450340228,10.625,18.4500394204109));
#2065=CARTESIAN_POINT('Ctrl Pts',(4.99999999999999,10.625,18.4500394204109));
#2066=CARTESIAN_POINT('Ctrl Pts',(5.,10.625,16.0740396533987));
#2067=CARTESIAN_POINT('Ctrl Pts',(5.33269012246266,10.625,16.0740396533987));
#2068=CARTESIAN_POINT('Ctrl Pts',(5.82621499088994,10.625,16.316147249654));
#2069=CARTESIAN_POINT('Ctrl Pts',(6.20107123646425,10.625,17.0896744655339));
#2070=CARTESIAN_POINT('Ctrl Pts',(5.99668872282313,10.625,17.9853315127921));
#2071=CARTESIAN_POINT('Ctrl Pts',(5.33191999761619,10.625,18.306170772066));
#2072=CARTESIAN_POINT('Ctrl Pts',(4.99999999999999,10.625,18.306170772066));
#2073=CARTESIAN_POINT('Ctrl Pts',(5.,10.6906692927102,16.2166234874689));
#2074=CARTESIAN_POINT('Ctrl Pts',(5.29014573532388,10.6906692927102,16.2166234874689));
#2075=CARTESIAN_POINT('Ctrl Pts',(5.72057165465766,10.6906692927102,16.4278574832969));
#2076=CARTESIAN_POINT('Ctrl Pts',(6.0474892603319,10.6906692927102,17.1024960853375));
#2077=CARTESIAN_POINT('Ctrl Pts',(5.86924601173727,10.6906692927102,17.883687852847));
#2078=CARTESIAN_POINT('Ctrl Pts',(5.28947409398324,10.6906692927102,18.1635869379958));
#2079=CARTESIAN_POINT('Ctrl Pts',(4.99999999999999,10.6906692927102,18.1635869379958));
#2080=CARTESIAN_POINT('Ctrl Pts',(5.,10.8,16.3101381088931));
#2081=CARTESIAN_POINT('Ctrl Pts',(5.26237947475739,10.8,16.3101381088931));
#2082=CARTESIAN_POINT('Ctrl Pts',(5.65158143618027,10.8,16.5009345016388));
#2083=CARTESIAN_POINT('Ctrl Pts',(5.94721905467065,10.8,17.1109350079865));
#2084=CARTESIAN_POINT('Ctrl Pts',(5.78602597907776,10.8,17.8171860824654));
#2085=CARTESIAN_POINT('Ctrl Pts',(5.26177210790436,10.8,18.0700723165716));
#2086=CARTESIAN_POINT('Ctrl Pts',(4.99999999999999,10.8,18.0700723165716));
#2087=CARTESIAN_POINT('',(4.99999999999999,10.8,16.3101381088931));
#2088=CARTESIAN_POINT('',(5.,10.625,15.9301710050538));
#2089=CARTESIAN_POINT('Origin',(4.99999999999999,11.125,15.9301710050538));
#2090=CARTESIAN_POINT('Ctrl Pts',(5.,10.625,15.9301710050538));
#2091=CARTESIAN_POINT('Ctrl Pts',(5.37567412940467,10.625,15.9301710050538));
#2092=CARTESIAN_POINT('Ctrl Pts',(5.93293230729884,10.625,16.2033526965888));
#2093=CARTESIAN_POINT('Ctrl Pts',(6.35622534517208,10.625,17.076749555739));
#2094=CARTESIAN_POINT('Ctrl Pts',(6.12542959258735,10.625,18.0879576839331));
#2095=CARTESIAN_POINT('Ctrl Pts',(5.37480450340228,10.625,18.4500394204109));
#2096=CARTESIAN_POINT('Ctrl Pts',(4.99999999999999,10.625,18.4500394204109));
#2097=CARTESIAN_POINT('Ctrl Pts',(4.99999999999999,10.8,18.0700723165716));
#2098=CARTESIAN_POINT('Ctrl Pts',(5.26177210790436,10.8,18.0700723165716));
#2099=CARTESIAN_POINT('Ctrl Pts',(5.78602597907776,10.8,17.8171860824654));
#2100=CARTESIAN_POINT('Ctrl Pts',(5.94721905467065,10.8,17.1109350079865));
#2101=CARTESIAN_POINT('Ctrl Pts',(5.65158143618027,10.8,16.5009345016388));
#2102=CARTESIAN_POINT('Ctrl Pts',(5.26237947475739,10.8,16.3101381088931));
#2103=CARTESIAN_POINT('Ctrl Pts',(5.,10.8,16.3101381088931));
#2104=CARTESIAN_POINT('Origin',(-2.5,11.125,15.9301710050538));
#2105=CARTESIAN_POINT('',(-2.5,10.8,16.3101381088931));
#2106=CARTESIAN_POINT('',(-2.5,10.625,15.9301710050538));
#2107=CARTESIAN_POINT('Ctrl Pts',(5.,10.975,16.6901052127324));
#2108=CARTESIAN_POINT('Ctrl Pts',(5.49999999999999,10.975,16.6901052127324));
#2109=CARTESIAN_POINT('Ctrl Pts',(5.49999999999999,10.975,17.1901052127324));
#2110=CARTESIAN_POINT('Ctrl Pts',(5.49999999999999,10.975,17.6901052127324));
#2111=CARTESIAN_POINT('Ctrl Pts',(5.,10.975,17.6901052127324));
#2112=CARTESIAN_POINT('Ctrl Pts',(5.,10.975,16.4598221194964));
#2113=CARTESIAN_POINT('Ctrl Pts',(5.73028309323593,10.975,16.4598221194964));
#2114=CARTESIAN_POINT('Ctrl Pts',(5.73028309323593,10.975,17.1901052127324));
#2115=CARTESIAN_POINT('Ctrl Pts',(5.73028309323593,10.975,17.9203883059683));
#2116=CARTESIAN_POINT('Ctrl Pts',(5.,10.975,17.9203883059683));
#2117=CARTESIAN_POINT('Ctrl Pts',(5.,10.8,16.3101381088931));
#2118=CARTESIAN_POINT('Ctrl Pts',(5.87996710383928,10.8,16.3101381088931));
#2119=CARTESIAN_POINT('Ctrl Pts',(5.87996710383928,10.8,17.1901052127324));
#2120=CARTESIAN_POINT('Ctrl Pts',(5.87996710383928,10.8,18.0700723165716));
#2121=CARTESIAN_POINT('Ctrl Pts',(5.,10.8,18.0700723165716));
#2122=CARTESIAN_POINT('',(5.,10.975,17.6901052127324));
#2123=CARTESIAN_POINT('Origin',(5.,10.475,17.6901052127324));
#2124=CARTESIAN_POINT('',(5.,10.975,16.6901052127324));
#2125=CARTESIAN_POINT('Origin',(5.,10.975,17.1901052127324));
#2126=CARTESIAN_POINT('Origin',(5.,10.475,16.6901052127324));
#2127=CARTESIAN_POINT('Origin',(2.5,10.475,17.6901052127324));
#2128=CARTESIAN_POINT('',(-5.,10.975,17.6901052127324));
#2129=CARTESIAN_POINT('Origin',(-5.,10.475,17.6901052127324));
#2130=CARTESIAN_POINT('',(2.5,10.975,17.6901052127324));
#2131=CARTESIAN_POINT('Origin',(-25.6999999999985,10.625,20.));
#2132=CARTESIAN_POINT('',(-25.6999999999985,10.625,20.));
#2133=CARTESIAN_POINT('',(-12.8499999999992,10.625,20.));
#2134=CARTESIAN_POINT('',(-25.6999999999985,10.625,3.));
#2135=CARTESIAN_POINT('',(-25.6999999999985,10.625,20.));
#2136=CARTESIAN_POINT('',(25.7000000000015,10.625,3.));
#2137=CARTESIAN_POINT('',(-25.6999999999985,10.625,3.));
#2138=CARTESIAN_POINT('',(25.7000000000015,10.625,20.));
#2139=CARTESIAN_POINT('Ctrl Pts',(-5.,-10.775,18.0471766341595));
#2140=CARTESIAN_POINT('Ctrl Pts',(-5.2552695053313,-10.775,18.0471766341595));
#2141=CARTESIAN_POINT('Ctrl Pts',(-5.76645908363323,-10.775,17.7988050948001));
#2142=CARTESIAN_POINT('Ctrl Pts',(-5.95594995665554,-10.775,16.9704817754009));
#2143=CARTESIAN_POINT('Ctrl Pts',(-5.51575978768525,-10.775,16.4188102143059));
#2144=CARTESIAN_POINT('Ctrl Pts',(-5.12791400303399,-10.775,16.3330337913052));
#2145=CARTESIAN_POINT('Ctrl Pts',(-5.,-10.775,16.3330337913052));
#2146=CARTESIAN_POINT('Ctrl Pts',(-5.,-10.6803286030349,18.1399731643476));
#2147=CARTESIAN_POINT('Ctrl Pts',(-5.2828297254938,-10.6803286030349,18.1399731643476));
#2148=CARTESIAN_POINT('Ctrl Pts',(-5.84923145168763,-10.6803286030349,17.8646086520427));
#2149=CARTESIAN_POINT('Ctrl Pts',(-6.05917846787805,-10.6803286030349,16.9467371036242));
#2150=CARTESIAN_POINT('Ctrl Pts',(-5.57145691276722,-10.6803286030349,16.3353684575865));
#2151=CARTESIAN_POINT('Ctrl Pts',(-5.14172426243378,-10.6803286030349,16.2402372611171));
#2152=CARTESIAN_POINT('Ctrl Pts',(-5.,-10.6803286030349,16.2402372611171));
#2153=CARTESIAN_POINT('Ctrl Pts',(-5.,-10.625,18.2716815838893));
#2154=CARTESIAN_POINT('Ctrl Pts',(-5.32207804380084,-10.625,18.2716815838893));
#2155=CARTESIAN_POINT('Ctrl Pts',(-5.96707083937023,-10.625,17.9581755775805));
#2156=CARTESIAN_POINT('Ctrl Pts',(-6.20615313896194,-10.625,16.9129780508666));
#2157=CARTESIAN_POINT('Ctrl Pts',(-5.65075286379844,-10.625,16.2168239086806));
#2158=CARTESIAN_POINT('Ctrl Pts',(-5.16139135702265,-10.625,16.1085288415755));
#2159=CARTESIAN_POINT('Ctrl Pts',(-5.,-10.625,16.1085288415755));
#2160=CARTESIAN_POINT('Ctrl Pts',(-5.,-10.625,18.4042480555866));
#2161=CARTESIAN_POINT('Ctrl Pts',(-5.36161938800955,-10.625,18.4042480555866));
#2162=CARTESIAN_POINT('Ctrl Pts',(-6.08577976988704,-10.625,18.052400450658));
#2163=CARTESIAN_POINT('Ctrl Pts',(-6.35421596028431,-10.625,16.8789826879432));
#2164=CARTESIAN_POINT('Ctrl Pts',(-5.73063462296684,-10.625,16.0974747986771));
#2165=CARTESIAN_POINT('Ctrl Pts',(-5.18120528511608,-10.625,15.9759623698781));
#2166=CARTESIAN_POINT('Ctrl Pts',(-5.,-10.625,15.9759623698781));
#2167=CARTESIAN_POINT('',(-5.,-10.625,18.4042480555866));
#2168=CARTESIAN_POINT('',(-5.,-10.775,18.0471766341595));
#2169=CARTESIAN_POINT('Origin',(-5.,-11.125,18.4042480555866));
#2170=CARTESIAN_POINT('',(-5.,-10.775,16.3330337913052));
#2171=CARTESIAN_POINT('Ctrl Pts',(-5.,-10.775,18.0471766341595));
#2172=CARTESIAN_POINT('Ctrl Pts',(-5.2552695053313,-10.775,18.0471766341595));
#2173=CARTESIAN_POINT('Ctrl Pts',(-5.76645908363323,-10.775,17.7988050948001));
#2174=CARTESIAN_POINT('Ctrl Pts',(-5.95594995665554,-10.775,16.9704817754009));
#2175=CARTESIAN_POINT('Ctrl Pts',(-5.51575978768525,-10.775,16.4188102143059));
#2176=CARTESIAN_POINT('Ctrl Pts',(-5.12791400303399,-10.775,16.3330337913052));
#2177=CARTESIAN_POINT('Ctrl Pts',(-5.,-10.775,16.3330337913052));
#2178=CARTESIAN_POINT('',(-5.,-10.625,15.9759623698781));
#2179=CARTESIAN_POINT('Origin',(-5.00000000000001,-11.125,15.9759623698781));
#2180=CARTESIAN_POINT('Ctrl Pts',(-5.,-10.625,15.9759623698781));
#2181=CARTESIAN_POINT('Ctrl Pts',(-5.04785717218932,-10.625,15.9759623698781));
#2182=CARTESIAN_POINT('Ctrl Pts',(-5.09594038106415,-10.6249999947103,15.9788473350868));
#2183=CARTESIAN_POINT('Ctrl Pts',(-5.14373577867012,-10.6250000221971,15.9845674211136));
#2184=CARTESIAN_POINT('Ctrl Pts',(-5.19078032224403,-10.625000049252,15.990197645985));
#2185=CARTESIAN_POINT('Ctrl Pts',(-5.23754495769502,-10.6250001137928,15.9985742007887));
#2186=CARTESIAN_POINT('Ctrl Pts',(-5.28355483220145,-10.625000254334,16.0096025407443));
#2187=CARTESIAN_POINT('Ctrl Pts',(-5.32869839804901,-10.625000392229,16.0204232307879));
#2188=CARTESIAN_POINT('Ctrl Pts',(-5.37311451586427,-10.6250006052803,16.0337963731473));
#2189=CARTESIAN_POINT('Ctrl Pts',(-5.41638334053993,-10.6250008764509,16.0495931520104));
#2190=CARTESIAN_POINT('Ctrl Pts',(-5.4540318890987,-10.6250011123986,16.0633380549644));
#2191=CARTESIAN_POINT('Ctrl Pts',(-5.49121789244467,-10.6250011470627,16.0789491020281));
#2192=CARTESIAN_POINT('Ctrl Pts',(-5.52758366395619,-10.6250010336289,16.0964647564819));
#2193=CARTESIAN_POINT('Ctrl Pts',(-5.56392491703418,-10.6250009202716,16.1139686015779));
#2194=CARTESIAN_POINT('Ctrl Pts',(-5.59944593405375,-10.6250006852265,16.1333749161904));
#2195=CARTESIAN_POINT('Ctrl Pts',(-5.63389488386193,-10.6250004916158,16.1545343919129));
#2196=CARTESIAN_POINT('Ctrl Pts',(-5.66895434396124,-10.625000294574,16.1760688595512));
#2197=CARTESIAN_POINT('Ctrl Pts',(-5.70290267814898,-10.6250001476482,16.1994189917827));
#2198=CARTESIAN_POINT('Ctrl Pts',(-5.73548323466881,-10.6250000790074,16.2243736691948));
#2199=CARTESIAN_POINT('Ctrl Pts',(-5.76403073535835,-10.6250000188635,16.2462392769905));
#2200=CARTESIAN_POINT('Ctrl Pts',(-5.79152793901847,-10.6250000085778,16.2693357599608));
#2201=CARTESIAN_POINT('Ctrl Pts',(-5.81781447306,-10.6250000058909,16.2934905852075));
#2202=CARTESIAN_POINT('Ctrl Pts',(-5.85068489173539,-10.625000002531,16.3236953743834));
#2203=CARTESIAN_POINT('Ctrl Pts',(-5.88209756130407,-10.6250000015206,16.3558349670462));
#2204=CARTESIAN_POINT('Ctrl Pts',(-5.9117494254442,-10.6250000018835,16.3896579525126));
#2205=CARTESIAN_POINT('Ctrl Pts',(-5.94157228641423,-10.6250000022486,16.423675988896));
#2206=CARTESIAN_POINT('Ctrl Pts',(-5.96961323406323,-10.6250000017847,16.4593962794572));
#2207=CARTESIAN_POINT('Ctrl Pts',(-5.99559252420688,-10.6250000169018,16.4965185643492));
#2208=CARTESIAN_POINT('Ctrl Pts',(-6.02135086802551,-10.6250000318904,16.5333251349789));
#2209=CARTESIAN_POINT('Ctrl Pts',(-6.04508183364756,-10.6250000586529,16.571509201767));
#2210=CARTESIAN_POINT('Ctrl Pts',(-6.06655100163793,-10.6250001733196,16.6107448695323));
#2211=CARTESIAN_POINT('Ctrl Pts',(-6.07739267614747,-10.625000231225,16.6305584151371));
#2212=CARTESIAN_POINT('Ctrl Pts',(-6.08765823091073,-10.6250003128165,16.6506396740502));
#2213=CARTESIAN_POINT('Ctrl Pts',(-6.09732200590215,-10.6250004388556,16.6709443583876));
#2214=CARTESIAN_POINT('Ctrl Pts',(-6.11395829862225,-10.6250006558332,16.7058990911422));
#2215=CARTESIAN_POINT('Ctrl Pts',(-6.12892923316522,-10.6250010407754,16.7417739243569));
#2216=CARTESIAN_POINT('Ctrl Pts',(-6.14212819254278,-10.6250014328133,16.7782970258132));
#2217=CARTESIAN_POINT('Ctrl Pts',(-6.15519305070362,-10.6250018208682,16.8144490531415));
#2218=CARTESIAN_POINT('Ctrl Pts',(-6.16652189661134,-10.6250021868409,16.8512355703576));
#2219=CARTESIAN_POINT('Ctrl Pts',(-6.17606052344204,-10.6250021675947,16.88840678328));
#2220=CARTESIAN_POINT('Ctrl Pts',(-6.17863339147159,-10.6250021624034,16.8984330299343));
#2221=CARTESIAN_POINT('Ctrl Pts',(-6.18107628357207,-10.6250021298521,16.9084873741149));
#2222=CARTESIAN_POINT('Ctrl Pts',(-6.18338873233078,-10.6250020672209,16.9185651796618));
#2223=CARTESIAN_POINT('Ctrl Pts',(-6.18380514817552,-10.6250020559425,16.920379947619));
#2224=CARTESIAN_POINT('Ctrl Pts',(-6.18421733475321,-10.6250020436998,16.9221954767036));
#2225=CARTESIAN_POINT('Ctrl Pts',(-6.18462530734955,-10.6250020304926,16.92401173593));
#2226=CARTESIAN_POINT('Ctrl Pts',(-6.19257013437362,-10.6250017732965,16.9593814286844));
#2227=CARTESIAN_POINT('Ctrl Pts',(-6.19894262385121,-10.6250011882627,16.9951892009082));
#2228=CARTESIAN_POINT('Ctrl Pts',(-6.20364514296353,-10.6250007760162,17.0312377675345));
#2229=CARTESIAN_POINT('Ctrl Pts',(-6.20837802448381,-10.625000361108,17.0675190862794));
#2230=CARTESIAN_POINT('Ctrl Pts',(-6.2114187452249,-10.6250001349825,17.1040439615708));
#2231=CARTESIAN_POINT('Ctrl Pts',(-6.2126953975862,-10.6250000619988,17.140566161299));
#2232=CARTESIAN_POINT('Ctrl Pts',(-6.21327295401095,-10.625000028981,17.1570887728875));
#2233=CARTESIAN_POINT('Ctrl Pts',(-6.21348989215874,-10.6250000187445,17.1736102607588));
#2234=CARTESIAN_POINT('Ctrl Pts',(-6.21334184676183,-10.6250000154812,17.1901051865889));
#2235=CARTESIAN_POINT('Ctrl Pts',(-6.21292647956083,-10.6250000063257,17.236384580047));
#2236=CARTESIAN_POINT('Ctrl Pts',(-6.2098663717389,-10.6250000034761,17.2828653672101));
#2237=CARTESIAN_POINT('Ctrl Pts',(-6.20420613677227,-10.6250000018895,17.3291213329903));
#2238=CARTESIAN_POINT('Ctrl Pts',(-6.1985093150233,-10.6250000002926,17.3756762893534));
#2239=CARTESIAN_POINT('Ctrl Pts',(-6.19017883036075,-10.6250000001726,17.4220024660303));
#2240=CARTESIAN_POINT('Ctrl Pts',(-6.17931292341743,-10.6250000000701,17.4676683275287));
#2241=CARTESIAN_POINT('Ctrl Pts',(-6.16855779591883,-10.6249999999686,17.5128686191666));
#2242=CARTESIAN_POINT('Ctrl Pts',(-6.15531903760737,-10.6250000000002,17.5574210271682));
#2243=CARTESIAN_POINT('Ctrl Pts',(-6.13973914322145,-10.6250000000001,17.6009249929297));
#2244=CARTESIAN_POINT('Ctrl Pts',(-6.13381035258871,-10.625,17.6174800412699));
#2245=CARTESIAN_POINT('Ctrl Pts',(-6.12754300156721,-10.625,17.6338835239945));
#2246=CARTESIAN_POINT('Ctrl Pts',(-6.12094659777224,-10.625,17.6501144948025));
#2247=CARTESIAN_POINT('Ctrl Pts',(-6.10545971795873,-10.625,17.6882211817144));
#2248=CARTESIAN_POINT('Ctrl Pts',(-6.08798923388571,-10.625,17.7257850012025));
#2249=CARTESIAN_POINT('Ctrl Pts',(-6.06858658136752,-10.625,17.7624426870531));
#2250=CARTESIAN_POINT('Ctrl Pts',(-6.0495430597344,-10.625,17.7984218622129));
#2251=CARTESIAN_POINT('Ctrl Pts',(-6.02863852940207,-10.625,17.8335272925512));
#2252=CARTESIAN_POINT('Ctrl Pts',(-6.00596815260334,-10.625,17.8674321828348));
#2253=CARTESIAN_POINT('Ctrl Pts',(-5.98820062318299,-10.625,17.8940045746815));
#2254=CARTESIAN_POINT('Ctrl Pts',(-5.96934939062889,-10.625,17.9198397418218));
#2255=CARTESIAN_POINT('Ctrl Pts',(-5.94947903948388,-10.625,17.944792724771));
#2256=CARTESIAN_POINT('Ctrl Pts',(-5.93551696755308,-10.625,17.9623261513462));
#2257=CARTESIAN_POINT('Ctrl Pts',(-5.92105212004647,-10.625,17.979424283758));
#2258=CARTESIAN_POINT('Ctrl Pts',(-5.9061357414366,-10.625,17.9960595214566));
#2259=CARTESIAN_POINT('Ctrl Pts',(-5.89406642983934,-10.625,18.0095196160634));
#2260=CARTESIAN_POINT('Ctrl Pts',(-5.88170157666707,-10.625,18.0226767157303));
#2261=CARTESIAN_POINT('Ctrl Pts',(-5.8690696637354,-10.625,18.0355179233111));
#2262=CARTESIAN_POINT('Ctrl Pts',(-5.86379629057307,-10.625,18.0408786695254));
#2263=CARTESIAN_POINT('Ctrl Pts',(-5.85847740607844,-10.625,18.0461835117044));
#2264=CARTESIAN_POINT('Ctrl Pts',(-5.85310190649249,-10.625,18.0514441628436));
#2265=CARTESIAN_POINT('Ctrl Pts',(-5.82067907692308,-10.625,18.0831742732424));
#2266=CARTESIAN_POINT('Ctrl Pts',(-5.78629605219345,-10.625,18.1131874516588));
#2267=CARTESIAN_POINT('Ctrl Pts',(-5.75028572940809,-10.625,18.1412499597444));
#2268=CARTESIAN_POINT('Ctrl Pts',(-5.71383588213629,-10.625,18.1696549851557));
#2269=CARTESIAN_POINT('Ctrl Pts',(-5.67571962815618,-10.625,18.1960608704078));
#2270=CARTESIAN_POINT('Ctrl Pts',(-5.63631836459698,-10.625,18.2202649541045));
#2271=CARTESIAN_POINT('Ctrl Pts',(-5.59701914006419,-10.625,18.2444063555187));
#2272=CARTESIAN_POINT('Ctrl Pts',(-5.55644252267641,-10.625,18.26635691759));
#2273=CARTESIAN_POINT('Ctrl Pts',(-5.51498879225031,-10.625,18.2859621543402));
#2274=CARTESIAN_POINT('Ctrl Pts',(-5.50224453442573,-10.625,18.2919894572943));
#2275=CARTESIAN_POINT('Ctrl Pts',(-5.48941747567051,-10.625,18.2977954487935));
#2276=CARTESIAN_POINT('Ctrl Pts',(-5.47651944544302,-10.625,18.3033766206819));
#2277=CARTESIAN_POINT('Ctrl Pts',(-5.47028331832879,-10.625,18.3060750867832));
#2278=CARTESIAN_POINT('Ctrl Pts',(-5.46402396845094,-10.625,18.3087239175714));
#2279=CARTESIAN_POINT('Ctrl Pts',(-5.45773582469501,-10.625,18.3113251088892));
#2280=CARTESIAN_POINT('Ctrl Pts',(-5.41783200560969,-10.625,18.3278319623869));
#2281=CARTESIAN_POINT('Ctrl Pts',(-5.37685148951968,-10.625,18.3423798870177));
#2282=CARTESIAN_POINT('Ctrl Pts',(-5.33512503115917,-10.625,18.354749601346));
#2283=CARTESIAN_POINT('Ctrl Pts',(-5.29366790358161,-10.625,18.3670394731721));
#2284=CARTESIAN_POINT('Ctrl Pts',(-5.2514753221717,-10.625,18.377178717346));
#2285=CARTESIAN_POINT('Ctrl Pts',(-5.20889446769708,-10.625,18.3849979492187));
#2286=CARTESIAN_POINT('Ctrl Pts',(-5.16733946010269,-10.625,18.392628802189));
#2287=CARTESIAN_POINT('Ctrl Pts',(-5.12541551356737,-10.625,18.3980498670084));
#2288=CARTESIAN_POINT('Ctrl Pts',(-5.08345419851784,-10.625,18.4011519832773));
#2289=CARTESIAN_POINT('Ctrl Pts',(-5.06094065594942,-10.625,18.4028163645435));
#2290=CARTESIAN_POINT('Ctrl Pts',(-5.0384164336133,-10.625,18.4038140532692));
#2291=CARTESIAN_POINT('Ctrl Pts',(-5.01593256840601,-10.625,18.4041344361897));
#2292=CARTESIAN_POINT('Ctrl Pts',(-5.01062530922031,-10.625,18.4042100617631));
#2293=CARTESIAN_POINT('Ctrl Pts',(-5.00531420432542,-10.625,18.4042480555866));
#2294=CARTESIAN_POINT('Ctrl Pts',(-5.,-10.625,18.4042480555866));
#2295=CARTESIAN_POINT('Origin',(2.5,-11.125,18.4042480555866));
#2296=CARTESIAN_POINT('',(5.,-10.625,18.4042480555866));
#2297=CARTESIAN_POINT('',(5.,-10.775,18.0471766341595));
#2298=CARTESIAN_POINT('Origin',(5.,-11.125,18.4042480555866));
#2299=CARTESIAN_POINT('',(2.5,-10.775,18.0471766341595));
#2300=CARTESIAN_POINT('',(2.5,-10.625,18.4042480555866));
#2301=CARTESIAN_POINT('Origin',(-2.5,-11.125,15.9759623698781));
#2302=CARTESIAN_POINT('',(5.,-10.775,16.3330337913052));
#2303=CARTESIAN_POINT('',(5.,-10.625,15.9759623698781));
#2304=CARTESIAN_POINT('Origin',(5.,-11.125,15.9759623698781));
#2305=CARTESIAN_POINT('',(-2.5,-10.625,15.9759623698781));
#2306=CARTESIAN_POINT('',(-2.5,-10.775,16.3330337913052));
#2307=CARTESIAN_POINT('Ctrl Pts',(4.99999999999999,-10.775,16.3330337913052));
#2308=CARTESIAN_POINT('Ctrl Pts',(5.12771007464569,-10.775,16.3330337913052));
#2309=CARTESIAN_POINT('Ctrl Pts',(5.51461904755146,-10.775,16.4171790642926));
#2310=CARTESIAN_POINT('Ctrl Pts',(5.95609490583509,-10.775,16.9709816009019));
#2311=CARTESIAN_POINT('Ctrl Pts',(5.7662046100926,-10.775,17.799867574998));
#2312=CARTESIAN_POINT('Ctrl Pts',(5.25482889217259,-10.775,18.0471766341595));
#2313=CARTESIAN_POINT('Ctrl Pts',(5.,-10.775,18.0471766341595));
#2314=CARTESIAN_POINT('Ctrl Pts',(4.99999999999999,-10.6803286030349,16.2402372611171));
#2315=CARTESIAN_POINT('Ctrl Pts',(5.14149831687868,-10.6803286030349,16.2402372611171));
#2316=CARTESIAN_POINT('Ctrl Pts',(5.57019298558304,-10.6803286030349,16.3335611987509));
#2317=CARTESIAN_POINT('Ctrl Pts',(6.05933903196729,-10.6803286030349,16.9472908941778));
#2318=CARTESIAN_POINT('Ctrl Pts',(5.84894946455529,-10.6803286030349,17.8657858452876));
#2319=CARTESIAN_POINT('Ctrl Pts',(5.28234154145249,-10.6803286030349,18.1399731643476));
#2320=CARTESIAN_POINT('Ctrl Pts',(5.,-10.6803286030349,18.1399731643476));
#2321=CARTESIAN_POINT('Ctrl Pts',(4.99999999999999,-10.625,16.1085288415755));
#2322=CARTESIAN_POINT('Ctrl Pts',(5.16113405697307,-10.625,16.1085288415755));
#2323=CARTESIAN_POINT('Ctrl Pts',(5.64931355198477,-10.625,16.2147658568588));
#2324=CARTESIAN_POINT('Ctrl Pts',(6.20633599834965,-10.625,16.9136086904898));
#2325=CARTESIAN_POINT('Ctrl Pts',(5.96674973654264,-10.625,17.9595161292197));
#2326=CARTESIAN_POINT('Ctrl Pts',(5.32152211439571,-10.625,18.2716815838893));
#2327=CARTESIAN_POINT('Ctrl Pts',(5.,-10.625,18.2716815838893));
#2328=CARTESIAN_POINT('Ctrl Pts',(4.99999999999999,-10.625,15.9759623698781));
#2329=CARTESIAN_POINT('Ctrl Pts',(5.180916396481,-10.625,15.9759623698781));
#2330=CARTESIAN_POINT('Ctrl Pts',(5.7290186299068,-10.625,16.0951640821316));
#2331=CARTESIAN_POINT('Ctrl Pts',(6.35442129790786,-10.625,16.8796907497681));
#2332=CARTESIAN_POINT('Ctrl Pts',(6.08541927807701,-10.625,18.0539055792806));
#2333=CARTESIAN_POINT('Ctrl Pts',(5.36099520745725,-10.625,18.4042480555866));
#2334=CARTESIAN_POINT('Ctrl Pts',(5.,-10.625,18.4042480555866));
#2335=CARTESIAN_POINT('Ctrl Pts',(4.99999999999999,-10.775,16.3330337913052));
#2336=CARTESIAN_POINT('Ctrl Pts',(5.12771007464569,-10.775,16.3330337913052));
#2337=CARTESIAN_POINT('Ctrl Pts',(5.51461904755146,-10.775,16.4171790642926));
#2338=CARTESIAN_POINT('Ctrl Pts',(5.95609490583509,-10.775,16.9709816009019));
#2339=CARTESIAN_POINT('Ctrl Pts',(5.7662046100926,-10.775,17.799867574998));
#2340=CARTESIAN_POINT('Ctrl Pts',(5.25482889217259,-10.775,18.0471766341595));
#2341=CARTESIAN_POINT('Ctrl Pts',(5.,-10.775,18.0471766341595));
#2342=CARTESIAN_POINT('Ctrl Pts',(5.,-10.625,18.4042480555866));
#2343=CARTESIAN_POINT('Ctrl Pts',(5.36099520745725,-10.625,18.4042480555866));
#2344=CARTESIAN_POINT('Ctrl Pts',(6.08541927807701,-10.625,18.0539055792806));
#2345=CARTESIAN_POINT('Ctrl Pts',(6.35442129790786,-10.625,16.8796907497681));
#2346=CARTESIAN_POINT('Ctrl Pts',(5.7290186299068,-10.625,16.0951640821316));
#2347=CARTESIAN_POINT('Ctrl Pts',(5.180916396481,-10.625,15.9759623698781));
#2348=CARTESIAN_POINT('Ctrl Pts',(4.99999999999999,-10.625,15.9759623698781));
#2349=CARTESIAN_POINT('Origin',(-2.5,-10.425,16.6901052127324));
#2350=CARTESIAN_POINT('',(-5.,-10.925,16.6901052127324));
#2351=CARTESIAN_POINT('Origin',(-5.,-10.425,16.6901052127324));
#2352=CARTESIAN_POINT('',(5.,-10.925,16.6901052127324));
#2353=CARTESIAN_POINT('',(-2.5,-10.925,16.6901052127324));
#2354=CARTESIAN_POINT('Origin',(5.,-10.425,16.6901052127324));
#2355=CARTESIAN_POINT('Ctrl Pts',(-5.,-10.775,18.0471766341595));
#2356=CARTESIAN_POINT('Ctrl Pts',(-5.85707142142713,-10.775,18.0471766341595));
#2357=CARTESIAN_POINT('Ctrl Pts',(-5.85707142142713,-10.775,17.1901052127324));
#2358=CARTESIAN_POINT('Ctrl Pts',(-5.85707142142713,-10.775,16.3330337913052));
#2359=CARTESIAN_POINT('Ctrl Pts',(-5.,-10.775,16.3330337913052));
#2360=CARTESIAN_POINT('Ctrl Pts',(-5.,-10.925,17.9001472253365));
#2361=CARTESIAN_POINT('Ctrl Pts',(-5.71004201260419,-10.925,17.9001472253365));
#2362=CARTESIAN_POINT('Ctrl Pts',(-5.71004201260419,-10.925,17.1901052127324));
#2363=CARTESIAN_POINT('Ctrl Pts',(-5.71004201260419,-10.925,16.4800632001282));
#2364=CARTESIAN_POINT('Ctrl Pts',(-5.,-10.925,16.4800632001282));
#2365=CARTESIAN_POINT('Ctrl Pts',(-5.,-10.925,17.6901052127324));
#2366=CARTESIAN_POINT('Ctrl Pts',(-5.5,-10.925,17.6901052127324));
#2367=CARTESIAN_POINT('Ctrl Pts',(-5.5,-10.925,17.1901052127324));
#2368=CARTESIAN_POINT('Ctrl Pts',(-5.5,-10.925,16.6901052127324));
#2369=CARTESIAN_POINT('Ctrl Pts',(-5.,-10.925,16.6901052127324));
#2370=CARTESIAN_POINT('',(-5.,-10.925,17.6901052127324));
#2371=CARTESIAN_POINT('Origin',(-5.,-10.425,17.6901052127324));
#2372=CARTESIAN_POINT('Origin',(-5.,-10.925,17.1901052127324));
#2373=CARTESIAN_POINT('Origin',(25.7000000000015,-10.625,20.));
#2374=CARTESIAN_POINT('',(25.7000000000015,-10.625,3.));
#2375=CARTESIAN_POINT('',(25.7000000000015,-10.625,20.));
#2376=CARTESIAN_POINT('',(-25.6999999999985,-10.625,3.));
#2377=CARTESIAN_POINT('',(25.7000000000015,-10.625,3.));
#2378=CARTESIAN_POINT('',(-25.6999999999985,-10.625,20.));
#2379=CARTESIAN_POINT('',(-25.6999999999985,-10.625,20.));
#2380=CARTESIAN_POINT('',(12.8500000000008,-10.625,20.));
#2381=CARTESIAN_POINT('Ctrl Pts',(5.,-10.775,16.3330337913052));
#2382=CARTESIAN_POINT('Ctrl Pts',(5.85707142142713,-10.775,16.3330337913052));
#2383=CARTESIAN_POINT('Ctrl Pts',(5.85707142142713,-10.775,17.1901052127324));
#2384=CARTESIAN_POINT('Ctrl Pts',(5.85707142142713,-10.775,18.0471766341595));
#2385=CARTESIAN_POINT('Ctrl Pts',(5.,-10.775,18.0471766341595));
#2386=CARTESIAN_POINT('Ctrl Pts',(5.,-10.925,16.4800632001282));
#2387=CARTESIAN_POINT('Ctrl Pts',(5.71004201260419,-10.925,16.4800632001282));
#2388=CARTESIAN_POINT('Ctrl Pts',(5.71004201260419,-10.925,17.1901052127324));
#2389=CARTESIAN_POINT('Ctrl Pts',(5.71004201260419,-10.925,17.9001472253366));
#2390=CARTESIAN_POINT('Ctrl Pts',(5.,-10.925,17.9001472253366));
#2391=CARTESIAN_POINT('Ctrl Pts',(5.,-10.925,16.6901052127324));
#2392=CARTESIAN_POINT('Ctrl Pts',(5.49999999999999,-10.925,16.6901052127324));
#2393=CARTESIAN_POINT('Ctrl Pts',(5.49999999999999,-10.925,17.1901052127324));
#2394=CARTESIAN_POINT('Ctrl Pts',(5.49999999999999,-10.925,17.6901052127324));
#2395=CARTESIAN_POINT('Ctrl Pts',(5.,-10.925,17.6901052127324));
#2396=CARTESIAN_POINT('',(5.,-10.925,17.6901052127324));
#2397=CARTESIAN_POINT('Origin',(5.,-10.925,17.1901052127324));
#2398=CARTESIAN_POINT('Origin',(5.,-10.425,17.6901052127324));
#2399=CARTESIAN_POINT('Origin',(2.5,-10.425,17.6901052127324));
#2400=CARTESIAN_POINT('',(2.5,-10.925,17.6901052127324));
#2401=CARTESIAN_POINT('Ctrl Pts',(-5.,10.975,17.6901052127324));
#2402=CARTESIAN_POINT('Ctrl Pts',(-5.5,10.975,17.6901052127324));
#2403=CARTESIAN_POINT('Ctrl Pts',(-5.5,10.975,17.1901052127324));
#2404=CARTESIAN_POINT('Ctrl Pts',(-5.5,10.975,16.6901052127324));
#2405=CARTESIAN_POINT('Ctrl Pts',(-5.,10.975,16.6901052127324));
#2406=CARTESIAN_POINT('Ctrl Pts',(-5.,10.975,17.9203883059683));
#2407=CARTESIAN_POINT('Ctrl Pts',(-5.73028309323594,10.975,17.9203883059683));
#2408=CARTESIAN_POINT('Ctrl Pts',(-5.73028309323594,10.975,17.1901052127324));
#2409=CARTESIAN_POINT('Ctrl Pts',(-5.73028309323594,10.975,16.4598221194964));
#2410=CARTESIAN_POINT('Ctrl Pts',(-5.,10.975,16.4598221194964));
#2411=CARTESIAN_POINT('Ctrl Pts',(-5.,10.8,18.0700723165716));
#2412=CARTESIAN_POINT('Ctrl Pts',(-5.87996710383929,10.8,18.0700723165716));
#2413=CARTESIAN_POINT('Ctrl Pts',(-5.87996710383929,10.8,17.1901052127324));
#2414=CARTESIAN_POINT('Ctrl Pts',(-5.87996710383929,10.8,16.3101381088931));
#2415=CARTESIAN_POINT('Ctrl Pts',(-5.,10.8,16.3101381088931));
#2416=CARTESIAN_POINT('',(-5.,10.975,16.6901052127324));
#2417=CARTESIAN_POINT('Origin',(-5.,10.475,16.6901052127324));
#2418=CARTESIAN_POINT('Origin',(-5.,10.975,17.1901052127324));
#2419=CARTESIAN_POINT('Origin',(-2.5,10.475,16.6901052127324));
#2420=CARTESIAN_POINT('',(-2.5,10.975,16.6901052127324));
#2421=CARTESIAN_POINT('Origin',(-4.44089209850063E-15,10.975,17.1901052127324));
#2422=CARTESIAN_POINT('Origin',(-4.44089209850063E-15,-10.925,17.1901052127324));
#2423=CARTESIAN_POINT('Origin',(0.,2.22044604925031E-15,20.));
#2424=CARTESIAN_POINT('',(-25.6999999999985,-3.81250000000001,20.));
#2425=CARTESIAN_POINT('',(-25.7,13.625,20.));
#2426=CARTESIAN_POINT('',(-28.7,13.625,20.));
#2427=CARTESIAN_POINT('',(-28.7,10.625,20.));
#2428=CARTESIAN_POINT('Origin',(-25.7,10.625,20.));
#2429=CARTESIAN_POINT('',(-28.7,-10.625,20.));
#2430=CARTESIAN_POINT('',(-28.7,-13.625,20.));
#2431=CARTESIAN_POINT('',(-25.7,-13.625,20.));
#2432=CARTESIAN_POINT('Origin',(-25.7,-10.625,20.));
#2433=CARTESIAN_POINT('',(28.7,-13.625,20.));
#2434=CARTESIAN_POINT('Origin',(28.2,-6.81249999999999,0.5));
#2435=CARTESIAN_POINT('',(28.7,-10.625,1.));
#2436=CARTESIAN_POINT('',(27.7,-10.625,0.));
#2437=CARTESIAN_POINT('',(28.7,-10.625,1.));
#2438=CARTESIAN_POINT('',(27.7,10.625,0.));
#2439=CARTESIAN_POINT('',(27.7,-6.81249999999999,0.));
#2440=CARTESIAN_POINT('',(28.7,10.625,1.));
#2441=CARTESIAN_POINT('',(27.7,10.625,0.));
#2442=CARTESIAN_POINT('',(28.7,-6.81249999999999,1.));
#2443=CARTESIAN_POINT('Origin',(25.7,-10.625,0.5));
#2444=CARTESIAN_POINT('',(25.7,-13.625,1.));
#2445=CARTESIAN_POINT('Origin',(25.7,-10.625,1.));
#2446=CARTESIAN_POINT('',(25.7,-12.625,0.));
#2447=CARTESIAN_POINT('',(25.7,-13.625,1.));
#2448=CARTESIAN_POINT('Origin',(25.7,-10.625,0.));
#2449=CARTESIAN_POINT('Origin',(-14.35,-13.125,0.5));
#2450=CARTESIAN_POINT('',(-25.7,-13.625,1.));
#2451=CARTESIAN_POINT('',(-25.7,-12.625,0.));
#2452=CARTESIAN_POINT('',(-25.7,-13.625,1.));
#2453=CARTESIAN_POINT('',(-14.35,-12.625,0.));
#2454=CARTESIAN_POINT('',(-14.35,-13.625,1.));
#2455=CARTESIAN_POINT('Origin',(-25.7,-10.625,0.5));
#2456=CARTESIAN_POINT('',(-28.7,-10.625,1.));
#2457=CARTESIAN_POINT('Origin',(-25.7,-10.625,1.));
#2458=CARTESIAN_POINT('',(-27.7,-10.625,0.));
#2459=CARTESIAN_POINT('',(-28.7,-10.625,1.));
#2460=CARTESIAN_POINT('Origin',(-25.7,-10.625,0.));
#2461=CARTESIAN_POINT('Origin',(-28.2,6.81249999999999,0.5));
#2462=CARTESIAN_POINT('',(-28.7,10.625,1.));
#2463=CARTESIAN_POINT('',(-27.7,10.625,0.));
#2464=CARTESIAN_POINT('',(-28.7,10.625,1.));
#2465=CARTESIAN_POINT('',(-27.7,6.81249999999999,0.));
#2466=CARTESIAN_POINT('',(-28.7,6.81249999999999,1.));
#2467=CARTESIAN_POINT('Origin',(-25.7,10.625,0.5));
#2468=CARTESIAN_POINT('',(-25.7,13.625,1.));
#2469=CARTESIAN_POINT('Origin',(-25.7,10.625,1.));
#2470=CARTESIAN_POINT('',(-25.7,12.625,0.));
#2471=CARTESIAN_POINT('',(-25.7,13.625,1.));
#2472=CARTESIAN_POINT('Origin',(-25.7,10.625,0.));
#2473=CARTESIAN_POINT('Origin',(14.35,13.125,0.5));
#2474=CARTESIAN_POINT('',(25.7,13.625,1.));
#2475=CARTESIAN_POINT('',(25.7,12.625,0.));
#2476=CARTESIAN_POINT('',(25.7,13.625,1.));
#2477=CARTESIAN_POINT('',(14.35,12.625,0.));
#2478=CARTESIAN_POINT('',(14.35,13.625,1.));
#2479=CARTESIAN_POINT('Origin',(25.7,10.625,0.5));
#2480=CARTESIAN_POINT('Origin',(25.7,10.625,1.));
#2481=CARTESIAN_POINT('Origin',(25.7,10.625,0.));
#2482=CARTESIAN_POINT('Origin',(-25.7,-10.625,0.));
#2483=CARTESIAN_POINT('',(-25.7,-13.625,0.));
#2484=CARTESIAN_POINT('',(-28.7,-10.625,0.));
#2485=CARTESIAN_POINT('Origin',(-28.7,-13.625,0.));
#2486=CARTESIAN_POINT('',(25.7,-13.625,0.));
#2487=CARTESIAN_POINT('Origin',(25.7,-10.625,0.));
#2488=CARTESIAN_POINT('',(28.7,-10.625,0.));
#2489=CARTESIAN_POINT('Origin',(28.7,-13.625,0.));
#2490=CARTESIAN_POINT('',(28.7,10.625,0.));
#2491=CARTESIAN_POINT('',(28.7,-4.80673868665336E-16,16.425));
#2492=CARTESIAN_POINT('Origin',(28.7,0.,12.5));
#2493=CARTESIAN_POINT('Origin',(0.,2.22044604925031E-15,0.));
#2494=CARTESIAN_POINT('Origin',(-27.7,6.5,1.64905276044381));
#2495=CARTESIAN_POINT('',(-28.7,6.5,5.29810552088763));
#2496=CARTESIAN_POINT('',(-27.7,5.5,5.29810552088763));
#2497=CARTESIAN_POINT('Origin',(-27.7,6.5,5.29810552088763));
#2498=CARTESIAN_POINT('',(-27.7,5.5,7.29810552088762));
#2499=CARTESIAN_POINT('',(-27.7,5.5,1.64905276044381));
#2500=CARTESIAN_POINT('',(-28.7,6.5,7.29810552088762));
#2501=CARTESIAN_POINT('Origin',(-27.7,6.5,7.29810552088762));
#2502=CARTESIAN_POINT('',(-28.7,6.5,1.64905276044381));
#2503=CARTESIAN_POINT('Origin',(-27.7,3.5,7.29810552088762));
#2504=CARTESIAN_POINT('',(-27.7,3.5,9.29810552088762));
#2505=CARTESIAN_POINT('',(-28.7,3.5,10.2981055208876));
#2506=CARTESIAN_POINT('Origin',(-27.7,3.5,10.2981055208876));
#2507=CARTESIAN_POINT('Origin',(-28.7,3.5,7.29810552088762));
#2508=CARTESIAN_POINT('Origin',(-27.7,3.5,7.29810552088762));
#2509=CARTESIAN_POINT('Origin',(-27.7,9.56250000000001,10.2981055208876));
#2510=CARTESIAN_POINT('',(-27.7,-3.5,9.29810552088763));
#2511=CARTESIAN_POINT('',(-28.7,-3.5,10.2981055208876));
#2512=CARTESIAN_POINT('Origin',(-27.7,-3.5,10.2981055208876));
#2513=CARTESIAN_POINT('',(-28.7,9.56250000000001,10.2981055208876));
#2514=CARTESIAN_POINT('',(-27.7,9.56250000000001,9.29810552088761));
#2515=CARTESIAN_POINT('Origin',(-27.7,-3.5,7.29810552088763));
#2516=CARTESIAN_POINT('',(-27.7,-5.5,7.29810552088763));
#2517=CARTESIAN_POINT('',(-28.7,-6.5,7.29810552088763));
#2518=CARTESIAN_POINT('Origin',(-27.7,-6.5,7.29810552088763));
#2519=CARTESIAN_POINT('Origin',(-28.7,-3.5,7.29810552088763));
#2520=CARTESIAN_POINT('Origin',(-27.7,-3.5,7.29810552088763));
#2521=CARTESIAN_POINT('Origin',(-27.7,-6.5,4.64905276044381));
#2522=CARTESIAN_POINT('',(-27.7,-5.5,5.29810552088763));
#2523=CARTESIAN_POINT('',(-28.7,-6.5,5.29810552088763));
#2524=CARTESIAN_POINT('Origin',(-27.7,-6.5,5.29810552088763));
#2525=CARTESIAN_POINT('',(-28.7,-6.5,4.64905276044381));
#2526=CARTESIAN_POINT('',(-27.7,-5.5,4.64905276044381));
#2527=CARTESIAN_POINT('Origin',(-27.7,-3.5,5.29810552088763));
#2528=CARTESIAN_POINT('',(-27.7,-3.5,3.29810552088763));
#2529=CARTESIAN_POINT('',(-28.7,-3.5,2.29810552088763));
#2530=CARTESIAN_POINT('Origin',(-27.7,-3.5,2.29810552088763));
#2531=CARTESIAN_POINT('Origin',(-28.7,-3.5,5.29810552088763));
#2532=CARTESIAN_POINT('Origin',(-27.7,-3.5,5.29810552088763));
#2533=CARTESIAN_POINT('Origin',(-27.7,4.0625,2.29810552088763));
#2534=CARTESIAN_POINT('',(-27.7,3.5,3.29810552088763));
#2535=CARTESIAN_POINT('',(-28.7,3.5,2.29810552088763));
#2536=CARTESIAN_POINT('Origin',(-27.7,3.5,2.29810552088763));
#2537=CARTESIAN_POINT('',(-28.7,4.0625,2.29810552088763));
#2538=CARTESIAN_POINT('',(-27.7,4.0625,3.29810552088763));
#2539=CARTESIAN_POINT('Origin',(-27.7,3.5,5.29810552088763));
#2540=CARTESIAN_POINT('Origin',(-27.7,3.5,5.29810552088763));
#2541=CARTESIAN_POINT('Origin',(-28.7,3.5,5.29810552088763));
#2542=CARTESIAN_POINT('Origin',(-28.7,-3.5,7.29810552088763));
#2543=CARTESIAN_POINT('',(-25.6999999999985,-3.5,9.29810552088763));
#2544=CARTESIAN_POINT('',(-28.7,-3.5,9.29810552088763));
#2545=CARTESIAN_POINT('',(-25.6999999999985,-5.5,7.29810552088763));
#2546=CARTESIAN_POINT('Origin',(-25.6999999999985,-3.5,7.29810552088763));
#2547=CARTESIAN_POINT('',(-28.7,-5.5,7.29810552088763));
#2548=CARTESIAN_POINT('Origin',(-28.7,5.5,9.29810552088762));
#2549=CARTESIAN_POINT('',(-25.6999999999985,3.5,9.29810552088762));
#2550=CARTESIAN_POINT('',(-28.7,3.5,9.29810552088762));
#2551=CARTESIAN_POINT('',(-25.6999999999985,-2.56250000000002,9.29810552088763));
#2552=CARTESIAN_POINT('Origin',(-28.7,3.5,7.29810552088762));
#2553=CARTESIAN_POINT('',(-25.6999999999985,5.5,7.29810552088762));
#2554=CARTESIAN_POINT('',(-28.7,5.5,7.29810552088762));
#2555=CARTESIAN_POINT('Origin',(-25.6999999999985,3.5,7.29810552088762));
#2556=CARTESIAN_POINT('Origin',(-28.7,5.5,3.29810552088763));
#2557=CARTESIAN_POINT('',(-25.6999999999985,5.5,5.29810552088763));
#2558=CARTESIAN_POINT('',(-28.7,5.5,5.29810552088763));
#2559=CARTESIAN_POINT('',(-25.6999999999985,5.5,11.6490527604438));
#2560=CARTESIAN_POINT('Origin',(-28.7,13.625,0.));
#2561=CARTESIAN_POINT('',(-28.7,10.625,0.));
#2562=CARTESIAN_POINT('Origin',(-28.7,-3.5,5.29810552088763));
#2563=CARTESIAN_POINT('',(-25.6999999999985,-5.5,5.29810552088763));
#2564=CARTESIAN_POINT('',(-28.7,-5.5,5.29810552088763));
#2565=CARTESIAN_POINT('',(-25.6999999999985,-5.02148679147769,4.));
#2566=CARTESIAN_POINT('Origin',(-25.6999999999985,-3.5,5.29810552088763));
#2567=CARTESIAN_POINT('',(-25.7,-3.5,3.29810552088763));
#2568=CARTESIAN_POINT('Origin',(-25.7,-3.5,5.29810552088763));
#2569=CARTESIAN_POINT('',(-28.7,-3.5,3.29810552088763));
#2570=CARTESIAN_POINT('Origin',(-28.7,-5.5,9.29810552088763));
#2571=CARTESIAN_POINT('',(-25.6999999999985,-5.5,14.6490527604438));
#2572=CARTESIAN_POINT('Origin',(-28.7,3.5,5.29810552088763));
#2573=CARTESIAN_POINT('',(-25.7,3.5,3.29810552088763));
#2574=CARTESIAN_POINT('',(-28.7,3.5,3.29810552088763));
#2575=CARTESIAN_POINT('',(-25.6999999999985,5.02148679147769,4.));
#2576=CARTESIAN_POINT('Origin',(-25.7,3.5,5.29810552088763));
#2577=CARTESIAN_POINT('Origin',(-25.6999999999985,3.5,5.29810552088763));
#2578=CARTESIAN_POINT('Origin',(-25.7,-1.11022302462516E-15,6.29810552088763));
#2579=CARTESIAN_POINT('',(-25.6999999999985,-10.625,4.));
#2580=CARTESIAN_POINT('',(-25.7,-5.5,3.29810552088763));
#2581=CARTESIAN_POINT('Origin',(-28.7,-5.5,3.29810552088763));
#2582=CARTESIAN_POINT('Origin',(28.7,0.,12.5));
#2583=CARTESIAN_POINT('',(25.7000000000015,-4.80673868665336E-16,16.425));
#2584=CARTESIAN_POINT('',(28.7,4.80673868665336E-16,16.425));
#2585=CARTESIAN_POINT('Origin',(25.7000000000015,0.,12.5));
#2586=CARTESIAN_POINT('Origin',(1.50546242139171E-12,-2.77555756156289E-14,
4.));
#2587=CARTESIAN_POINT('',(-25.6999999999985,-7.62500000000003,4.));
#2588=CARTESIAN_POINT('',(-25.6999999999985,-10.625,4.));
#2589=CARTESIAN_POINT('',(25.7000000000015,-7.62500000000003,4.));
#2590=CARTESIAN_POINT('',(-12.8499999999985,-7.62500000000003,4.));
#2591=CARTESIAN_POINT('',(25.7000000000015,7.62499999999997,4.));
#2592=CARTESIAN_POINT('',(25.7000000000015,10.625,4.));
#2593=CARTESIAN_POINT('',(-25.6999999999985,7.62499999999997,4.));
#2594=CARTESIAN_POINT('',(12.8500000000015,7.62499999999997,4.));
#2595=CARTESIAN_POINT('',(-25.6999999999985,-10.625,4.));
#2596=CARTESIAN_POINT('Origin',(-25.6999999999985,-7.62500000000003,20.));
#2597=CARTESIAN_POINT('',(-25.6999999999985,-7.62500000000003,3.));
#2598=CARTESIAN_POINT('',(-25.6999999999985,-7.62500000000003,20.));
#2599=CARTESIAN_POINT('',(25.7000000000015,-7.62500000000003,3.));
#2600=CARTESIAN_POINT('',(-25.6999999999985,-7.62500000000003,3.));
#2601=CARTESIAN_POINT('',(25.7000000000015,-7.62500000000003,20.));
#2602=CARTESIAN_POINT('Origin',(25.7000000000015,7.62499999999997,20.));
#2603=CARTESIAN_POINT('',(25.7000000000015,7.62499999999997,3.));
#2604=CARTESIAN_POINT('',(25.7000000000015,7.62499999999997,20.));
#2605=CARTESIAN_POINT('',(-25.6999999999985,7.62499999999997,3.));
#2606=CARTESIAN_POINT('',(-25.6999999999985,7.62499999999997,3.));
#2607=CARTESIAN_POINT('',(-25.6999999999985,7.62499999999997,20.));
#2608=CARTESIAN_POINT('Origin',(1.50546242139171E-12,9.12499999999997,3.));
#2609=CARTESIAN_POINT('',(-25.6999999999985,-10.625,3.));
#2610=CARTESIAN_POINT('',(25.7000000000015,10.625,3.));
#2611=CARTESIAN_POINT('Origin',(25.7000000000015,-7.62500000000003,20.));
#2612=CARTESIAN_POINT('',(25.7000000000015,10.625,3.));
#2613=CARTESIAN_POINT('Origin',(-25.6999999999985,-10.625,20.));
#2614=CARTESIAN_POINT('',(-25.6999999999985,-10.625,3.));
#2615=CARTESIAN_POINT('Origin',(1.50546242139171E-12,-9.12500000000003,
3.));
#2616=CARTESIAN_POINT('Origin',(-25.7,10.625,0.));
#2617=CARTESIAN_POINT('',(-25.7,13.625,0.));
#2618=CARTESIAN_POINT('Origin',(25.7,10.625,0.));
#2619=CARTESIAN_POINT('',(25.7,13.625,0.));
#2620=CARTESIAN_POINT('Origin',(28.7,13.625,0.));
#2621=UNCERTAINTY_MEASURE_WITH_UNIT(LENGTH_MEASURE(0.01),#2625,
'DISTANCE_ACCURACY_VALUE',
'Maximum model space distance between geometric entities at asserted c
onnectivities');
#2622=UNCERTAINTY_MEASURE_WITH_UNIT(LENGTH_MEASURE(0.01),#2625,
'DISTANCE_ACCURACY_VALUE',
'Maximum model space distance between geometric entities at asserted c
onnectivities');
#2623=(
GEOMETRIC_REPRESENTATION_CONTEXT(3)
GLOBAL_UNCERTAINTY_ASSIGNED_CONTEXT((#2621))
GLOBAL_UNIT_ASSIGNED_CONTEXT((#2625,#2627,#2628))
REPRESENTATION_CONTEXT('','3D')
);
#2624=(
GEOMETRIC_REPRESENTATION_CONTEXT(3)
GLOBAL_UNCERTAINTY_ASSIGNED_CONTEXT((#2622))
GLOBAL_UNIT_ASSIGNED_CONTEXT((#2625,#2627,#2628))
REPRESENTATION_CONTEXT('','3D')
);
#2625=(
LENGTH_UNIT()
NAMED_UNIT(*)
SI_UNIT(.MILLI.,.METRE.)
);
#2626=(
LENGTH_UNIT()
NAMED_UNIT(*)
SI_UNIT($,.METRE.)
);
#2627=(
NAMED_UNIT(*)
PLANE_ANGLE_UNIT()
SI_UNIT($,.RADIAN.)
);
#2628=(
NAMED_UNIT(*)
SI_UNIT($,.STERADIAN.)
SOLID_ANGLE_UNIT()
);
#2629=SHAPE_DEFINITION_REPRESENTATION(#2630,#2631);
#2630=PRODUCT_DEFINITION_SHAPE('',$,#2633);
#2631=SHAPE_REPRESENTATION('',(#1295),#2623);
#2632=PRODUCT_DEFINITION_CONTEXT('part definition',#2637,'design');
#2633=PRODUCT_DEFINITION('Geh\X\E4use Morse Adapter_2',
'Geh\X\E4use Morse Adapter_2 v16',#2634,#2632);
#2634=PRODUCT_DEFINITION_FORMATION('',$,#2639);
#2635=PRODUCT_RELATED_PRODUCT_CATEGORY('Geh\X\E4use Morse Adapter_2 v1
6','Geh\X\E4use Morse Adapter_2 v16',(#2639));
#2636=APPLICATION_PROTOCOL_DEFINITION('international standard',
'automotive_design',2009,#2637);
#2637=APPLICATION_CONTEXT(
'Core Data for Automotive Mechanical Design Process');
#2638=PRODUCT_CONTEXT('part definition',#2637,'mechanical');
#2639=PRODUCT('Geh\X\E4use Morse Adapter_2',
'Geh\X\E4use Morse Adapter_2 v16',$,(#2638));
#2640=PRESENTATION_STYLE_ASSIGNMENT((#2641));
#2641=SURFACE_STYLE_USAGE(.BOTH.,#2642);
#2642=SURFACE_SIDE_STYLE('',(#2643));
#2643=SURFACE_STYLE_FILL_AREA(#2644);
#2644=FILL_AREA_STYLE('Aluminium - satiniert',(#2645));
#2645=FILL_AREA_STYLE_COLOUR('Aluminium - satiniert',#2646);
#2646=COLOUR_RGB('Aluminium - satiniert',0.96078431372549,0.96078431372549,
0.964705882352941);
ENDSEC;
END-ISO-10303-21;
