ISO-10303-21;
HEADER;
/* Generated by software containing ST-Developer
 * from STEP Tools, Inc. (www.steptools.com) 
 */

FILE_DESCRIPTION(
/* description */ (''),
/* implementation_level */ '2;1');

FILE_NAME(
/* name */ 'Gehuse_Morse_Adapter_2_v16_001.step',
/* time_stamp */ '2026-08-05T18:06:05+02:00',
/* author */ (''),
/* organization */ (''),
/* preprocessor_version */ 'ST-DEVELOPER v20.1',
/* originating_system */ 'Autodesk Translation Framework v15.8.0.0',
/* authorisation */ '');

FILE_SCHEMA (('AUTOMOTIVE_DESIGN { 1 0 10303 214 3 1 1 }'));
ENDSEC;

DATA;
#10=MECHANICAL_DESIGN_GEOMETRIC_PRESENTATION_REPRESENTATION('',(#13),#3213);
#11=SHAPE_REPRESENTATION_RELATIONSHIP('SRR','None',#3220,#12);
#12=ADVANCED_BREP_SHAPE_REPRESENTATION('',(#14),#3212);
#13=STYLED_ITEM('',(#3229),#14);
#14=MANIFOLD_SOLID_BREP('Gehaeuse_Deckel',#1949);
#15=CONICAL_SURFACE('',#2024,2.5,0.785398163397448);
#16=CONICAL_SURFACE('',#2028,2.5,0.785398163397448);
#17=CONICAL_SURFACE('',#2032,2.5,0.785398163397448);
#18=CONICAL_SURFACE('',#2036,2.5,0.785398163397446);
#19=ELLIPSE('',#2010,3.32202918015924,3.);
#20=ELLIPSE('',#2013,3.32202918015924,3.);
#21=FACE_BOUND('',#210,.T.);
#22=FACE_BOUND('',#218,.T.);
#23=FACE_BOUND('',#248,.T.);
#24=FACE_BOUND('',#249,.T.);
#25=FACE_BOUND('',#250,.T.);
#26=FACE_BOUND('',#251,.T.);
#27=FACE_BOUND('',#252,.T.);
#28=FACE_BOUND('',#253,.T.);
#29=FACE_BOUND('',#254,.T.);
#30=FACE_BOUND('',#255,.T.);
#31=FACE_BOUND('',#256,.T.);
#32=FACE_BOUND('',#257,.T.);
#33=FACE_BOUND('',#258,.T.);
#34=FACE_BOUND('',#259,.T.);
#35=FACE_BOUND('',#260,.T.);
#36=FACE_BOUND('',#307,.T.);
#37=PLANE('',#1980);
#38=PLANE('',#1998);
#39=PLANE('',#2002);
#40=PLANE('',#2006);
#41=PLANE('',#2011);
#42=PLANE('',#2016);
#43=PLANE('',#2017);
#44=PLANE('',#2018);
#45=PLANE('',#2019);
#46=PLANE('',#2020);
#47=PLANE('',#2021);
#48=PLANE('',#2022);
#49=PLANE('',#2023);
#50=PLANE('',#2027);
#51=PLANE('',#2031);
#52=PLANE('',#2035);
#53=PLANE('',#2041);
#54=PLANE('',#2044);
#55=PLANE('',#2045);
#56=PLANE('',#2046);
#57=PLANE('',#2047);
#58=PLANE('',#2048);
#59=PLANE('',#2049);
#60=PLANE('',#2050);
#61=PLANE('',#2051);
#62=PLANE('',#2052);
#63=PLANE('',#2053);
#64=PLANE('',#2054);
#65=PLANE('',#2055);
#66=PLANE('',#2056);
#67=PLANE('',#2057);
#68=PLANE('',#2058);
#69=PLANE('',#2059);
#70=PLANE('',#2060);
#71=PLANE('',#2061);
#72=PLANE('',#2062);
#73=PLANE('',#2063);
#74=PLANE('',#2064);
#75=PLANE('',#2065);
#76=PLANE('',#2066);
#77=PLANE('',#2067);
#78=PLANE('',#2068);
#79=PLANE('',#2069);
#80=PLANE('',#2070);
#81=PLANE('',#2071);
#82=PLANE('',#2072);
#83=PLANE('',#2073);
#84=PLANE('',#2074);
#85=PLANE('',#2075);
#86=PLANE('',#2076);
#87=PLANE('',#2077);
#88=PLANE('',#2078);
#89=PLANE('',#2079);
#90=PLANE('',#2080);
#91=PLANE('',#2081);
#92=PLANE('',#2082);
#93=PLANE('',#2083);
#94=PLANE('',#2084);
#95=PLANE('',#2085);
#96=PLANE('',#2086);
#97=PLANE('',#2087);
#98=PLANE('',#2088);
#99=PLANE('',#2089);
#100=PLANE('',#2092);
#101=PLANE('',#2095);
#102=PLANE('',#2096);
#103=(
BOUNDED_SURFACE()
B_SPLINE_SURFACE(2,2,((#2626,#2627,#2628,#2629,#2630),(#2631,#2632,#2633,
#2634,#2635),(#2636,#2637,#2638,#2639,#2640)),.UNSPECIFIED.,.F.,.F.,.F.)
B_SPLINE_SURFACE_WITH_KNOTS((3,3),(3,2,3),(0.523598775598291,1.5707963267949),
(0.,1.5707963267949,3.14159265358979),.UNSPECIFIED.)
GEOMETRIC_REPRESENTATION_ITEM()
RATIONAL_B_SPLINE_SURFACE(((1.,0.707106781186548,1.,0.707106781186548,1.),
(0.866025403784425,0.612372435695785,0.866025403784425,0.612372435695785,
0.866025403784425),(1.,0.707106781186548,1.,0.707106781186548,1.)))
REPRESENTATION_ITEM('')
SURFACE()
);
#104=(
BOUNDED_SURFACE()
B_SPLINE_SURFACE(2,2,((#2689,#2690,#2691,#2692,#2693),(#2694,#2695,#2696,
#2697,#2698),(#2699,#2700,#2701,#2702,#2703)),.UNSPECIFIED.,.F.,.F.,.F.)
B_SPLINE_SURFACE_WITH_KNOTS((3,3),(3,2,3),(-1.5707963267949,-0.523598775598296),
(0.,1.5707963267949,3.14159265358979),.UNSPECIFIED.)
GEOMETRIC_REPRESENTATION_ITEM()
RATIONAL_B_SPLINE_SURFACE(((1.,0.707106781186548,1.,0.707106781186548,1.),
(0.866025403784418,0.61237243569578,0.866025403784418,0.61237243569578,
0.866025403784418),(1.,0.707106781186548,1.,0.707106781186548,1.)))
REPRESENTATION_ITEM('')
SURFACE()
);
#105=(
BOUNDED_SURFACE()
B_SPLINE_SURFACE(2,2,((#2716,#2717,#2718,#2719,#2720),(#2721,#2722,#2723,
#2724,#2725),(#2726,#2727,#2728,#2729,#2730)),.UNSPECIFIED.,.F.,.F.,.F.)
B_SPLINE_SURFACE_WITH_KNOTS((3,3),(3,2,3),(-1.5707963267949,-0.523598775598297),
(-3.14159265358979,-1.5707963267949,0.),.UNSPECIFIED.)
GEOMETRIC_REPRESENTATION_ITEM()
RATIONAL_B_SPLINE_SURFACE(((1.,0.707106781186548,1.,0.707106781186548,1.),
(0.866025403784418,0.61237243569578,0.866025403784418,0.61237243569578,
0.866025403784418),(1.,0.707106781186548,1.,0.707106781186548,1.)))
REPRESENTATION_ITEM('')
SURFACE()
);
#106=(
BOUNDED_SURFACE()
B_SPLINE_SURFACE(2,2,((#2737,#2738,#2739,#2740,#2741),(#2742,#2743,#2744,
#2745,#2746),(#2747,#2748,#2749,#2750,#2751)),.UNSPECIFIED.,.F.,.F.,.F.)
B_SPLINE_SURFACE_WITH_KNOTS((3,3),(3,2,3),(0.523598775598284,1.5707963267949),
(-3.14159265358979,-1.5707963267949,0.),.UNSPECIFIED.)
GEOMETRIC_REPRESENTATION_ITEM()
RATIONAL_B_SPLINE_SURFACE(((1.,0.707106781186548,1.,0.707106781186548,1.),
(0.866025403784372,0.612372435695747,0.866025403784372,0.612372435695747,
0.866025403784372),(1.,0.707106781186548,1.,0.707106781186548,1.)))
REPRESENTATION_ITEM('')
SURFACE()
);
#107=TOROIDAL_SURFACE('',#1966,1.36602540378444,0.5);
#108=TOROIDAL_SURFACE('',#1972,1.36602540378444,0.5);
#109=TOROIDAL_SURFACE('',#1981,1.36602540378444,0.5);
#110=TOROIDAL_SURFACE('',#1988,1.36602540378444,0.5);
#111=FACE_OUTER_BOUND('',#203,.T.);
#112=FACE_OUTER_BOUND('',#204,.T.);
#113=FACE_OUTER_BOUND('',#205,.T.);
#114=FACE_OUTER_BOUND('',#206,.T.);
#115=FACE_OUTER_BOUND('',#207,.T.);
#116=FACE_OUTER_BOUND('',#208,.T.);
#117=FACE_OUTER_BOUND('',#209,.T.);
#118=FACE_OUTER_BOUND('',#211,.T.);
#119=FACE_OUTER_BOUND('',#212,.T.);
#120=FACE_OUTER_BOUND('',#213,.T.);
#121=FACE_OUTER_BOUND('',#214,.T.);
#122=FACE_OUTER_BOUND('',#215,.T.);
#123=FACE_OUTER_BOUND('',#216,.T.);
#124=FACE_OUTER_BOUND('',#217,.T.);
#125=FACE_OUTER_BOUND('',#219,.T.);
#126=FACE_OUTER_BOUND('',#220,.T.);
#127=FACE_OUTER_BOUND('',#221,.T.);
#128=FACE_OUTER_BOUND('',#222,.T.);
#129=FACE_OUTER_BOUND('',#223,.T.);
#130=FACE_OUTER_BOUND('',#224,.T.);
#131=FACE_OUTER_BOUND('',#225,.T.);
#132=FACE_OUTER_BOUND('',#226,.T.);
#133=FACE_OUTER_BOUND('',#227,.T.);
#134=FACE_OUTER_BOUND('',#228,.T.);
#135=FACE_OUTER_BOUND('',#229,.T.);
#136=FACE_OUTER_BOUND('',#230,.T.);
#137=FACE_OUTER_BOUND('',#231,.T.);
#138=FACE_OUTER_BOUND('',#232,.T.);
#139=FACE_OUTER_BOUND('',#233,.T.);
#140=FACE_OUTER_BOUND('',#234,.T.);
#141=FACE_OUTER_BOUND('',#235,.T.);
#142=FACE_OUTER_BOUND('',#236,.T.);
#143=FACE_OUTER_BOUND('',#237,.T.);
#144=FACE_OUTER_BOUND('',#238,.T.);
#145=FACE_OUTER_BOUND('',#239,.T.);
#146=FACE_OUTER_BOUND('',#240,.T.);
#147=FACE_OUTER_BOUND('',#241,.T.);
#148=FACE_OUTER_BOUND('',#242,.T.);
#149=FACE_OUTER_BOUND('',#243,.T.);
#150=FACE_OUTER_BOUND('',#244,.T.);
#151=FACE_OUTER_BOUND('',#245,.T.);
#152=FACE_OUTER_BOUND('',#246,.T.);
#153=FACE_OUTER_BOUND('',#247,.T.);
#154=FACE_OUTER_BOUND('',#261,.T.);
#155=FACE_OUTER_BOUND('',#262,.T.);
#156=FACE_OUTER_BOUND('',#263,.T.);
#157=FACE_OUTER_BOUND('',#264,.T.);
#158=FACE_OUTER_BOUND('',#265,.T.);
#159=FACE_OUTER_BOUND('',#266,.T.);
#160=FACE_OUTER_BOUND('',#267,.T.);
#161=FACE_OUTER_BOUND('',#268,.T.);
#162=FACE_OUTER_BOUND('',#269,.T.);
#163=FACE_OUTER_BOUND('',#270,.T.);
#164=FACE_OUTER_BOUND('',#271,.T.);
#165=FACE_OUTER_BOUND('',#272,.T.);
#166=FACE_OUTER_BOUND('',#273,.T.);
#167=FACE_OUTER_BOUND('',#274,.T.);
#168=FACE_OUTER_BOUND('',#275,.T.);
#169=FACE_OUTER_BOUND('',#276,.T.);
#170=FACE_OUTER_BOUND('',#277,.T.);
#171=FACE_OUTER_BOUND('',#278,.T.);
#172=FACE_OUTER_BOUND('',#279,.T.);
#173=FACE_OUTER_BOUND('',#280,.T.);
#174=FACE_OUTER_BOUND('',#281,.T.);
#175=FACE_OUTER_BOUND('',#282,.T.);
#176=FACE_OUTER_BOUND('',#283,.T.);
#177=FACE_OUTER_BOUND('',#284,.T.);
#178=FACE_OUTER_BOUND('',#285,.T.);
#179=FACE_OUTER_BOUND('',#286,.T.);
#180=FACE_OUTER_BOUND('',#287,.T.);
#181=FACE_OUTER_BOUND('',#288,.T.);
#182=FACE_OUTER_BOUND('',#289,.T.);
#183=FACE_OUTER_BOUND('',#290,.T.);
#184=FACE_OUTER_BOUND('',#291,.T.);
#185=FACE_OUTER_BOUND('',#292,.T.);
#186=FACE_OUTER_BOUND('',#293,.T.);
#187=FACE_OUTER_BOUND('',#294,.T.);
#188=FACE_OUTER_BOUND('',#295,.T.);
#189=FACE_OUTER_BOUND('',#296,.T.);
#190=FACE_OUTER_BOUND('',#297,.T.);
#191=FACE_OUTER_BOUND('',#298,.T.);
#192=FACE_OUTER_BOUND('',#299,.T.);
#193=FACE_OUTER_BOUND('',#300,.T.);
#194=FACE_OUTER_BOUND('',#301,.T.);
#195=FACE_OUTER_BOUND('',#302,.T.);
#196=FACE_OUTER_BOUND('',#303,.T.);
#197=FACE_OUTER_BOUND('',#304,.T.);
#198=FACE_OUTER_BOUND('',#305,.T.);
#199=FACE_OUTER_BOUND('',#306,.T.);
#200=FACE_OUTER_BOUND('',#308,.T.);
#201=FACE_OUTER_BOUND('',#309,.T.);
#202=FACE_OUTER_BOUND('',#310,.T.);
#203=EDGE_LOOP('',(#1283,#1284,#1285,#1286));
#204=EDGE_LOOP('',(#1287,#1288,#1289,#1290));
#205=EDGE_LOOP('',(#1291,#1292,#1293,#1294));
#206=EDGE_LOOP('',(#1295,#1296,#1297,#1298));
#207=EDGE_LOOP('',(#1299,#1300,#1301,#1302));
#208=EDGE_LOOP('',(#1303,#1304,#1305,#1306));
#209=EDGE_LOOP('',(#1307,#1308,#1309,#1310));
#210=EDGE_LOOP('',(#1311,#1312,#1313,#1314));
#211=EDGE_LOOP('',(#1315,#1316,#1317,#1318));
#212=EDGE_LOOP('',(#1319,#1320,#1321,#1322));
#213=EDGE_LOOP('',(#1323,#1324,#1325,#1326));
#214=EDGE_LOOP('',(#1327,#1328,#1329,#1330));
#215=EDGE_LOOP('',(#1331,#1332,#1333,#1334));
#216=EDGE_LOOP('',(#1335,#1336,#1337,#1338));
#217=EDGE_LOOP('',(#1339,#1340,#1341,#1342));
#218=EDGE_LOOP('',(#1343,#1344,#1345,#1346));
#219=EDGE_LOOP('',(#1347,#1348,#1349,#1350));
#220=EDGE_LOOP('',(#1351,#1352,#1353,#1354));
#221=EDGE_LOOP('',(#1355,#1356,#1357,#1358));
#222=EDGE_LOOP('',(#1359,#1360,#1361,#1362));
#223=EDGE_LOOP('',(#1363,#1364,#1365,#1366));
#224=EDGE_LOOP('',(#1367,#1368,#1369,#1370));
#225=EDGE_LOOP('',(#1371,#1372,#1373,#1374,#1375));
#226=EDGE_LOOP('',(#1376,#1377,#1378,#1379));
#227=EDGE_LOOP('',(#1380,#1381,#1382,#1383,#1384));
#228=EDGE_LOOP('',(#1385,#1386,#1387,#1388));
#229=EDGE_LOOP('',(#1389,#1390,#1391,#1392,#1393));
#230=EDGE_LOOP('',(#1394,#1395,#1396,#1397));
#231=EDGE_LOOP('',(#1398,#1399,#1400,#1401));
#232=EDGE_LOOP('',(#1402,#1403,#1404,#1405));
#233=EDGE_LOOP('',(#1406,#1407,#1408,#1409,#1410));
#234=EDGE_LOOP('',(#1411,#1412,#1413,#1414,#1415,#1416,#1417,#1418,#1419,
#1420,#1421,#1422));
#235=EDGE_LOOP('',(#1423,#1424,#1425,#1426));
#236=EDGE_LOOP('',(#1427,#1428,#1429,#1430));
#237=EDGE_LOOP('',(#1431,#1432,#1433,#1434));
#238=EDGE_LOOP('',(#1435,#1436,#1437,#1438));
#239=EDGE_LOOP('',(#1439,#1440,#1441,#1442));
#240=EDGE_LOOP('',(#1443,#1444,#1445,#1446));
#241=EDGE_LOOP('',(#1447,#1448,#1449,#1450));
#242=EDGE_LOOP('',(#1451,#1452,#1453,#1454));
#243=EDGE_LOOP('',(#1455,#1456,#1457,#1458));
#244=EDGE_LOOP('',(#1459,#1460,#1461,#1462));
#245=EDGE_LOOP('',(#1463,#1464,#1465,#1466));
#246=EDGE_LOOP('',(#1467,#1468,#1469,#1470));
#247=EDGE_LOOP('',(#1471,#1472,#1473,#1474,#1475,#1476,#1477,#1478));
#248=EDGE_LOOP('',(#1479,#1480,#1481,#1482));
#249=EDGE_LOOP('',(#1483,#1484,#1485,#1486));
#250=EDGE_LOOP('',(#1487,#1488,#1489,#1490));
#251=EDGE_LOOP('',(#1491,#1492,#1493,#1494));
#252=EDGE_LOOP('',(#1495,#1496,#1497,#1498));
#253=EDGE_LOOP('',(#1499,#1500,#1501,#1502));
#254=EDGE_LOOP('',(#1503,#1504,#1505,#1506));
#255=EDGE_LOOP('',(#1507,#1508,#1509,#1510));
#256=EDGE_LOOP('',(#1511,#1512,#1513,#1514));
#257=EDGE_LOOP('',(#1515,#1516,#1517,#1518));
#258=EDGE_LOOP('',(#1519,#1520,#1521,#1522));
#259=EDGE_LOOP('',(#1523,#1524,#1525,#1526));
#260=EDGE_LOOP('',(#1527,#1528,#1529,#1530));
#261=EDGE_LOOP('',(#1531,#1532,#1533,#1534));
#262=EDGE_LOOP('',(#1535,#1536,#1537,#1538));
#263=EDGE_LOOP('',(#1539,#1540,#1541,#1542));
#264=EDGE_LOOP('',(#1543,#1544,#1545,#1546));
#265=EDGE_LOOP('',(#1547,#1548,#1549,#1550));
#266=EDGE_LOOP('',(#1551,#1552,#1553,#1554));
#267=EDGE_LOOP('',(#1555,#1556,#1557,#1558));
#268=EDGE_LOOP('',(#1559,#1560,#1561,#1562));
#269=EDGE_LOOP('',(#1563,#1564,#1565,#1566));
#270=EDGE_LOOP('',(#1567,#1568,#1569,#1570));
#271=EDGE_LOOP('',(#1571,#1572,#1573,#1574));
#272=EDGE_LOOP('',(#1575,#1576,#1577,#1578));
#273=EDGE_LOOP('',(#1579,#1580,#1581,#1582));
#274=EDGE_LOOP('',(#1583,#1584,#1585,#1586));
#275=EDGE_LOOP('',(#1587,#1588,#1589,#1590));
#276=EDGE_LOOP('',(#1591,#1592,#1593,#1594));
#277=EDGE_LOOP('',(#1595,#1596,#1597,#1598));
#278=EDGE_LOOP('',(#1599,#1600,#1601,#1602));
#279=EDGE_LOOP('',(#1603,#1604,#1605,#1606));
#280=EDGE_LOOP('',(#1607,#1608,#1609,#1610));
#281=EDGE_LOOP('',(#1611,#1612,#1613,#1614));
#282=EDGE_LOOP('',(#1615,#1616,#1617,#1618));
#283=EDGE_LOOP('',(#1619,#1620,#1621,#1622));
#284=EDGE_LOOP('',(#1623,#1624,#1625,#1626));
#285=EDGE_LOOP('',(#1627,#1628,#1629,#1630));
#286=EDGE_LOOP('',(#1631,#1632,#1633,#1634));
#287=EDGE_LOOP('',(#1635,#1636,#1637,#1638));
#288=EDGE_LOOP('',(#1639,#1640,#1641,#1642));
#289=EDGE_LOOP('',(#1643,#1644,#1645,#1646));
#290=EDGE_LOOP('',(#1647,#1648,#1649,#1650));
#291=EDGE_LOOP('',(#1651,#1652,#1653,#1654));
#292=EDGE_LOOP('',(#1655,#1656,#1657,#1658));
#293=EDGE_LOOP('',(#1659,#1660,#1661,#1662));
#294=EDGE_LOOP('',(#1663,#1664,#1665,#1666));
#295=EDGE_LOOP('',(#1667,#1668,#1669,#1670));
#296=EDGE_LOOP('',(#1671,#1672,#1673,#1674));
#297=EDGE_LOOP('',(#1675,#1676,#1677,#1678));
#298=EDGE_LOOP('',(#1679,#1680,#1681,#1682,#1683));
#299=EDGE_LOOP('',(#1684,#1685,#1686,#1687,#1688,#1689));
#300=EDGE_LOOP('',(#1690,#1691,#1692,#1693,#1694,#1695,#1696,#1697,#1698,
#1699,#1700,#1701,#1702,#1703,#1704,#1705,#1706,#1707,#1708,#1709,#1710,
#1711,#1712,#1713,#1714,#1715,#1716,#1717,#1718,#1719,#1720,#1721,#1722,
#1723,#1724,#1725,#1726,#1727,#1728,#1729,#1730,#1731,#1732,#1733,#1734,
#1735,#1736,#1737,#1738,#1739,#1740,#1741));
#301=EDGE_LOOP('',(#1742,#1743,#1744,#1745));
#302=EDGE_LOOP('',(#1746,#1747,#1748,#1749,#1750,#1751,#1752,#1753,#1754,
#1755,#1756,#1757,#1758,#1759,#1760,#1761,#1762,#1763,#1764,#1765,#1766,
#1767,#1768,#1769,#1770,#1771,#1772,#1773,#1774,#1775,#1776,#1777,#1778,
#1779,#1780,#1781,#1782,#1783,#1784,#1785,#1786,#1787,#1788,#1789,#1790,
#1791,#1792,#1793,#1794,#1795,#1796,#1797,#1798,#1799));
#303=EDGE_LOOP('',(#1800,#1801,#1802,#1803));
#304=EDGE_LOOP('',(#1804,#1805,#1806,#1807,#1808));
#305=EDGE_LOOP('',(#1809,#1810,#1811,#1812));
#306=EDGE_LOOP('',(#1813,#1814,#1815,#1816,#1817,#1818,#1819,#1820));
#307=EDGE_LOOP('',(#1821,#1822,#1823,#1824,#1825,#1826,#1827,#1828,#1829,
#1830));
#308=EDGE_LOOP('',(#1831,#1832,#1833,#1834));
#309=EDGE_LOOP('',(#1835,#1836,#1837,#1838));
#310=EDGE_LOOP('',(#1839,#1840,#1841,#1842));
#311=LINE('',#2607,#545);
#312=LINE('',#2610,#546);
#313=LINE('',#2621,#547);
#314=LINE('',#2622,#548);
#315=LINE('',#2649,#549);
#316=LINE('',#2653,#550);
#317=LINE('',#2655,#551);
#318=LINE('',#2657,#552);
#319=LINE('',#2658,#553);
#320=LINE('',#2672,#554);
#321=LINE('',#2673,#555);
#322=LINE('',#2681,#556);
#323=LINE('',#2682,#557);
#324=LINE('',#2687,#558);
#325=LINE('',#2710,#559);
#326=LINE('',#2712,#560);
#327=LINE('',#2714,#561);
#328=LINE('',#2715,#562);
#329=LINE('',#2735,#563);
#330=LINE('',#2756,#564);
#331=LINE('',#2763,#565);
#332=LINE('',#2767,#566);
#333=LINE('',#2771,#567);
#334=LINE('',#2773,#568);
#335=LINE('',#2774,#569);
#336=LINE('',#2780,#570);
#337=LINE('',#2784,#571);
#338=LINE('',#2788,#572);
#339=LINE('',#2790,#573);
#340=LINE('',#2791,#574);
#341=LINE('',#2794,#575);
#342=LINE('',#2796,#576);
#343=LINE('',#2797,#577);
#344=LINE('',#2800,#578);
#345=LINE('',#2802,#579);
#346=LINE('',#2803,#580);
#347=LINE('',#2806,#581);
#348=LINE('',#2808,#582);
#349=LINE('',#2809,#583);
#350=LINE('',#2812,#584);
#351=LINE('',#2814,#585);
#352=LINE('',#2815,#586);
#353=LINE('',#2817,#587);
#354=LINE('',#2818,#588);
#355=LINE('',#2820,#589);
#356=LINE('',#2821,#590);
#357=LINE('',#2822,#591);
#358=LINE('',#2826,#592);
#359=LINE('',#2828,#593);
#360=LINE('',#2830,#594);
#361=LINE('',#2831,#595);
#362=LINE('',#2835,#596);
#363=LINE('',#2841,#597);
#364=LINE('',#2842,#598);
#365=LINE('',#2843,#599);
#366=LINE('',#2847,#600);
#367=LINE('',#2853,#601);
#368=LINE('',#2854,#602);
#369=LINE('',#2855,#603);
#370=LINE('',#2859,#604);
#371=LINE('',#2865,#605);
#372=LINE('',#2866,#606);
#373=LINE('',#2867,#607);
#374=LINE('',#2873,#608);
#375=LINE('',#2876,#609);
#376=LINE('',#2879,#610);
#377=LINE('',#2880,#611);
#378=LINE('',#2883,#612);
#379=LINE('',#2887,#613);
#380=LINE('',#2888,#614);
#381=LINE('',#2892,#615);
#382=LINE('',#2894,#616);
#383=LINE('',#2896,#617);
#384=LINE('',#2897,#618);
#385=LINE('',#2900,#619);
#386=LINE('',#2902,#620);
#387=LINE('',#2904,#621);
#388=LINE('',#2905,#622);
#389=LINE('',#2908,#623);
#390=LINE('',#2910,#624);
#391=LINE('',#2912,#625);
#392=LINE('',#2913,#626);
#393=LINE('',#2916,#627);
#394=LINE('',#2918,#628);
#395=LINE('',#2920,#629);
#396=LINE('',#2921,#630);
#397=LINE('',#2924,#631);
#398=LINE('',#2926,#632);
#399=LINE('',#2928,#633);
#400=LINE('',#2929,#634);
#401=LINE('',#2932,#635);
#402=LINE('',#2934,#636);
#403=LINE('',#2936,#637);
#404=LINE('',#2937,#638);
#405=LINE('',#2940,#639);
#406=LINE('',#2942,#640);
#407=LINE('',#2944,#641);
#408=LINE('',#2945,#642);
#409=LINE('',#2948,#643);
#410=LINE('',#2950,#644);
#411=LINE('',#2952,#645);
#412=LINE('',#2953,#646);
#413=LINE('',#2956,#647);
#414=LINE('',#2958,#648);
#415=LINE('',#2960,#649);
#416=LINE('',#2961,#650);
#417=LINE('',#2964,#651);
#418=LINE('',#2966,#652);
#419=LINE('',#2968,#653);
#420=LINE('',#2969,#654);
#421=LINE('',#2972,#655);
#422=LINE('',#2974,#656);
#423=LINE('',#2976,#657);
#424=LINE('',#2977,#658);
#425=LINE('',#2980,#659);
#426=LINE('',#2982,#660);
#427=LINE('',#2984,#661);
#428=LINE('',#2985,#662);
#429=LINE('',#2988,#663);
#430=LINE('',#2990,#664);
#431=LINE('',#2992,#665);
#432=LINE('',#2993,#666);
#433=LINE('',#2996,#667);
#434=LINE('',#2998,#668);
#435=LINE('',#2999,#669);
#436=LINE('',#3002,#670);
#437=LINE('',#3004,#671);
#438=LINE('',#3005,#672);
#439=LINE('',#3008,#673);
#440=LINE('',#3010,#674);
#441=LINE('',#3011,#675);
#442=LINE('',#3014,#676);
#443=LINE('',#3016,#677);
#444=LINE('',#3017,#678);
#445=LINE('',#3020,#679);
#446=LINE('',#3022,#680);
#447=LINE('',#3023,#681);
#448=LINE('',#3026,#682);
#449=LINE('',#3028,#683);
#450=LINE('',#3029,#684);
#451=LINE('',#3032,#685);
#452=LINE('',#3034,#686);
#453=LINE('',#3035,#687);
#454=LINE('',#3038,#688);
#455=LINE('',#3040,#689);
#456=LINE('',#3041,#690);
#457=LINE('',#3044,#691);
#458=LINE('',#3046,#692);
#459=LINE('',#3047,#693);
#460=LINE('',#3050,#694);
#461=LINE('',#3052,#695);
#462=LINE('',#3053,#696);
#463=LINE('',#3056,#697);
#464=LINE('',#3058,#698);
#465=LINE('',#3059,#699);
#466=LINE('',#3062,#700);
#467=LINE('',#3064,#701);
#468=LINE('',#3065,#702);
#469=LINE('',#3068,#703);
#470=LINE('',#3070,#704);
#471=LINE('',#3071,#705);
#472=LINE('',#3074,#706);
#473=LINE('',#3076,#707);
#474=LINE('',#3077,#708);
#475=LINE('',#3080,#709);
#476=LINE('',#3082,#710);
#477=LINE('',#3083,#711);
#478=LINE('',#3086,#712);
#479=LINE('',#3088,#713);
#480=LINE('',#3089,#714);
#481=LINE('',#3092,#715);
#482=LINE('',#3094,#716);
#483=LINE('',#3095,#717);
#484=LINE('',#3098,#718);
#485=LINE('',#3100,#719);
#486=LINE('',#3101,#720);
#487=LINE('',#3104,#721);
#488=LINE('',#3106,#722);
#489=LINE('',#3107,#723);
#490=LINE('',#3110,#724);
#491=LINE('',#3112,#725);
#492=LINE('',#3113,#726);
#493=LINE('',#3116,#727);
#494=LINE('',#3118,#728);
#495=LINE('',#3119,#729);
#496=LINE('',#3122,#730);
#497=LINE('',#3124,#731);
#498=LINE('',#3125,#732);
#499=LINE('',#3128,#733);
#500=LINE('',#3130,#734);
#501=LINE('',#3131,#735);
#502=LINE('',#3134,#736);
#503=LINE('',#3136,#737);
#504=LINE('',#3137,#738);
#505=LINE('',#3139,#739);
#506=LINE('',#3140,#740);
#507=LINE('',#3142,#741);
#508=LINE('',#3143,#742);
#509=LINE('',#3145,#743);
#510=LINE('',#3146,#744);
#511=LINE('',#3148,#745);
#512=LINE('',#3149,#746);
#513=LINE('',#3151,#747);
#514=LINE('',#3152,#748);
#515=LINE('',#3154,#749);
#516=LINE('',#3155,#750);
#517=LINE('',#3157,#751);
#518=LINE('',#3158,#752);
#519=LINE('',#3160,#753);
#520=LINE('',#3161,#754);
#521=LINE('',#3163,#755);
#522=LINE('',#3164,#756);
#523=LINE('',#3166,#757);
#524=LINE('',#3167,#758);
#525=LINE('',#3169,#759);
#526=LINE('',#3170,#760);
#527=LINE('',#3172,#761);
#528=LINE('',#3173,#762);
#529=LINE('',#3175,#763);
#530=LINE('',#3177,#764);
#531=LINE('',#3179,#765);
#532=LINE('',#3181,#766);
#533=LINE('',#3182,#767);
#534=LINE('',#3184,#768);
#535=LINE('',#3186,#769);
#536=LINE('',#3189,#770);
#537=LINE('',#3190,#771);
#538=LINE('',#3192,#772);
#539=LINE('',#3194,#773);
#540=LINE('',#3197,#774);
#541=LINE('',#3201,#775);
#542=LINE('',#3204,#776);
#543=LINE('',#3206,#777);
#544=LINE('',#3207,#778);
#545=VECTOR('',#2103,10.);
#546=VECTOR('',#2106,10.);
#547=VECTOR('',#2119,10.);
#548=VECTOR('',#2120,10.);
#549=VECTOR('',#2137,10.);
#550=VECTOR('',#2140,10.);
#551=VECTOR('',#2141,10.);
#552=VECTOR('',#2142,10.);
#553=VECTOR('',#2143,10.);
#554=VECTOR('',#2158,10.);
#555=VECTOR('',#2159,10.);
#556=VECTOR('',#2170,10.);
#557=VECTOR('',#2171,10.);
#558=VECTOR('',#2176,10.);
#559=VECTOR('',#2185,10.);
#560=VECTOR('',#2186,10.);
#561=VECTOR('',#2187,10.);
#562=VECTOR('',#2188,10.);
#563=VECTOR('',#2195,10.);
#564=VECTOR('',#2204,10.);
#565=VECTOR('',#2211,10.);
#566=VECTOR('',#2214,10.);
#567=VECTOR('',#2219,10.);
#568=VECTOR('',#2220,10.);
#569=VECTOR('',#2221,10.);
#570=VECTOR('',#2226,10.);
#571=VECTOR('',#2229,10.);
#572=VECTOR('',#2234,10.);
#573=VECTOR('',#2235,10.);
#574=VECTOR('',#2236,10.);
#575=VECTOR('',#2239,10.);
#576=VECTOR('',#2240,10.);
#577=VECTOR('',#2241,10.);
#578=VECTOR('',#2244,10.);
#579=VECTOR('',#2245,10.);
#580=VECTOR('',#2246,10.);
#581=VECTOR('',#2249,10.);
#582=VECTOR('',#2250,10.);
#583=VECTOR('',#2251,10.);
#584=VECTOR('',#2254,10.);
#585=VECTOR('',#2255,10.);
#586=VECTOR('',#2256,10.);
#587=VECTOR('',#2259,10.);
#588=VECTOR('',#2260,10.);
#589=VECTOR('',#2263,10.);
#590=VECTOR('',#2264,10.);
#591=VECTOR('',#2265,10.);
#592=VECTOR('',#2268,10.);
#593=VECTOR('',#2269,10.);
#594=VECTOR('',#2270,10.);
#595=VECTOR('',#2271,10.);
#596=VECTOR('',#2274,10.);
#597=VECTOR('',#2281,10.);
#598=VECTOR('',#2282,10.);
#599=VECTOR('',#2283,10.);
#600=VECTOR('',#2286,10.);
#601=VECTOR('',#2293,10.);
#602=VECTOR('',#2294,10.);
#603=VECTOR('',#2295,10.);
#604=VECTOR('',#2298,10.);
#605=VECTOR('',#2305,10.);
#606=VECTOR('',#2306,10.);
#607=VECTOR('',#2307,10.);
#608=VECTOR('',#2316,10.);
#609=VECTOR('',#2319,10.);
#610=VECTOR('',#2322,10.);
#611=VECTOR('',#2323,10.);
#612=VECTOR('',#2326,10.);
#613=VECTOR('',#2331,10.);
#614=VECTOR('',#2332,10.);
#615=VECTOR('',#2335,10.);
#616=VECTOR('',#2336,10.);
#617=VECTOR('',#2337,10.);
#618=VECTOR('',#2338,10.);
#619=VECTOR('',#2339,10.);
#620=VECTOR('',#2340,10.);
#621=VECTOR('',#2341,10.);
#622=VECTOR('',#2342,10.);
#623=VECTOR('',#2343,10.);
#624=VECTOR('',#2344,10.);
#625=VECTOR('',#2345,10.);
#626=VECTOR('',#2346,10.);
#627=VECTOR('',#2347,10.);
#628=VECTOR('',#2348,10.);
#629=VECTOR('',#2349,10.);
#630=VECTOR('',#2350,10.);
#631=VECTOR('',#2351,10.);
#632=VECTOR('',#2352,10.);
#633=VECTOR('',#2353,10.);
#634=VECTOR('',#2354,10.);
#635=VECTOR('',#2355,10.);
#636=VECTOR('',#2356,10.);
#637=VECTOR('',#2357,10.);
#638=VECTOR('',#2358,10.);
#639=VECTOR('',#2359,10.);
#640=VECTOR('',#2360,10.);
#641=VECTOR('',#2361,10.);
#642=VECTOR('',#2362,10.);
#643=VECTOR('',#2363,10.);
#644=VECTOR('',#2364,10.);
#645=VECTOR('',#2365,10.);
#646=VECTOR('',#2366,10.);
#647=VECTOR('',#2367,10.);
#648=VECTOR('',#2368,10.);
#649=VECTOR('',#2369,10.);
#650=VECTOR('',#2370,10.);
#651=VECTOR('',#2371,10.);
#652=VECTOR('',#2372,10.);
#653=VECTOR('',#2373,10.);
#654=VECTOR('',#2374,10.);
#655=VECTOR('',#2375,10.);
#656=VECTOR('',#2376,10.);
#657=VECTOR('',#2377,10.);
#658=VECTOR('',#2378,10.);
#659=VECTOR('',#2379,10.);
#660=VECTOR('',#2380,10.);
#661=VECTOR('',#2381,10.);
#662=VECTOR('',#2382,10.);
#663=VECTOR('',#2383,10.);
#664=VECTOR('',#2384,10.);
#665=VECTOR('',#2385,10.);
#666=VECTOR('',#2386,10.);
#667=VECTOR('',#2389,10.);
#668=VECTOR('',#2390,10.);
#669=VECTOR('',#2391,10.);
#670=VECTOR('',#2394,10.);
#671=VECTOR('',#2395,10.);
#672=VECTOR('',#2396,10.);
#673=VECTOR('',#2399,10.);
#674=VECTOR('',#2400,10.);
#675=VECTOR('',#2401,10.);
#676=VECTOR('',#2404,10.);
#677=VECTOR('',#2405,10.);
#678=VECTOR('',#2406,10.);
#679=VECTOR('',#2409,10.);
#680=VECTOR('',#2410,10.);
#681=VECTOR('',#2411,10.);
#682=VECTOR('',#2414,10.);
#683=VECTOR('',#2415,10.);
#684=VECTOR('',#2416,10.);
#685=VECTOR('',#2419,10.);
#686=VECTOR('',#2420,10.);
#687=VECTOR('',#2421,10.);
#688=VECTOR('',#2424,10.);
#689=VECTOR('',#2425,10.);
#690=VECTOR('',#2426,10.);
#691=VECTOR('',#2429,10.);
#692=VECTOR('',#2430,10.);
#693=VECTOR('',#2431,10.);
#694=VECTOR('',#2434,10.);
#695=VECTOR('',#2435,10.);
#696=VECTOR('',#2436,10.);
#697=VECTOR('',#2439,10.);
#698=VECTOR('',#2440,10.);
#699=VECTOR('',#2441,10.);
#700=VECTOR('',#2444,10.);
#701=VECTOR('',#2445,10.);
#702=VECTOR('',#2446,10.);
#703=VECTOR('',#2449,10.);
#704=VECTOR('',#2450,10.);
#705=VECTOR('',#2451,10.);
#706=VECTOR('',#2454,10.);
#707=VECTOR('',#2455,10.);
#708=VECTOR('',#2456,10.);
#709=VECTOR('',#2459,10.);
#710=VECTOR('',#2460,10.);
#711=VECTOR('',#2461,10.);
#712=VECTOR('',#2464,10.);
#713=VECTOR('',#2465,10.);
#714=VECTOR('',#2466,10.);
#715=VECTOR('',#2469,10.);
#716=VECTOR('',#2470,10.);
#717=VECTOR('',#2471,10.);
#718=VECTOR('',#2474,10.);
#719=VECTOR('',#2475,10.);
#720=VECTOR('',#2476,10.);
#721=VECTOR('',#2479,10.);
#722=VECTOR('',#2480,10.);
#723=VECTOR('',#2481,10.);
#724=VECTOR('',#2484,10.);
#725=VECTOR('',#2485,10.);
#726=VECTOR('',#2486,10.);
#727=VECTOR('',#2489,10.);
#728=VECTOR('',#2490,10.);
#729=VECTOR('',#2491,10.);
#730=VECTOR('',#2494,10.);
#731=VECTOR('',#2495,10.);
#732=VECTOR('',#2496,10.);
#733=VECTOR('',#2499,10.);
#734=VECTOR('',#2500,10.);
#735=VECTOR('',#2501,10.);
#736=VECTOR('',#2504,10.);
#737=VECTOR('',#2505,10.);
#738=VECTOR('',#2506,10.);
#739=VECTOR('',#2509,10.);
#740=VECTOR('',#2510,10.);
#741=VECTOR('',#2513,10.);
#742=VECTOR('',#2514,10.);
#743=VECTOR('',#2517,10.);
#744=VECTOR('',#2518,10.);
#745=VECTOR('',#2521,10.);
#746=VECTOR('',#2522,10.);
#747=VECTOR('',#2525,10.);
#748=VECTOR('',#2526,10.);
#749=VECTOR('',#2529,10.);
#750=VECTOR('',#2530,10.);
#751=VECTOR('',#2533,10.);
#752=VECTOR('',#2534,10.);
#753=VECTOR('',#2537,10.);
#754=VECTOR('',#2538,10.);
#755=VECTOR('',#2541,10.);
#756=VECTOR('',#2542,10.);
#757=VECTOR('',#2545,10.);
#758=VECTOR('',#2546,10.);
#759=VECTOR('',#2549,10.);
#760=VECTOR('',#2550,10.);
#761=VECTOR('',#2553,10.);
#762=VECTOR('',#2554,10.);
#763=VECTOR('',#2557,10.);
#764=VECTOR('',#2560,10.);
#765=VECTOR('',#2563,10.);
#766=VECTOR('',#2564,10.);
#767=VECTOR('',#2565,10.);
#768=VECTOR('',#2568,10.);
#769=VECTOR('',#2571,10.);
#770=VECTOR('',#2574,10.);
#771=VECTOR('',#2575,10.);
#772=VECTOR('',#2578,10.);
#773=VECTOR('',#2581,10.);
#774=VECTOR('',#2584,10.);
#775=VECTOR('',#2589,10.);
#776=VECTOR('',#2592,10.);
#777=VECTOR('',#2595,10.);
#778=VECTOR('',#2596,10.);
#779=CIRCLE('',#1964,0.499999999999998);
#780=CIRCLE('',#1965,0.500000000000003);
#781=CIRCLE('',#1967,0.499999999999999);
#782=CIRCLE('',#1968,1.36602540378444);
#783=CIRCLE('',#1969,0.93301270189222);
#784=CIRCLE('',#1971,0.500000000000003);
#785=CIRCLE('',#1973,1.36602540378444);
#786=CIRCLE('',#1974,0.93301270189222);
#787=CIRCLE('',#1975,0.5);
#788=CIRCLE('',#1976,0.5);
#789=CIRCLE('',#1977,0.5);
#790=CIRCLE('',#1979,0.499999999999998);
#791=CIRCLE('',#1982,0.499999999999998);
#792=CIRCLE('',#1983,0.93301270189222);
#793=CIRCLE('',#1984,0.500000000000001);
#794=CIRCLE('',#1985,1.36602540378444);
#795=CIRCLE('',#1987,0.500000000000001);
#796=CIRCLE('',#1989,0.500000000000003);
#797=CIRCLE('',#1990,1.36602540378444);
#798=CIRCLE('',#1991,0.933012701892219);
#799=CIRCLE('',#1994,0.499999999999998);
#800=CIRCLE('',#1995,0.5);
#801=CIRCLE('',#1996,0.499999999999998);
#802=CIRCLE('',#1997,0.5);
#803=CIRCLE('',#1999,0.5);
#804=CIRCLE('',#2000,0.499999999999998);
#805=CIRCLE('',#2003,0.5);
#806=CIRCLE('',#2004,0.5);
#807=CIRCLE('',#2008,3.);
#808=CIRCLE('',#2009,3.);
#809=CIRCLE('',#2014,3.);
#810=CIRCLE('',#2015,3.);
#811=CIRCLE('',#2025,3.);
#812=CIRCLE('',#2026,2.);
#813=CIRCLE('',#2029,3.);
#814=CIRCLE('',#2030,2.);
#815=CIRCLE('',#2033,3.);
#816=CIRCLE('',#2034,2.);
#817=CIRCLE('',#2037,3.);
#818=CIRCLE('',#2038,2.00000000000001);
#819=CIRCLE('',#2040,3.);
#820=CIRCLE('',#2043,3.);
#821=CIRCLE('',#2091,3.);
#822=CIRCLE('',#2093,3.);
#823=VERTEX_POINT('',#2603);
#824=VERTEX_POINT('',#2604);
#825=VERTEX_POINT('',#2606);
#826=VERTEX_POINT('',#2608);
#827=VERTEX_POINT('',#2612);
#828=VERTEX_POINT('',#2613);
#829=VERTEX_POINT('',#2618);
#830=VERTEX_POINT('',#2619);
#831=VERTEX_POINT('',#2641);
#832=VERTEX_POINT('',#2643);
#833=VERTEX_POINT('',#2647);
#834=VERTEX_POINT('',#2651);
#835=VERTEX_POINT('',#2652);
#836=VERTEX_POINT('',#2654);
#837=VERTEX_POINT('',#2656);
#838=VERTEX_POINT('',#2660);
#839=VERTEX_POINT('',#2661);
#840=VERTEX_POINT('',#2663);
#841=VERTEX_POINT('',#2665);
#842=VERTEX_POINT('',#2669);
#843=VERTEX_POINT('',#2670);
#844=VERTEX_POINT('',#2675);
#845=VERTEX_POINT('',#2676);
#846=VERTEX_POINT('',#2684);
#847=VERTEX_POINT('',#2686);
#848=VERTEX_POINT('',#2704);
#849=VERTEX_POINT('',#2708);
#850=VERTEX_POINT('',#2709);
#851=VERTEX_POINT('',#2711);
#852=VERTEX_POINT('',#2713);
#853=VERTEX_POINT('',#2731);
#854=VERTEX_POINT('',#2752);
#855=VERTEX_POINT('',#2759);
#856=VERTEX_POINT('',#2760);
#857=VERTEX_POINT('',#2762);
#858=VERTEX_POINT('',#2764);
#859=VERTEX_POINT('',#2766);
#860=VERTEX_POINT('',#2770);
#861=VERTEX_POINT('',#2772);
#862=VERTEX_POINT('',#2776);
#863=VERTEX_POINT('',#2777);
#864=VERTEX_POINT('',#2779);
#865=VERTEX_POINT('',#2781);
#866=VERTEX_POINT('',#2783);
#867=VERTEX_POINT('',#2787);
#868=VERTEX_POINT('',#2789);
#869=VERTEX_POINT('',#2793);
#870=VERTEX_POINT('',#2795);
#871=VERTEX_POINT('',#2799);
#872=VERTEX_POINT('',#2801);
#873=VERTEX_POINT('',#2805);
#874=VERTEX_POINT('',#2807);
#875=VERTEX_POINT('',#2811);
#876=VERTEX_POINT('',#2813);
#877=VERTEX_POINT('',#2824);
#878=VERTEX_POINT('',#2825);
#879=VERTEX_POINT('',#2827);
#880=VERTEX_POINT('',#2829);
#881=VERTEX_POINT('',#2833);
#882=VERTEX_POINT('',#2834);
#883=VERTEX_POINT('',#2839);
#884=VERTEX_POINT('',#2840);
#885=VERTEX_POINT('',#2845);
#886=VERTEX_POINT('',#2846);
#887=VERTEX_POINT('',#2851);
#888=VERTEX_POINT('',#2852);
#889=VERTEX_POINT('',#2857);
#890=VERTEX_POINT('',#2858);
#891=VERTEX_POINT('',#2863);
#892=VERTEX_POINT('',#2864);
#893=VERTEX_POINT('',#2872);
#894=VERTEX_POINT('',#2874);
#895=VERTEX_POINT('',#2878);
#896=VERTEX_POINT('',#2882);
#897=VERTEX_POINT('',#2886);
#898=VERTEX_POINT('',#2890);
#899=VERTEX_POINT('',#2891);
#900=VERTEX_POINT('',#2893);
#901=VERTEX_POINT('',#2895);
#902=VERTEX_POINT('',#2898);
#903=VERTEX_POINT('',#2899);
#904=VERTEX_POINT('',#2901);
#905=VERTEX_POINT('',#2903);
#906=VERTEX_POINT('',#2906);
#907=VERTEX_POINT('',#2907);
#908=VERTEX_POINT('',#2909);
#909=VERTEX_POINT('',#2911);
#910=VERTEX_POINT('',#2914);
#911=VERTEX_POINT('',#2915);
#912=VERTEX_POINT('',#2917);
#913=VERTEX_POINT('',#2919);
#914=VERTEX_POINT('',#2922);
#915=VERTEX_POINT('',#2923);
#916=VERTEX_POINT('',#2925);
#917=VERTEX_POINT('',#2927);
#918=VERTEX_POINT('',#2930);
#919=VERTEX_POINT('',#2931);
#920=VERTEX_POINT('',#2933);
#921=VERTEX_POINT('',#2935);
#922=VERTEX_POINT('',#2938);
#923=VERTEX_POINT('',#2939);
#924=VERTEX_POINT('',#2941);
#925=VERTEX_POINT('',#2943);
#926=VERTEX_POINT('',#2946);
#927=VERTEX_POINT('',#2947);
#928=VERTEX_POINT('',#2949);
#929=VERTEX_POINT('',#2951);
#930=VERTEX_POINT('',#2954);
#931=VERTEX_POINT('',#2955);
#932=VERTEX_POINT('',#2957);
#933=VERTEX_POINT('',#2959);
#934=VERTEX_POINT('',#2962);
#935=VERTEX_POINT('',#2963);
#936=VERTEX_POINT('',#2965);
#937=VERTEX_POINT('',#2967);
#938=VERTEX_POINT('',#2970);
#939=VERTEX_POINT('',#2971);
#940=VERTEX_POINT('',#2973);
#941=VERTEX_POINT('',#2975);
#942=VERTEX_POINT('',#2978);
#943=VERTEX_POINT('',#2979);
#944=VERTEX_POINT('',#2981);
#945=VERTEX_POINT('',#2983);
#946=VERTEX_POINT('',#2986);
#947=VERTEX_POINT('',#2987);
#948=VERTEX_POINT('',#2989);
#949=VERTEX_POINT('',#2991);
#950=VERTEX_POINT('',#2995);
#951=VERTEX_POINT('',#2997);
#952=VERTEX_POINT('',#3001);
#953=VERTEX_POINT('',#3003);
#954=VERTEX_POINT('',#3007);
#955=VERTEX_POINT('',#3009);
#956=VERTEX_POINT('',#3013);
#957=VERTEX_POINT('',#3015);
#958=VERTEX_POINT('',#3019);
#959=VERTEX_POINT('',#3021);
#960=VERTEX_POINT('',#3025);
#961=VERTEX_POINT('',#3027);
#962=VERTEX_POINT('',#3031);
#963=VERTEX_POINT('',#3033);
#964=VERTEX_POINT('',#3037);
#965=VERTEX_POINT('',#3039);
#966=VERTEX_POINT('',#3043);
#967=VERTEX_POINT('',#3045);
#968=VERTEX_POINT('',#3049);
#969=VERTEX_POINT('',#3051);
#970=VERTEX_POINT('',#3055);
#971=VERTEX_POINT('',#3057);
#972=VERTEX_POINT('',#3061);
#973=VERTEX_POINT('',#3063);
#974=VERTEX_POINT('',#3067);
#975=VERTEX_POINT('',#3069);
#976=VERTEX_POINT('',#3073);
#977=VERTEX_POINT('',#3075);
#978=VERTEX_POINT('',#3079);
#979=VERTEX_POINT('',#3081);
#980=VERTEX_POINT('',#3085);
#981=VERTEX_POINT('',#3087);
#982=VERTEX_POINT('',#3091);
#983=VERTEX_POINT('',#3093);
#984=VERTEX_POINT('',#3097);
#985=VERTEX_POINT('',#3099);
#986=VERTEX_POINT('',#3103);
#987=VERTEX_POINT('',#3105);
#988=VERTEX_POINT('',#3109);
#989=VERTEX_POINT('',#3111);
#990=VERTEX_POINT('',#3115);
#991=VERTEX_POINT('',#3117);
#992=VERTEX_POINT('',#3121);
#993=VERTEX_POINT('',#3123);
#994=VERTEX_POINT('',#3127);
#995=VERTEX_POINT('',#3129);
#996=VERTEX_POINT('',#3133);
#997=VERTEX_POINT('',#3135);
#998=VERTEX_POINT('',#3180);
#999=VERTEX_POINT('',#3188);
#1000=VERTEX_POINT('',#3196);
#1001=VERTEX_POINT('',#3200);
#1002=VERTEX_POINT('',#3202);
#1003=EDGE_CURVE('',#823,#824,#779,.T.);
#1004=EDGE_CURVE('',#824,#825,#311,.T.);
#1005=EDGE_CURVE('',#825,#826,#780,.T.);
#1006=EDGE_CURVE('',#826,#823,#312,.T.);
#1007=EDGE_CURVE('',#827,#828,#781,.T.);
#1008=EDGE_CURVE('',#828,#826,#782,.T.);
#1009=EDGE_CURVE('',#825,#827,#783,.T.);
#1010=EDGE_CURVE('',#829,#830,#784,.T.);
#1011=EDGE_CURVE('',#830,#828,#313,.T.);
#1012=EDGE_CURVE('',#827,#829,#314,.T.);
#1013=EDGE_CURVE('',#823,#830,#785,.T.);
#1014=EDGE_CURVE('',#829,#824,#786,.T.);
#1015=EDGE_CURVE('',#825,#831,#787,.T.);
#1016=EDGE_CURVE('',#831,#832,#788,.T.);
#1017=EDGE_CURVE('',#827,#832,#789,.T.);
#1018=EDGE_CURVE('',#833,#824,#790,.T.);
#1019=EDGE_CURVE('',#833,#831,#315,.T.);
#1020=EDGE_CURVE('',#834,#835,#316,.T.);
#1021=EDGE_CURVE('',#834,#836,#317,.T.);
#1022=EDGE_CURVE('',#837,#836,#318,.T.);
#1023=EDGE_CURVE('',#835,#837,#319,.T.);
#1024=EDGE_CURVE('',#838,#839,#791,.T.);
#1025=EDGE_CURVE('',#839,#840,#792,.T.);
#1026=EDGE_CURVE('',#840,#841,#793,.T.);
#1027=EDGE_CURVE('',#841,#838,#794,.T.);
#1028=EDGE_CURVE('',#842,#843,#795,.T.);
#1029=EDGE_CURVE('',#843,#841,#320,.T.);
#1030=EDGE_CURVE('',#840,#842,#321,.T.);
#1031=EDGE_CURVE('',#844,#845,#796,.T.);
#1032=EDGE_CURVE('',#845,#843,#797,.T.);
#1033=EDGE_CURVE('',#842,#844,#798,.T.);
#1034=EDGE_CURVE('',#838,#845,#322,.T.);
#1035=EDGE_CURVE('',#844,#839,#323,.T.);
#1036=EDGE_CURVE('',#846,#840,#799,.T.);
#1037=EDGE_CURVE('',#846,#847,#324,.T.);
#1038=EDGE_CURVE('',#842,#847,#800,.T.);
#1039=EDGE_CURVE('',#848,#839,#801,.T.);
#1040=EDGE_CURVE('',#848,#846,#802,.T.);
#1041=EDGE_CURVE('',#849,#850,#325,.T.);
#1042=EDGE_CURVE('',#849,#851,#326,.T.);
#1043=EDGE_CURVE('',#852,#851,#327,.T.);
#1044=EDGE_CURVE('',#850,#852,#328,.T.);
#1045=EDGE_CURVE('',#847,#853,#803,.T.);
#1046=EDGE_CURVE('',#853,#844,#804,.T.);
#1047=EDGE_CURVE('',#853,#848,#329,.T.);
#1048=EDGE_CURVE('',#829,#854,#805,.T.);
#1049=EDGE_CURVE('',#854,#833,#806,.T.);
#1050=EDGE_CURVE('',#832,#854,#330,.T.);
#1051=EDGE_CURVE('',#855,#856,#807,.F.);
#1052=EDGE_CURVE('',#855,#857,#331,.T.);
#1053=EDGE_CURVE('',#857,#858,#808,.T.);
#1054=EDGE_CURVE('',#858,#859,#332,.T.);
#1055=EDGE_CURVE('',#859,#856,#19,.T.);
#1056=EDGE_CURVE('',#858,#860,#333,.T.);
#1057=EDGE_CURVE('',#861,#860,#334,.T.);
#1058=EDGE_CURVE('',#859,#861,#335,.T.);
#1059=EDGE_CURVE('',#862,#863,#20,.F.);
#1060=EDGE_CURVE('',#862,#864,#336,.T.);
#1061=EDGE_CURVE('',#864,#865,#809,.T.);
#1062=EDGE_CURVE('',#865,#866,#337,.T.);
#1063=EDGE_CURVE('',#866,#863,#810,.T.);
#1064=EDGE_CURVE('',#867,#862,#338,.T.);
#1065=EDGE_CURVE('',#868,#867,#339,.T.);
#1066=EDGE_CURVE('',#864,#868,#340,.T.);
#1067=EDGE_CURVE('',#856,#869,#341,.T.);
#1068=EDGE_CURVE('',#861,#870,#342,.T.);
#1069=EDGE_CURVE('',#870,#869,#343,.T.);
#1070=EDGE_CURVE('',#870,#871,#344,.T.);
#1071=EDGE_CURVE('',#871,#872,#345,.T.);
#1072=EDGE_CURVE('',#872,#869,#346,.T.);
#1073=EDGE_CURVE('',#871,#873,#347,.T.);
#1074=EDGE_CURVE('',#873,#874,#348,.T.);
#1075=EDGE_CURVE('',#874,#872,#349,.T.);
#1076=EDGE_CURVE('',#875,#874,#350,.T.);
#1077=EDGE_CURVE('',#873,#876,#351,.T.);
#1078=EDGE_CURVE('',#876,#875,#352,.T.);
#1079=EDGE_CURVE('',#876,#867,#353,.T.);
#1080=EDGE_CURVE('',#863,#875,#354,.T.);
#1081=EDGE_CURVE('',#860,#837,#355,.T.);
#1082=EDGE_CURVE('',#836,#852,#356,.T.);
#1083=EDGE_CURVE('',#851,#868,#357,.T.);
#1084=EDGE_CURVE('',#877,#878,#358,.T.);
#1085=EDGE_CURVE('',#878,#879,#359,.T.);
#1086=EDGE_CURVE('',#879,#880,#360,.T.);
#1087=EDGE_CURVE('',#880,#877,#361,.T.);
#1088=EDGE_CURVE('',#881,#882,#362,.T.);
#1089=EDGE_CURVE('',#882,#878,#811,.T.);
#1090=EDGE_CURVE('',#877,#881,#812,.T.);
#1091=EDGE_CURVE('',#883,#884,#363,.T.);
#1092=EDGE_CURVE('',#884,#882,#364,.T.);
#1093=EDGE_CURVE('',#881,#883,#365,.T.);
#1094=EDGE_CURVE('',#885,#886,#366,.T.);
#1095=EDGE_CURVE('',#886,#884,#813,.T.);
#1096=EDGE_CURVE('',#883,#885,#814,.T.);
#1097=EDGE_CURVE('',#887,#888,#367,.T.);
#1098=EDGE_CURVE('',#888,#886,#368,.T.);
#1099=EDGE_CURVE('',#885,#887,#369,.T.);
#1100=EDGE_CURVE('',#889,#890,#370,.T.);
#1101=EDGE_CURVE('',#890,#888,#815,.T.);
#1102=EDGE_CURVE('',#887,#889,#816,.T.);
#1103=EDGE_CURVE('',#891,#892,#371,.T.);
#1104=EDGE_CURVE('',#892,#890,#372,.T.);
#1105=EDGE_CURVE('',#889,#891,#373,.T.);
#1106=EDGE_CURVE('',#879,#892,#817,.T.);
#1107=EDGE_CURVE('',#891,#880,#818,.T.);
#1108=EDGE_CURVE('',#890,#893,#374,.T.);
#1109=EDGE_CURVE('',#893,#894,#819,.T.);
#1110=EDGE_CURVE('',#894,#888,#375,.T.);
#1111=EDGE_CURVE('',#895,#892,#376,.T.);
#1112=EDGE_CURVE('',#893,#895,#377,.T.);
#1113=EDGE_CURVE('',#879,#896,#378,.T.);
#1114=EDGE_CURVE('',#896,#895,#820,.T.);
#1115=EDGE_CURVE('',#897,#878,#379,.T.);
#1116=EDGE_CURVE('',#896,#897,#380,.T.);
#1117=EDGE_CURVE('',#898,#899,#381,.T.);
#1118=EDGE_CURVE('',#899,#900,#382,.T.);
#1119=EDGE_CURVE('',#900,#901,#383,.T.);
#1120=EDGE_CURVE('',#901,#898,#384,.T.);
#1121=EDGE_CURVE('',#902,#903,#385,.T.);
#1122=EDGE_CURVE('',#903,#904,#386,.T.);
#1123=EDGE_CURVE('',#904,#905,#387,.T.);
#1124=EDGE_CURVE('',#905,#902,#388,.T.);
#1125=EDGE_CURVE('',#906,#907,#389,.T.);
#1126=EDGE_CURVE('',#907,#908,#390,.T.);
#1127=EDGE_CURVE('',#908,#909,#391,.T.);
#1128=EDGE_CURVE('',#909,#906,#392,.T.);
#1129=EDGE_CURVE('',#910,#911,#393,.T.);
#1130=EDGE_CURVE('',#911,#912,#394,.T.);
#1131=EDGE_CURVE('',#912,#913,#395,.T.);
#1132=EDGE_CURVE('',#913,#910,#396,.T.);
#1133=EDGE_CURVE('',#914,#915,#397,.T.);
#1134=EDGE_CURVE('',#915,#916,#398,.T.);
#1135=EDGE_CURVE('',#916,#917,#399,.T.);
#1136=EDGE_CURVE('',#917,#914,#400,.T.);
#1137=EDGE_CURVE('',#918,#919,#401,.T.);
#1138=EDGE_CURVE('',#919,#920,#402,.T.);
#1139=EDGE_CURVE('',#920,#921,#403,.T.);
#1140=EDGE_CURVE('',#921,#918,#404,.T.);
#1141=EDGE_CURVE('',#922,#923,#405,.T.);
#1142=EDGE_CURVE('',#923,#924,#406,.T.);
#1143=EDGE_CURVE('',#924,#925,#407,.T.);
#1144=EDGE_CURVE('',#925,#922,#408,.T.);
#1145=EDGE_CURVE('',#926,#927,#409,.T.);
#1146=EDGE_CURVE('',#927,#928,#410,.T.);
#1147=EDGE_CURVE('',#928,#929,#411,.T.);
#1148=EDGE_CURVE('',#929,#926,#412,.T.);
#1149=EDGE_CURVE('',#930,#931,#413,.T.);
#1150=EDGE_CURVE('',#931,#932,#414,.T.);
#1151=EDGE_CURVE('',#932,#933,#415,.T.);
#1152=EDGE_CURVE('',#933,#930,#416,.T.);
#1153=EDGE_CURVE('',#934,#935,#417,.T.);
#1154=EDGE_CURVE('',#935,#936,#418,.T.);
#1155=EDGE_CURVE('',#936,#937,#419,.T.);
#1156=EDGE_CURVE('',#937,#934,#420,.T.);
#1157=EDGE_CURVE('',#938,#939,#421,.T.);
#1158=EDGE_CURVE('',#939,#940,#422,.T.);
#1159=EDGE_CURVE('',#940,#941,#423,.T.);
#1160=EDGE_CURVE('',#941,#938,#424,.T.);
#1161=EDGE_CURVE('',#942,#943,#425,.T.);
#1162=EDGE_CURVE('',#943,#944,#426,.T.);
#1163=EDGE_CURVE('',#944,#945,#427,.T.);
#1164=EDGE_CURVE('',#945,#942,#428,.T.);
#1165=EDGE_CURVE('',#946,#947,#429,.T.);
#1166=EDGE_CURVE('',#947,#948,#430,.T.);
#1167=EDGE_CURVE('',#948,#949,#431,.T.);
#1168=EDGE_CURVE('',#949,#946,#432,.T.);
#1169=EDGE_CURVE('',#898,#950,#433,.T.);
#1170=EDGE_CURVE('',#951,#950,#434,.T.);
#1171=EDGE_CURVE('',#899,#951,#435,.T.);
#1172=EDGE_CURVE('',#900,#952,#436,.T.);
#1173=EDGE_CURVE('',#953,#952,#437,.T.);
#1174=EDGE_CURVE('',#901,#953,#438,.T.);
#1175=EDGE_CURVE('',#905,#954,#439,.T.);
#1176=EDGE_CURVE('',#955,#954,#440,.T.);
#1177=EDGE_CURVE('',#902,#955,#441,.T.);
#1178=EDGE_CURVE('',#903,#956,#442,.T.);
#1179=EDGE_CURVE('',#957,#956,#443,.T.);
#1180=EDGE_CURVE('',#904,#957,#444,.T.);
#1181=EDGE_CURVE('',#906,#958,#445,.T.);
#1182=EDGE_CURVE('',#959,#958,#446,.T.);
#1183=EDGE_CURVE('',#907,#959,#447,.T.);
#1184=EDGE_CURVE('',#908,#960,#448,.T.);
#1185=EDGE_CURVE('',#961,#960,#449,.T.);
#1186=EDGE_CURVE('',#909,#961,#450,.T.);
#1187=EDGE_CURVE('',#910,#962,#451,.T.);
#1188=EDGE_CURVE('',#963,#962,#452,.T.);
#1189=EDGE_CURVE('',#911,#963,#453,.T.);
#1190=EDGE_CURVE('',#912,#964,#454,.T.);
#1191=EDGE_CURVE('',#965,#964,#455,.T.);
#1192=EDGE_CURVE('',#913,#965,#456,.T.);
#1193=EDGE_CURVE('',#914,#966,#457,.T.);
#1194=EDGE_CURVE('',#967,#966,#458,.T.);
#1195=EDGE_CURVE('',#915,#967,#459,.T.);
#1196=EDGE_CURVE('',#916,#968,#460,.T.);
#1197=EDGE_CURVE('',#969,#968,#461,.T.);
#1198=EDGE_CURVE('',#917,#969,#462,.T.);
#1199=EDGE_CURVE('',#918,#970,#463,.T.);
#1200=EDGE_CURVE('',#971,#970,#464,.T.);
#1201=EDGE_CURVE('',#919,#971,#465,.T.);
#1202=EDGE_CURVE('',#920,#972,#466,.T.);
#1203=EDGE_CURVE('',#973,#972,#467,.T.);
#1204=EDGE_CURVE('',#921,#973,#468,.T.);
#1205=EDGE_CURVE('',#922,#974,#469,.T.);
#1206=EDGE_CURVE('',#975,#974,#470,.T.);
#1207=EDGE_CURVE('',#923,#975,#471,.T.);
#1208=EDGE_CURVE('',#924,#976,#472,.T.);
#1209=EDGE_CURVE('',#977,#976,#473,.T.);
#1210=EDGE_CURVE('',#925,#977,#474,.T.);
#1211=EDGE_CURVE('',#926,#978,#475,.T.);
#1212=EDGE_CURVE('',#979,#978,#476,.T.);
#1213=EDGE_CURVE('',#927,#979,#477,.T.);
#1214=EDGE_CURVE('',#928,#980,#478,.T.);
#1215=EDGE_CURVE('',#981,#980,#479,.T.);
#1216=EDGE_CURVE('',#929,#981,#480,.T.);
#1217=EDGE_CURVE('',#930,#982,#481,.T.);
#1218=EDGE_CURVE('',#983,#982,#482,.T.);
#1219=EDGE_CURVE('',#931,#983,#483,.T.);
#1220=EDGE_CURVE('',#932,#984,#484,.T.);
#1221=EDGE_CURVE('',#985,#984,#485,.T.);
#1222=EDGE_CURVE('',#933,#985,#486,.T.);
#1223=EDGE_CURVE('',#936,#986,#487,.T.);
#1224=EDGE_CURVE('',#987,#986,#488,.T.);
#1225=EDGE_CURVE('',#937,#987,#489,.T.);
#1226=EDGE_CURVE('',#938,#988,#490,.T.);
#1227=EDGE_CURVE('',#989,#988,#491,.T.);
#1228=EDGE_CURVE('',#939,#989,#492,.T.);
#1229=EDGE_CURVE('',#940,#990,#493,.T.);
#1230=EDGE_CURVE('',#991,#990,#494,.T.);
#1231=EDGE_CURVE('',#941,#991,#495,.T.);
#1232=EDGE_CURVE('',#942,#992,#496,.T.);
#1233=EDGE_CURVE('',#993,#992,#497,.T.);
#1234=EDGE_CURVE('',#943,#993,#498,.T.);
#1235=EDGE_CURVE('',#944,#994,#499,.T.);
#1236=EDGE_CURVE('',#995,#994,#500,.T.);
#1237=EDGE_CURVE('',#945,#995,#501,.T.);
#1238=EDGE_CURVE('',#946,#996,#502,.T.);
#1239=EDGE_CURVE('',#997,#996,#503,.T.);
#1240=EDGE_CURVE('',#947,#997,#504,.T.);
#1241=EDGE_CURVE('',#984,#989,#505,.T.);
#1242=EDGE_CURVE('',#988,#985,#506,.T.);
#1243=EDGE_CURVE('',#980,#993,#507,.T.);
#1244=EDGE_CURVE('',#992,#981,#508,.T.);
#1245=EDGE_CURVE('',#976,#997,#509,.T.);
#1246=EDGE_CURVE('',#996,#977,#510,.T.);
#1247=EDGE_CURVE('',#970,#995,#511,.T.);
#1248=EDGE_CURVE('',#994,#971,#512,.T.);
#1249=EDGE_CURVE('',#966,#991,#513,.T.);
#1250=EDGE_CURVE('',#990,#967,#514,.T.);
#1251=EDGE_CURVE('',#962,#987,#515,.T.);
#1252=EDGE_CURVE('',#986,#963,#516,.T.);
#1253=EDGE_CURVE('',#958,#965,#517,.T.);
#1254=EDGE_CURVE('',#964,#959,#518,.T.);
#1255=EDGE_CURVE('',#960,#983,#519,.T.);
#1256=EDGE_CURVE('',#982,#961,#520,.T.);
#1257=EDGE_CURVE('',#954,#979,#521,.T.);
#1258=EDGE_CURVE('',#978,#955,#522,.T.);
#1259=EDGE_CURVE('',#956,#969,#523,.T.);
#1260=EDGE_CURVE('',#968,#957,#524,.T.);
#1261=EDGE_CURVE('',#950,#973,#525,.T.);
#1262=EDGE_CURVE('',#972,#951,#526,.T.);
#1263=EDGE_CURVE('',#952,#975,#527,.T.);
#1264=EDGE_CURVE('',#974,#953,#528,.T.);
#1265=EDGE_CURVE('',#850,#834,#529,.T.);
#1266=EDGE_CURVE('',#835,#857,#530,.T.);
#1267=EDGE_CURVE('',#949,#869,#531,.T.);
#1268=EDGE_CURVE('',#948,#998,#532,.T.);
#1269=EDGE_CURVE('',#855,#998,#533,.T.);
#1270=EDGE_CURVE('',#934,#872,#534,.T.);
#1271=EDGE_CURVE('',#935,#874,#535,.T.);
#1272=EDGE_CURVE('',#999,#875,#536,.T.);
#1273=EDGE_CURVE('',#998,#999,#537,.T.);
#1274=EDGE_CURVE('',#999,#866,#538,.T.);
#1275=EDGE_CURVE('',#865,#849,#539,.T.);
#1276=EDGE_CURVE('',#882,#1000,#540,.T.);
#1277=EDGE_CURVE('',#1000,#897,#821,.T.);
#1278=EDGE_CURVE('',#1000,#1001,#541,.T.);
#1279=EDGE_CURVE('',#1002,#1001,#822,.T.);
#1280=EDGE_CURVE('',#1002,#894,#542,.T.);
#1281=EDGE_CURVE('',#886,#1002,#543,.T.);
#1282=EDGE_CURVE('',#1001,#884,#544,.T.);
#1283=ORIENTED_EDGE('',*,*,#1003,.T.);
#1284=ORIENTED_EDGE('',*,*,#1004,.T.);
#1285=ORIENTED_EDGE('',*,*,#1005,.T.);
#1286=ORIENTED_EDGE('',*,*,#1006,.T.);
#1287=ORIENTED_EDGE('',*,*,#1007,.T.);
#1288=ORIENTED_EDGE('',*,*,#1008,.T.);
#1289=ORIENTED_EDGE('',*,*,#1005,.F.);
#1290=ORIENTED_EDGE('',*,*,#1009,.T.);
#1291=ORIENTED_EDGE('',*,*,#1010,.T.);
#1292=ORIENTED_EDGE('',*,*,#1011,.T.);
#1293=ORIENTED_EDGE('',*,*,#1007,.F.);
#1294=ORIENTED_EDGE('',*,*,#1012,.T.);
#1295=ORIENTED_EDGE('',*,*,#1003,.F.);
#1296=ORIENTED_EDGE('',*,*,#1013,.T.);
#1297=ORIENTED_EDGE('',*,*,#1010,.F.);
#1298=ORIENTED_EDGE('',*,*,#1014,.T.);
#1299=ORIENTED_EDGE('',*,*,#1009,.F.);
#1300=ORIENTED_EDGE('',*,*,#1015,.T.);
#1301=ORIENTED_EDGE('',*,*,#1016,.T.);
#1302=ORIENTED_EDGE('',*,*,#1017,.F.);
#1303=ORIENTED_EDGE('',*,*,#1004,.F.);
#1304=ORIENTED_EDGE('',*,*,#1018,.F.);
#1305=ORIENTED_EDGE('',*,*,#1019,.T.);
#1306=ORIENTED_EDGE('',*,*,#1015,.F.);
#1307=ORIENTED_EDGE('',*,*,#1020,.F.);
#1308=ORIENTED_EDGE('',*,*,#1021,.T.);
#1309=ORIENTED_EDGE('',*,*,#1022,.F.);
#1310=ORIENTED_EDGE('',*,*,#1023,.F.);
#1311=ORIENTED_EDGE('',*,*,#1006,.F.);
#1312=ORIENTED_EDGE('',*,*,#1008,.F.);
#1313=ORIENTED_EDGE('',*,*,#1011,.F.);
#1314=ORIENTED_EDGE('',*,*,#1013,.F.);
#1315=ORIENTED_EDGE('',*,*,#1024,.T.);
#1316=ORIENTED_EDGE('',*,*,#1025,.T.);
#1317=ORIENTED_EDGE('',*,*,#1026,.T.);
#1318=ORIENTED_EDGE('',*,*,#1027,.T.);
#1319=ORIENTED_EDGE('',*,*,#1028,.T.);
#1320=ORIENTED_EDGE('',*,*,#1029,.T.);
#1321=ORIENTED_EDGE('',*,*,#1026,.F.);
#1322=ORIENTED_EDGE('',*,*,#1030,.T.);
#1323=ORIENTED_EDGE('',*,*,#1031,.T.);
#1324=ORIENTED_EDGE('',*,*,#1032,.T.);
#1325=ORIENTED_EDGE('',*,*,#1028,.F.);
#1326=ORIENTED_EDGE('',*,*,#1033,.T.);
#1327=ORIENTED_EDGE('',*,*,#1024,.F.);
#1328=ORIENTED_EDGE('',*,*,#1034,.T.);
#1329=ORIENTED_EDGE('',*,*,#1031,.F.);
#1330=ORIENTED_EDGE('',*,*,#1035,.T.);
#1331=ORIENTED_EDGE('',*,*,#1030,.F.);
#1332=ORIENTED_EDGE('',*,*,#1036,.F.);
#1333=ORIENTED_EDGE('',*,*,#1037,.T.);
#1334=ORIENTED_EDGE('',*,*,#1038,.F.);
#1335=ORIENTED_EDGE('',*,*,#1025,.F.);
#1336=ORIENTED_EDGE('',*,*,#1039,.F.);
#1337=ORIENTED_EDGE('',*,*,#1040,.T.);
#1338=ORIENTED_EDGE('',*,*,#1036,.T.);
#1339=ORIENTED_EDGE('',*,*,#1041,.F.);
#1340=ORIENTED_EDGE('',*,*,#1042,.T.);
#1341=ORIENTED_EDGE('',*,*,#1043,.F.);
#1342=ORIENTED_EDGE('',*,*,#1044,.F.);
#1343=ORIENTED_EDGE('',*,*,#1027,.F.);
#1344=ORIENTED_EDGE('',*,*,#1029,.F.);
#1345=ORIENTED_EDGE('',*,*,#1032,.F.);
#1346=ORIENTED_EDGE('',*,*,#1034,.F.);
#1347=ORIENTED_EDGE('',*,*,#1033,.F.);
#1348=ORIENTED_EDGE('',*,*,#1038,.T.);
#1349=ORIENTED_EDGE('',*,*,#1045,.T.);
#1350=ORIENTED_EDGE('',*,*,#1046,.T.);
#1351=ORIENTED_EDGE('',*,*,#1035,.F.);
#1352=ORIENTED_EDGE('',*,*,#1046,.F.);
#1353=ORIENTED_EDGE('',*,*,#1047,.T.);
#1354=ORIENTED_EDGE('',*,*,#1039,.T.);
#1355=ORIENTED_EDGE('',*,*,#1045,.F.);
#1356=ORIENTED_EDGE('',*,*,#1037,.F.);
#1357=ORIENTED_EDGE('',*,*,#1040,.F.);
#1358=ORIENTED_EDGE('',*,*,#1047,.F.);
#1359=ORIENTED_EDGE('',*,*,#1014,.F.);
#1360=ORIENTED_EDGE('',*,*,#1048,.T.);
#1361=ORIENTED_EDGE('',*,*,#1049,.T.);
#1362=ORIENTED_EDGE('',*,*,#1018,.T.);
#1363=ORIENTED_EDGE('',*,*,#1012,.F.);
#1364=ORIENTED_EDGE('',*,*,#1017,.T.);
#1365=ORIENTED_EDGE('',*,*,#1050,.T.);
#1366=ORIENTED_EDGE('',*,*,#1048,.F.);
#1367=ORIENTED_EDGE('',*,*,#1049,.F.);
#1368=ORIENTED_EDGE('',*,*,#1050,.F.);
#1369=ORIENTED_EDGE('',*,*,#1016,.F.);
#1370=ORIENTED_EDGE('',*,*,#1019,.F.);
#1371=ORIENTED_EDGE('',*,*,#1051,.F.);
#1372=ORIENTED_EDGE('',*,*,#1052,.T.);
#1373=ORIENTED_EDGE('',*,*,#1053,.T.);
#1374=ORIENTED_EDGE('',*,*,#1054,.T.);
#1375=ORIENTED_EDGE('',*,*,#1055,.T.);
#1376=ORIENTED_EDGE('',*,*,#1054,.F.);
#1377=ORIENTED_EDGE('',*,*,#1056,.T.);
#1378=ORIENTED_EDGE('',*,*,#1057,.F.);
#1379=ORIENTED_EDGE('',*,*,#1058,.F.);
#1380=ORIENTED_EDGE('',*,*,#1059,.F.);
#1381=ORIENTED_EDGE('',*,*,#1060,.T.);
#1382=ORIENTED_EDGE('',*,*,#1061,.T.);
#1383=ORIENTED_EDGE('',*,*,#1062,.T.);
#1384=ORIENTED_EDGE('',*,*,#1063,.T.);
#1385=ORIENTED_EDGE('',*,*,#1060,.F.);
#1386=ORIENTED_EDGE('',*,*,#1064,.F.);
#1387=ORIENTED_EDGE('',*,*,#1065,.F.);
#1388=ORIENTED_EDGE('',*,*,#1066,.F.);
#1389=ORIENTED_EDGE('',*,*,#1067,.F.);
#1390=ORIENTED_EDGE('',*,*,#1055,.F.);
#1391=ORIENTED_EDGE('',*,*,#1058,.T.);
#1392=ORIENTED_EDGE('',*,*,#1068,.T.);
#1393=ORIENTED_EDGE('',*,*,#1069,.T.);
#1394=ORIENTED_EDGE('',*,*,#1070,.T.);
#1395=ORIENTED_EDGE('',*,*,#1071,.T.);
#1396=ORIENTED_EDGE('',*,*,#1072,.T.);
#1397=ORIENTED_EDGE('',*,*,#1069,.F.);
#1398=ORIENTED_EDGE('',*,*,#1073,.T.);
#1399=ORIENTED_EDGE('',*,*,#1074,.T.);
#1400=ORIENTED_EDGE('',*,*,#1075,.T.);
#1401=ORIENTED_EDGE('',*,*,#1071,.F.);
#1402=ORIENTED_EDGE('',*,*,#1076,.T.);
#1403=ORIENTED_EDGE('',*,*,#1074,.F.);
#1404=ORIENTED_EDGE('',*,*,#1077,.T.);
#1405=ORIENTED_EDGE('',*,*,#1078,.T.);
#1406=ORIENTED_EDGE('',*,*,#1079,.T.);
#1407=ORIENTED_EDGE('',*,*,#1064,.T.);
#1408=ORIENTED_EDGE('',*,*,#1059,.T.);
#1409=ORIENTED_EDGE('',*,*,#1080,.T.);
#1410=ORIENTED_EDGE('',*,*,#1078,.F.);
#1411=ORIENTED_EDGE('',*,*,#1079,.F.);
#1412=ORIENTED_EDGE('',*,*,#1077,.F.);
#1413=ORIENTED_EDGE('',*,*,#1073,.F.);
#1414=ORIENTED_EDGE('',*,*,#1070,.F.);
#1415=ORIENTED_EDGE('',*,*,#1068,.F.);
#1416=ORIENTED_EDGE('',*,*,#1057,.T.);
#1417=ORIENTED_EDGE('',*,*,#1081,.T.);
#1418=ORIENTED_EDGE('',*,*,#1022,.T.);
#1419=ORIENTED_EDGE('',*,*,#1082,.T.);
#1420=ORIENTED_EDGE('',*,*,#1043,.T.);
#1421=ORIENTED_EDGE('',*,*,#1083,.T.);
#1422=ORIENTED_EDGE('',*,*,#1065,.T.);
#1423=ORIENTED_EDGE('',*,*,#1084,.T.);
#1424=ORIENTED_EDGE('',*,*,#1085,.T.);
#1425=ORIENTED_EDGE('',*,*,#1086,.T.);
#1426=ORIENTED_EDGE('',*,*,#1087,.T.);
#1427=ORIENTED_EDGE('',*,*,#1088,.T.);
#1428=ORIENTED_EDGE('',*,*,#1089,.T.);
#1429=ORIENTED_EDGE('',*,*,#1084,.F.);
#1430=ORIENTED_EDGE('',*,*,#1090,.T.);
#1431=ORIENTED_EDGE('',*,*,#1091,.T.);
#1432=ORIENTED_EDGE('',*,*,#1092,.T.);
#1433=ORIENTED_EDGE('',*,*,#1088,.F.);
#1434=ORIENTED_EDGE('',*,*,#1093,.T.);
#1435=ORIENTED_EDGE('',*,*,#1094,.T.);
#1436=ORIENTED_EDGE('',*,*,#1095,.T.);
#1437=ORIENTED_EDGE('',*,*,#1091,.F.);
#1438=ORIENTED_EDGE('',*,*,#1096,.T.);
#1439=ORIENTED_EDGE('',*,*,#1097,.T.);
#1440=ORIENTED_EDGE('',*,*,#1098,.T.);
#1441=ORIENTED_EDGE('',*,*,#1094,.F.);
#1442=ORIENTED_EDGE('',*,*,#1099,.T.);
#1443=ORIENTED_EDGE('',*,*,#1100,.T.);
#1444=ORIENTED_EDGE('',*,*,#1101,.T.);
#1445=ORIENTED_EDGE('',*,*,#1097,.F.);
#1446=ORIENTED_EDGE('',*,*,#1102,.T.);
#1447=ORIENTED_EDGE('',*,*,#1103,.T.);
#1448=ORIENTED_EDGE('',*,*,#1104,.T.);
#1449=ORIENTED_EDGE('',*,*,#1100,.F.);
#1450=ORIENTED_EDGE('',*,*,#1105,.T.);
#1451=ORIENTED_EDGE('',*,*,#1086,.F.);
#1452=ORIENTED_EDGE('',*,*,#1106,.T.);
#1453=ORIENTED_EDGE('',*,*,#1103,.F.);
#1454=ORIENTED_EDGE('',*,*,#1107,.T.);
#1455=ORIENTED_EDGE('',*,*,#1101,.F.);
#1456=ORIENTED_EDGE('',*,*,#1108,.T.);
#1457=ORIENTED_EDGE('',*,*,#1109,.T.);
#1458=ORIENTED_EDGE('',*,*,#1110,.T.);
#1459=ORIENTED_EDGE('',*,*,#1104,.F.);
#1460=ORIENTED_EDGE('',*,*,#1111,.F.);
#1461=ORIENTED_EDGE('',*,*,#1112,.F.);
#1462=ORIENTED_EDGE('',*,*,#1108,.F.);
#1463=ORIENTED_EDGE('',*,*,#1106,.F.);
#1464=ORIENTED_EDGE('',*,*,#1113,.T.);
#1465=ORIENTED_EDGE('',*,*,#1114,.T.);
#1466=ORIENTED_EDGE('',*,*,#1111,.T.);
#1467=ORIENTED_EDGE('',*,*,#1085,.F.);
#1468=ORIENTED_EDGE('',*,*,#1115,.F.);
#1469=ORIENTED_EDGE('',*,*,#1116,.F.);
#1470=ORIENTED_EDGE('',*,*,#1113,.F.);
#1471=ORIENTED_EDGE('',*,*,#1087,.F.);
#1472=ORIENTED_EDGE('',*,*,#1107,.F.);
#1473=ORIENTED_EDGE('',*,*,#1105,.F.);
#1474=ORIENTED_EDGE('',*,*,#1102,.F.);
#1475=ORIENTED_EDGE('',*,*,#1099,.F.);
#1476=ORIENTED_EDGE('',*,*,#1096,.F.);
#1477=ORIENTED_EDGE('',*,*,#1093,.F.);
#1478=ORIENTED_EDGE('',*,*,#1090,.F.);
#1479=ORIENTED_EDGE('',*,*,#1117,.T.);
#1480=ORIENTED_EDGE('',*,*,#1118,.T.);
#1481=ORIENTED_EDGE('',*,*,#1119,.T.);
#1482=ORIENTED_EDGE('',*,*,#1120,.T.);
#1483=ORIENTED_EDGE('',*,*,#1121,.T.);
#1484=ORIENTED_EDGE('',*,*,#1122,.T.);
#1485=ORIENTED_EDGE('',*,*,#1123,.T.);
#1486=ORIENTED_EDGE('',*,*,#1124,.T.);
#1487=ORIENTED_EDGE('',*,*,#1125,.T.);
#1488=ORIENTED_EDGE('',*,*,#1126,.T.);
#1489=ORIENTED_EDGE('',*,*,#1127,.T.);
#1490=ORIENTED_EDGE('',*,*,#1128,.T.);
#1491=ORIENTED_EDGE('',*,*,#1129,.T.);
#1492=ORIENTED_EDGE('',*,*,#1130,.T.);
#1493=ORIENTED_EDGE('',*,*,#1131,.T.);
#1494=ORIENTED_EDGE('',*,*,#1132,.T.);
#1495=ORIENTED_EDGE('',*,*,#1133,.T.);
#1496=ORIENTED_EDGE('',*,*,#1134,.T.);
#1497=ORIENTED_EDGE('',*,*,#1135,.T.);
#1498=ORIENTED_EDGE('',*,*,#1136,.T.);
#1499=ORIENTED_EDGE('',*,*,#1137,.T.);
#1500=ORIENTED_EDGE('',*,*,#1138,.T.);
#1501=ORIENTED_EDGE('',*,*,#1139,.T.);
#1502=ORIENTED_EDGE('',*,*,#1140,.T.);
#1503=ORIENTED_EDGE('',*,*,#1141,.T.);
#1504=ORIENTED_EDGE('',*,*,#1142,.T.);
#1505=ORIENTED_EDGE('',*,*,#1143,.T.);
#1506=ORIENTED_EDGE('',*,*,#1144,.T.);
#1507=ORIENTED_EDGE('',*,*,#1145,.T.);
#1508=ORIENTED_EDGE('',*,*,#1146,.T.);
#1509=ORIENTED_EDGE('',*,*,#1147,.T.);
#1510=ORIENTED_EDGE('',*,*,#1148,.T.);
#1511=ORIENTED_EDGE('',*,*,#1149,.T.);
#1512=ORIENTED_EDGE('',*,*,#1150,.T.);
#1513=ORIENTED_EDGE('',*,*,#1151,.T.);
#1514=ORIENTED_EDGE('',*,*,#1152,.T.);
#1515=ORIENTED_EDGE('',*,*,#1153,.T.);
#1516=ORIENTED_EDGE('',*,*,#1154,.T.);
#1517=ORIENTED_EDGE('',*,*,#1155,.T.);
#1518=ORIENTED_EDGE('',*,*,#1156,.T.);
#1519=ORIENTED_EDGE('',*,*,#1157,.T.);
#1520=ORIENTED_EDGE('',*,*,#1158,.T.);
#1521=ORIENTED_EDGE('',*,*,#1159,.T.);
#1522=ORIENTED_EDGE('',*,*,#1160,.T.);
#1523=ORIENTED_EDGE('',*,*,#1161,.T.);
#1524=ORIENTED_EDGE('',*,*,#1162,.T.);
#1525=ORIENTED_EDGE('',*,*,#1163,.T.);
#1526=ORIENTED_EDGE('',*,*,#1164,.T.);
#1527=ORIENTED_EDGE('',*,*,#1165,.T.);
#1528=ORIENTED_EDGE('',*,*,#1166,.T.);
#1529=ORIENTED_EDGE('',*,*,#1167,.T.);
#1530=ORIENTED_EDGE('',*,*,#1168,.T.);
#1531=ORIENTED_EDGE('',*,*,#1117,.F.);
#1532=ORIENTED_EDGE('',*,*,#1169,.T.);
#1533=ORIENTED_EDGE('',*,*,#1170,.F.);
#1534=ORIENTED_EDGE('',*,*,#1171,.F.);
#1535=ORIENTED_EDGE('',*,*,#1119,.F.);
#1536=ORIENTED_EDGE('',*,*,#1172,.T.);
#1537=ORIENTED_EDGE('',*,*,#1173,.F.);
#1538=ORIENTED_EDGE('',*,*,#1174,.F.);
#1539=ORIENTED_EDGE('',*,*,#1124,.F.);
#1540=ORIENTED_EDGE('',*,*,#1175,.T.);
#1541=ORIENTED_EDGE('',*,*,#1176,.F.);
#1542=ORIENTED_EDGE('',*,*,#1177,.F.);
#1543=ORIENTED_EDGE('',*,*,#1122,.F.);
#1544=ORIENTED_EDGE('',*,*,#1178,.T.);
#1545=ORIENTED_EDGE('',*,*,#1179,.F.);
#1546=ORIENTED_EDGE('',*,*,#1180,.F.);
#1547=ORIENTED_EDGE('',*,*,#1125,.F.);
#1548=ORIENTED_EDGE('',*,*,#1181,.T.);
#1549=ORIENTED_EDGE('',*,*,#1182,.F.);
#1550=ORIENTED_EDGE('',*,*,#1183,.F.);
#1551=ORIENTED_EDGE('',*,*,#1127,.F.);
#1552=ORIENTED_EDGE('',*,*,#1184,.T.);
#1553=ORIENTED_EDGE('',*,*,#1185,.F.);
#1554=ORIENTED_EDGE('',*,*,#1186,.F.);
#1555=ORIENTED_EDGE('',*,*,#1129,.F.);
#1556=ORIENTED_EDGE('',*,*,#1187,.T.);
#1557=ORIENTED_EDGE('',*,*,#1188,.F.);
#1558=ORIENTED_EDGE('',*,*,#1189,.F.);
#1559=ORIENTED_EDGE('',*,*,#1131,.F.);
#1560=ORIENTED_EDGE('',*,*,#1190,.T.);
#1561=ORIENTED_EDGE('',*,*,#1191,.F.);
#1562=ORIENTED_EDGE('',*,*,#1192,.F.);
#1563=ORIENTED_EDGE('',*,*,#1133,.F.);
#1564=ORIENTED_EDGE('',*,*,#1193,.T.);
#1565=ORIENTED_EDGE('',*,*,#1194,.F.);
#1566=ORIENTED_EDGE('',*,*,#1195,.F.);
#1567=ORIENTED_EDGE('',*,*,#1135,.F.);
#1568=ORIENTED_EDGE('',*,*,#1196,.T.);
#1569=ORIENTED_EDGE('',*,*,#1197,.F.);
#1570=ORIENTED_EDGE('',*,*,#1198,.F.);
#1571=ORIENTED_EDGE('',*,*,#1137,.F.);
#1572=ORIENTED_EDGE('',*,*,#1199,.T.);
#1573=ORIENTED_EDGE('',*,*,#1200,.F.);
#1574=ORIENTED_EDGE('',*,*,#1201,.F.);
#1575=ORIENTED_EDGE('',*,*,#1139,.F.);
#1576=ORIENTED_EDGE('',*,*,#1202,.T.);
#1577=ORIENTED_EDGE('',*,*,#1203,.F.);
#1578=ORIENTED_EDGE('',*,*,#1204,.F.);
#1579=ORIENTED_EDGE('',*,*,#1141,.F.);
#1580=ORIENTED_EDGE('',*,*,#1205,.T.);
#1581=ORIENTED_EDGE('',*,*,#1206,.F.);
#1582=ORIENTED_EDGE('',*,*,#1207,.F.);
#1583=ORIENTED_EDGE('',*,*,#1143,.F.);
#1584=ORIENTED_EDGE('',*,*,#1208,.T.);
#1585=ORIENTED_EDGE('',*,*,#1209,.F.);
#1586=ORIENTED_EDGE('',*,*,#1210,.F.);
#1587=ORIENTED_EDGE('',*,*,#1145,.F.);
#1588=ORIENTED_EDGE('',*,*,#1211,.T.);
#1589=ORIENTED_EDGE('',*,*,#1212,.F.);
#1590=ORIENTED_EDGE('',*,*,#1213,.F.);
#1591=ORIENTED_EDGE('',*,*,#1147,.F.);
#1592=ORIENTED_EDGE('',*,*,#1214,.T.);
#1593=ORIENTED_EDGE('',*,*,#1215,.F.);
#1594=ORIENTED_EDGE('',*,*,#1216,.F.);
#1595=ORIENTED_EDGE('',*,*,#1149,.F.);
#1596=ORIENTED_EDGE('',*,*,#1217,.T.);
#1597=ORIENTED_EDGE('',*,*,#1218,.F.);
#1598=ORIENTED_EDGE('',*,*,#1219,.F.);
#1599=ORIENTED_EDGE('',*,*,#1151,.F.);
#1600=ORIENTED_EDGE('',*,*,#1220,.T.);
#1601=ORIENTED_EDGE('',*,*,#1221,.F.);
#1602=ORIENTED_EDGE('',*,*,#1222,.F.);
#1603=ORIENTED_EDGE('',*,*,#1155,.F.);
#1604=ORIENTED_EDGE('',*,*,#1223,.T.);
#1605=ORIENTED_EDGE('',*,*,#1224,.F.);
#1606=ORIENTED_EDGE('',*,*,#1225,.F.);
#1607=ORIENTED_EDGE('',*,*,#1157,.F.);
#1608=ORIENTED_EDGE('',*,*,#1226,.T.);
#1609=ORIENTED_EDGE('',*,*,#1227,.F.);
#1610=ORIENTED_EDGE('',*,*,#1228,.F.);
#1611=ORIENTED_EDGE('',*,*,#1159,.F.);
#1612=ORIENTED_EDGE('',*,*,#1229,.T.);
#1613=ORIENTED_EDGE('',*,*,#1230,.F.);
#1614=ORIENTED_EDGE('',*,*,#1231,.F.);
#1615=ORIENTED_EDGE('',*,*,#1161,.F.);
#1616=ORIENTED_EDGE('',*,*,#1232,.T.);
#1617=ORIENTED_EDGE('',*,*,#1233,.F.);
#1618=ORIENTED_EDGE('',*,*,#1234,.F.);
#1619=ORIENTED_EDGE('',*,*,#1163,.F.);
#1620=ORIENTED_EDGE('',*,*,#1235,.T.);
#1621=ORIENTED_EDGE('',*,*,#1236,.F.);
#1622=ORIENTED_EDGE('',*,*,#1237,.F.);
#1623=ORIENTED_EDGE('',*,*,#1165,.F.);
#1624=ORIENTED_EDGE('',*,*,#1238,.T.);
#1625=ORIENTED_EDGE('',*,*,#1239,.F.);
#1626=ORIENTED_EDGE('',*,*,#1240,.F.);
#1627=ORIENTED_EDGE('',*,*,#1221,.T.);
#1628=ORIENTED_EDGE('',*,*,#1241,.T.);
#1629=ORIENTED_EDGE('',*,*,#1227,.T.);
#1630=ORIENTED_EDGE('',*,*,#1242,.T.);
#1631=ORIENTED_EDGE('',*,*,#1215,.T.);
#1632=ORIENTED_EDGE('',*,*,#1243,.T.);
#1633=ORIENTED_EDGE('',*,*,#1233,.T.);
#1634=ORIENTED_EDGE('',*,*,#1244,.T.);
#1635=ORIENTED_EDGE('',*,*,#1209,.T.);
#1636=ORIENTED_EDGE('',*,*,#1245,.T.);
#1637=ORIENTED_EDGE('',*,*,#1239,.T.);
#1638=ORIENTED_EDGE('',*,*,#1246,.T.);
#1639=ORIENTED_EDGE('',*,*,#1200,.T.);
#1640=ORIENTED_EDGE('',*,*,#1247,.T.);
#1641=ORIENTED_EDGE('',*,*,#1236,.T.);
#1642=ORIENTED_EDGE('',*,*,#1248,.T.);
#1643=ORIENTED_EDGE('',*,*,#1194,.T.);
#1644=ORIENTED_EDGE('',*,*,#1249,.T.);
#1645=ORIENTED_EDGE('',*,*,#1230,.T.);
#1646=ORIENTED_EDGE('',*,*,#1250,.T.);
#1647=ORIENTED_EDGE('',*,*,#1188,.T.);
#1648=ORIENTED_EDGE('',*,*,#1251,.T.);
#1649=ORIENTED_EDGE('',*,*,#1224,.T.);
#1650=ORIENTED_EDGE('',*,*,#1252,.T.);
#1651=ORIENTED_EDGE('',*,*,#1182,.T.);
#1652=ORIENTED_EDGE('',*,*,#1253,.T.);
#1653=ORIENTED_EDGE('',*,*,#1191,.T.);
#1654=ORIENTED_EDGE('',*,*,#1254,.T.);
#1655=ORIENTED_EDGE('',*,*,#1185,.T.);
#1656=ORIENTED_EDGE('',*,*,#1255,.T.);
#1657=ORIENTED_EDGE('',*,*,#1218,.T.);
#1658=ORIENTED_EDGE('',*,*,#1256,.T.);
#1659=ORIENTED_EDGE('',*,*,#1176,.T.);
#1660=ORIENTED_EDGE('',*,*,#1257,.T.);
#1661=ORIENTED_EDGE('',*,*,#1212,.T.);
#1662=ORIENTED_EDGE('',*,*,#1258,.T.);
#1663=ORIENTED_EDGE('',*,*,#1179,.T.);
#1664=ORIENTED_EDGE('',*,*,#1259,.T.);
#1665=ORIENTED_EDGE('',*,*,#1197,.T.);
#1666=ORIENTED_EDGE('',*,*,#1260,.T.);
#1667=ORIENTED_EDGE('',*,*,#1170,.T.);
#1668=ORIENTED_EDGE('',*,*,#1261,.T.);
#1669=ORIENTED_EDGE('',*,*,#1203,.T.);
#1670=ORIENTED_EDGE('',*,*,#1262,.T.);
#1671=ORIENTED_EDGE('',*,*,#1173,.T.);
#1672=ORIENTED_EDGE('',*,*,#1263,.T.);
#1673=ORIENTED_EDGE('',*,*,#1206,.T.);
#1674=ORIENTED_EDGE('',*,*,#1264,.T.);
#1675=ORIENTED_EDGE('',*,*,#1265,.F.);
#1676=ORIENTED_EDGE('',*,*,#1044,.T.);
#1677=ORIENTED_EDGE('',*,*,#1082,.F.);
#1678=ORIENTED_EDGE('',*,*,#1021,.F.);
#1679=ORIENTED_EDGE('',*,*,#1266,.F.);
#1680=ORIENTED_EDGE('',*,*,#1023,.T.);
#1681=ORIENTED_EDGE('',*,*,#1081,.F.);
#1682=ORIENTED_EDGE('',*,*,#1056,.F.);
#1683=ORIENTED_EDGE('',*,*,#1053,.F.);
#1684=ORIENTED_EDGE('',*,*,#1067,.T.);
#1685=ORIENTED_EDGE('',*,*,#1267,.F.);
#1686=ORIENTED_EDGE('',*,*,#1167,.F.);
#1687=ORIENTED_EDGE('',*,*,#1268,.T.);
#1688=ORIENTED_EDGE('',*,*,#1269,.F.);
#1689=ORIENTED_EDGE('',*,*,#1051,.T.);
#1690=ORIENTED_EDGE('',*,*,#1072,.F.);
#1691=ORIENTED_EDGE('',*,*,#1270,.F.);
#1692=ORIENTED_EDGE('',*,*,#1156,.F.);
#1693=ORIENTED_EDGE('',*,*,#1225,.T.);
#1694=ORIENTED_EDGE('',*,*,#1251,.F.);
#1695=ORIENTED_EDGE('',*,*,#1187,.F.);
#1696=ORIENTED_EDGE('',*,*,#1132,.F.);
#1697=ORIENTED_EDGE('',*,*,#1192,.T.);
#1698=ORIENTED_EDGE('',*,*,#1253,.F.);
#1699=ORIENTED_EDGE('',*,*,#1181,.F.);
#1700=ORIENTED_EDGE('',*,*,#1128,.F.);
#1701=ORIENTED_EDGE('',*,*,#1186,.T.);
#1702=ORIENTED_EDGE('',*,*,#1256,.F.);
#1703=ORIENTED_EDGE('',*,*,#1217,.F.);
#1704=ORIENTED_EDGE('',*,*,#1152,.F.);
#1705=ORIENTED_EDGE('',*,*,#1222,.T.);
#1706=ORIENTED_EDGE('',*,*,#1242,.F.);
#1707=ORIENTED_EDGE('',*,*,#1226,.F.);
#1708=ORIENTED_EDGE('',*,*,#1160,.F.);
#1709=ORIENTED_EDGE('',*,*,#1231,.T.);
#1710=ORIENTED_EDGE('',*,*,#1249,.F.);
#1711=ORIENTED_EDGE('',*,*,#1193,.F.);
#1712=ORIENTED_EDGE('',*,*,#1136,.F.);
#1713=ORIENTED_EDGE('',*,*,#1198,.T.);
#1714=ORIENTED_EDGE('',*,*,#1259,.F.);
#1715=ORIENTED_EDGE('',*,*,#1178,.F.);
#1716=ORIENTED_EDGE('',*,*,#1121,.F.);
#1717=ORIENTED_EDGE('',*,*,#1177,.T.);
#1718=ORIENTED_EDGE('',*,*,#1258,.F.);
#1719=ORIENTED_EDGE('',*,*,#1211,.F.);
#1720=ORIENTED_EDGE('',*,*,#1148,.F.);
#1721=ORIENTED_EDGE('',*,*,#1216,.T.);
#1722=ORIENTED_EDGE('',*,*,#1244,.F.);
#1723=ORIENTED_EDGE('',*,*,#1232,.F.);
#1724=ORIENTED_EDGE('',*,*,#1164,.F.);
#1725=ORIENTED_EDGE('',*,*,#1237,.T.);
#1726=ORIENTED_EDGE('',*,*,#1247,.F.);
#1727=ORIENTED_EDGE('',*,*,#1199,.F.);
#1728=ORIENTED_EDGE('',*,*,#1140,.F.);
#1729=ORIENTED_EDGE('',*,*,#1204,.T.);
#1730=ORIENTED_EDGE('',*,*,#1261,.F.);
#1731=ORIENTED_EDGE('',*,*,#1169,.F.);
#1732=ORIENTED_EDGE('',*,*,#1120,.F.);
#1733=ORIENTED_EDGE('',*,*,#1174,.T.);
#1734=ORIENTED_EDGE('',*,*,#1264,.F.);
#1735=ORIENTED_EDGE('',*,*,#1205,.F.);
#1736=ORIENTED_EDGE('',*,*,#1144,.F.);
#1737=ORIENTED_EDGE('',*,*,#1210,.T.);
#1738=ORIENTED_EDGE('',*,*,#1246,.F.);
#1739=ORIENTED_EDGE('',*,*,#1238,.F.);
#1740=ORIENTED_EDGE('',*,*,#1168,.F.);
#1741=ORIENTED_EDGE('',*,*,#1267,.T.);
#1742=ORIENTED_EDGE('',*,*,#1075,.F.);
#1743=ORIENTED_EDGE('',*,*,#1271,.F.);
#1744=ORIENTED_EDGE('',*,*,#1153,.F.);
#1745=ORIENTED_EDGE('',*,*,#1270,.T.);
#1746=ORIENTED_EDGE('',*,*,#1076,.F.);
#1747=ORIENTED_EDGE('',*,*,#1272,.F.);
#1748=ORIENTED_EDGE('',*,*,#1273,.F.);
#1749=ORIENTED_EDGE('',*,*,#1268,.F.);
#1750=ORIENTED_EDGE('',*,*,#1166,.F.);
#1751=ORIENTED_EDGE('',*,*,#1240,.T.);
#1752=ORIENTED_EDGE('',*,*,#1245,.F.);
#1753=ORIENTED_EDGE('',*,*,#1208,.F.);
#1754=ORIENTED_EDGE('',*,*,#1142,.F.);
#1755=ORIENTED_EDGE('',*,*,#1207,.T.);
#1756=ORIENTED_EDGE('',*,*,#1263,.F.);
#1757=ORIENTED_EDGE('',*,*,#1172,.F.);
#1758=ORIENTED_EDGE('',*,*,#1118,.F.);
#1759=ORIENTED_EDGE('',*,*,#1171,.T.);
#1760=ORIENTED_EDGE('',*,*,#1262,.F.);
#1761=ORIENTED_EDGE('',*,*,#1202,.F.);
#1762=ORIENTED_EDGE('',*,*,#1138,.F.);
#1763=ORIENTED_EDGE('',*,*,#1201,.T.);
#1764=ORIENTED_EDGE('',*,*,#1248,.F.);
#1765=ORIENTED_EDGE('',*,*,#1235,.F.);
#1766=ORIENTED_EDGE('',*,*,#1162,.F.);
#1767=ORIENTED_EDGE('',*,*,#1234,.T.);
#1768=ORIENTED_EDGE('',*,*,#1243,.F.);
#1769=ORIENTED_EDGE('',*,*,#1214,.F.);
#1770=ORIENTED_EDGE('',*,*,#1146,.F.);
#1771=ORIENTED_EDGE('',*,*,#1213,.T.);
#1772=ORIENTED_EDGE('',*,*,#1257,.F.);
#1773=ORIENTED_EDGE('',*,*,#1175,.F.);
#1774=ORIENTED_EDGE('',*,*,#1123,.F.);
#1775=ORIENTED_EDGE('',*,*,#1180,.T.);
#1776=ORIENTED_EDGE('',*,*,#1260,.F.);
#1777=ORIENTED_EDGE('',*,*,#1196,.F.);
#1778=ORIENTED_EDGE('',*,*,#1134,.F.);
#1779=ORIENTED_EDGE('',*,*,#1195,.T.);
#1780=ORIENTED_EDGE('',*,*,#1250,.F.);
#1781=ORIENTED_EDGE('',*,*,#1229,.F.);
#1782=ORIENTED_EDGE('',*,*,#1158,.F.);
#1783=ORIENTED_EDGE('',*,*,#1228,.T.);
#1784=ORIENTED_EDGE('',*,*,#1241,.F.);
#1785=ORIENTED_EDGE('',*,*,#1220,.F.);
#1786=ORIENTED_EDGE('',*,*,#1150,.F.);
#1787=ORIENTED_EDGE('',*,*,#1219,.T.);
#1788=ORIENTED_EDGE('',*,*,#1255,.F.);
#1789=ORIENTED_EDGE('',*,*,#1184,.F.);
#1790=ORIENTED_EDGE('',*,*,#1126,.F.);
#1791=ORIENTED_EDGE('',*,*,#1183,.T.);
#1792=ORIENTED_EDGE('',*,*,#1254,.F.);
#1793=ORIENTED_EDGE('',*,*,#1190,.F.);
#1794=ORIENTED_EDGE('',*,*,#1130,.F.);
#1795=ORIENTED_EDGE('',*,*,#1189,.T.);
#1796=ORIENTED_EDGE('',*,*,#1252,.F.);
#1797=ORIENTED_EDGE('',*,*,#1223,.F.);
#1798=ORIENTED_EDGE('',*,*,#1154,.F.);
#1799=ORIENTED_EDGE('',*,*,#1271,.T.);
#1800=ORIENTED_EDGE('',*,*,#1080,.F.);
#1801=ORIENTED_EDGE('',*,*,#1063,.F.);
#1802=ORIENTED_EDGE('',*,*,#1274,.F.);
#1803=ORIENTED_EDGE('',*,*,#1272,.T.);
#1804=ORIENTED_EDGE('',*,*,#1275,.F.);
#1805=ORIENTED_EDGE('',*,*,#1061,.F.);
#1806=ORIENTED_EDGE('',*,*,#1066,.T.);
#1807=ORIENTED_EDGE('',*,*,#1083,.F.);
#1808=ORIENTED_EDGE('',*,*,#1042,.F.);
#1809=ORIENTED_EDGE('',*,*,#1089,.F.);
#1810=ORIENTED_EDGE('',*,*,#1276,.T.);
#1811=ORIENTED_EDGE('',*,*,#1277,.T.);
#1812=ORIENTED_EDGE('',*,*,#1115,.T.);
#1813=ORIENTED_EDGE('',*,*,#1277,.F.);
#1814=ORIENTED_EDGE('',*,*,#1278,.T.);
#1815=ORIENTED_EDGE('',*,*,#1279,.F.);
#1816=ORIENTED_EDGE('',*,*,#1280,.T.);
#1817=ORIENTED_EDGE('',*,*,#1109,.F.);
#1818=ORIENTED_EDGE('',*,*,#1112,.T.);
#1819=ORIENTED_EDGE('',*,*,#1114,.F.);
#1820=ORIENTED_EDGE('',*,*,#1116,.T.);
#1821=ORIENTED_EDGE('',*,*,#1052,.F.);
#1822=ORIENTED_EDGE('',*,*,#1269,.T.);
#1823=ORIENTED_EDGE('',*,*,#1273,.T.);
#1824=ORIENTED_EDGE('',*,*,#1274,.T.);
#1825=ORIENTED_EDGE('',*,*,#1062,.F.);
#1826=ORIENTED_EDGE('',*,*,#1275,.T.);
#1827=ORIENTED_EDGE('',*,*,#1041,.T.);
#1828=ORIENTED_EDGE('',*,*,#1265,.T.);
#1829=ORIENTED_EDGE('',*,*,#1020,.T.);
#1830=ORIENTED_EDGE('',*,*,#1266,.T.);
#1831=ORIENTED_EDGE('',*,*,#1095,.F.);
#1832=ORIENTED_EDGE('',*,*,#1281,.T.);
#1833=ORIENTED_EDGE('',*,*,#1279,.T.);
#1834=ORIENTED_EDGE('',*,*,#1282,.T.);
#1835=ORIENTED_EDGE('',*,*,#1098,.F.);
#1836=ORIENTED_EDGE('',*,*,#1110,.F.);
#1837=ORIENTED_EDGE('',*,*,#1280,.F.);
#1838=ORIENTED_EDGE('',*,*,#1281,.F.);
#1839=ORIENTED_EDGE('',*,*,#1092,.F.);
#1840=ORIENTED_EDGE('',*,*,#1282,.F.);
#1841=ORIENTED_EDGE('',*,*,#1278,.F.);
#1842=ORIENTED_EDGE('',*,*,#1276,.F.);
#1843=CYLINDRICAL_SURFACE('',#1963,0.5);
#1844=CYLINDRICAL_SURFACE('',#1970,0.5);
#1845=CYLINDRICAL_SURFACE('',#1978,0.5);
#1846=CYLINDRICAL_SURFACE('',#1986,0.5);
#1847=CYLINDRICAL_SURFACE('',#1992,0.5);
#1848=CYLINDRICAL_SURFACE('',#1993,0.5);
#1849=CYLINDRICAL_SURFACE('',#2001,0.5);
#1850=CYLINDRICAL_SURFACE('',#2005,0.5);
#1851=CYLINDRICAL_SURFACE('',#2007,3.);
#1852=CYLINDRICAL_SURFACE('',#2012,3.);
#1853=CYLINDRICAL_SURFACE('',#2039,3.);
#1854=CYLINDRICAL_SURFACE('',#2042,3.);
#1855=CYLINDRICAL_SURFACE('',#2090,3.);
#1856=CYLINDRICAL_SURFACE('',#2094,3.);
#1857=ADVANCED_FACE('',(#111),#1843,.F.);
#1858=ADVANCED_FACE('',(#112),#107,.F.);
#1859=ADVANCED_FACE('',(#113),#1844,.F.);
#1860=ADVANCED_FACE('',(#114),#108,.F.);
#1861=ADVANCED_FACE('',(#115),#103,.F.);
#1862=ADVANCED_FACE('',(#116),#1845,.T.);
#1863=ADVANCED_FACE('',(#117,#21),#37,.T.);
#1864=ADVANCED_FACE('',(#118),#109,.F.);
#1865=ADVANCED_FACE('',(#119),#1846,.F.);
#1866=ADVANCED_FACE('',(#120),#110,.F.);
#1867=ADVANCED_FACE('',(#121),#1847,.F.);
#1868=ADVANCED_FACE('',(#122),#1848,.T.);
#1869=ADVANCED_FACE('',(#123),#104,.F.);
#1870=ADVANCED_FACE('',(#124,#22),#38,.T.);
#1871=ADVANCED_FACE('',(#125),#105,.F.);
#1872=ADVANCED_FACE('',(#126),#1849,.T.);
#1873=ADVANCED_FACE('',(#127),#39,.F.);
#1874=ADVANCED_FACE('',(#128),#106,.F.);
#1875=ADVANCED_FACE('',(#129),#1850,.T.);
#1876=ADVANCED_FACE('',(#130),#40,.T.);
#1877=ADVANCED_FACE('',(#131),#1851,.F.);
#1878=ADVANCED_FACE('',(#132),#41,.T.);
#1879=ADVANCED_FACE('',(#133),#1852,.F.);
#1880=ADVANCED_FACE('',(#134),#42,.T.);
#1881=ADVANCED_FACE('',(#135),#43,.T.);
#1882=ADVANCED_FACE('',(#136),#44,.T.);
#1883=ADVANCED_FACE('',(#137),#45,.T.);
#1884=ADVANCED_FACE('',(#138),#46,.T.);
#1885=ADVANCED_FACE('',(#139),#47,.T.);
#1886=ADVANCED_FACE('',(#140),#48,.T.);
#1887=ADVANCED_FACE('',(#141),#49,.T.);
#1888=ADVANCED_FACE('',(#142),#15,.T.);
#1889=ADVANCED_FACE('',(#143),#50,.T.);
#1890=ADVANCED_FACE('',(#144),#16,.T.);
#1891=ADVANCED_FACE('',(#145),#51,.T.);
#1892=ADVANCED_FACE('',(#146),#17,.T.);
#1893=ADVANCED_FACE('',(#147),#52,.T.);
#1894=ADVANCED_FACE('',(#148),#18,.T.);
#1895=ADVANCED_FACE('',(#149),#1853,.T.);
#1896=ADVANCED_FACE('',(#150),#53,.T.);
#1897=ADVANCED_FACE('',(#151),#1854,.T.);
#1898=ADVANCED_FACE('',(#152),#54,.T.);
#1899=ADVANCED_FACE('',(#153,#23,#24,#25,#26,#27,#28,#29,#30,#31,#32,#33,
#34,#35),#55,.F.);
#1900=ADVANCED_FACE('',(#154),#56,.F.);
#1901=ADVANCED_FACE('',(#155),#57,.F.);
#1902=ADVANCED_FACE('',(#156),#58,.F.);
#1903=ADVANCED_FACE('',(#157),#59,.F.);
#1904=ADVANCED_FACE('',(#158),#60,.F.);
#1905=ADVANCED_FACE('',(#159),#61,.F.);
#1906=ADVANCED_FACE('',(#160),#62,.F.);
#1907=ADVANCED_FACE('',(#161),#63,.F.);
#1908=ADVANCED_FACE('',(#162),#64,.F.);
#1909=ADVANCED_FACE('',(#163),#65,.F.);
#1910=ADVANCED_FACE('',(#164),#66,.F.);
#1911=ADVANCED_FACE('',(#165),#67,.F.);
#1912=ADVANCED_FACE('',(#166),#68,.F.);
#1913=ADVANCED_FACE('',(#167),#69,.F.);
#1914=ADVANCED_FACE('',(#168),#70,.F.);
#1915=ADVANCED_FACE('',(#169),#71,.F.);
#1916=ADVANCED_FACE('',(#170),#72,.F.);
#1917=ADVANCED_FACE('',(#171),#73,.F.);
#1918=ADVANCED_FACE('',(#172),#74,.F.);
#1919=ADVANCED_FACE('',(#173),#75,.F.);
#1920=ADVANCED_FACE('',(#174),#76,.F.);
#1921=ADVANCED_FACE('',(#175),#77,.F.);
#1922=ADVANCED_FACE('',(#176),#78,.F.);
#1923=ADVANCED_FACE('',(#177),#79,.F.);
#1924=ADVANCED_FACE('',(#178),#80,.T.);
#1925=ADVANCED_FACE('',(#179),#81,.T.);
#1926=ADVANCED_FACE('',(#180),#82,.T.);
#1927=ADVANCED_FACE('',(#181),#83,.T.);
#1928=ADVANCED_FACE('',(#182),#84,.T.);
#1929=ADVANCED_FACE('',(#183),#85,.T.);
#1930=ADVANCED_FACE('',(#184),#86,.T.);
#1931=ADVANCED_FACE('',(#185),#87,.T.);
#1932=ADVANCED_FACE('',(#186),#88,.T.);
#1933=ADVANCED_FACE('',(#187),#89,.T.);
#1934=ADVANCED_FACE('',(#188),#90,.T.);
#1935=ADVANCED_FACE('',(#189),#91,.T.);
#1936=ADVANCED_FACE('',(#190),#92,.T.);
#1937=ADVANCED_FACE('',(#191),#93,.T.);
#1938=ADVANCED_FACE('',(#192),#94,.T.);
#1939=ADVANCED_FACE('',(#193),#95,.T.);
#1940=ADVANCED_FACE('',(#194),#96,.T.);
#1941=ADVANCED_FACE('',(#195),#97,.T.);
#1942=ADVANCED_FACE('',(#196),#98,.T.);
#1943=ADVANCED_FACE('',(#197),#99,.T.);
#1944=ADVANCED_FACE('',(#198),#1855,.T.);
#1945=ADVANCED_FACE('',(#199,#36),#100,.T.);
#1946=ADVANCED_FACE('',(#200),#1856,.T.);
#1947=ADVANCED_FACE('',(#201),#101,.T.);
#1948=ADVANCED_FACE('',(#202),#102,.T.);
#1949=CLOSED_SHELL('',(#1857,#1858,#1859,#1860,#1861,#1862,#1863,#1864,
#1865,#1866,#1867,#1868,#1869,#1870,#1871,#1872,#1873,#1874,#1875,#1876,
#1877,#1878,#1879,#1880,#1881,#1882,#1883,#1884,#1885,#1886,#1887,#1888,
#1889,#1890,#1891,#1892,#1893,#1894,#1895,#1896,#1897,#1898,#1899,#1900,
#1901,#1902,#1903,#1904,#1905,#1906,#1907,#1908,#1909,#1910,#1911,#1912,
#1913,#1914,#1915,#1916,#1917,#1918,#1919,#1920,#1921,#1922,#1923,#1924,
#1925,#1926,#1927,#1928,#1929,#1930,#1931,#1932,#1933,#1934,#1935,#1936,
#1937,#1938,#1939,#1940,#1941,#1942,#1943,#1944,#1945,#1946,#1947,#1948));
#1950=DERIVED_UNIT_ELEMENT(#1952,1.);
#1951=DERIVED_UNIT_ELEMENT(#3215,-3.);
#1952=(
MASS_UNIT()
NAMED_UNIT(*)
SI_UNIT(.KILO.,.GRAM.)
);
#1953=DERIVED_UNIT((#1950,#1951));
#1954=MEASURE_REPRESENTATION_ITEM('density measure',
POSITIVE_RATIO_MEASURE(2700.),#1953);
#1955=PROPERTY_DEFINITION_REPRESENTATION(#1960,#1957);
#1956=PROPERTY_DEFINITION_REPRESENTATION(#1961,#1958);
#1957=REPRESENTATION('material name',(#1959),#3212);
#1958=REPRESENTATION('density',(#1954),#3212);
#1959=DESCRIPTIVE_REPRESENTATION_ITEM('Aluminium','Aluminium');
#1960=PROPERTY_DEFINITION('material property','material name',#3222);
#1961=PROPERTY_DEFINITION('material property','density of part',#3222);
#1962=AXIS2_PLACEMENT_3D('',#2601,#2097,#2098);
#1963=AXIS2_PLACEMENT_3D('',#2602,#2099,#2100);
#1964=AXIS2_PLACEMENT_3D('',#2605,#2101,#2102);
#1965=AXIS2_PLACEMENT_3D('',#2609,#2104,#2105);
#1966=AXIS2_PLACEMENT_3D('',#2611,#2107,#2108);
#1967=AXIS2_PLACEMENT_3D('',#2614,#2109,#2110);
#1968=AXIS2_PLACEMENT_3D('',#2615,#2111,#2112);
#1969=AXIS2_PLACEMENT_3D('',#2616,#2113,#2114);
#1970=AXIS2_PLACEMENT_3D('',#2617,#2115,#2116);
#1971=AXIS2_PLACEMENT_3D('',#2620,#2117,#2118);
#1972=AXIS2_PLACEMENT_3D('',#2623,#2121,#2122);
#1973=AXIS2_PLACEMENT_3D('',#2624,#2123,#2124);
#1974=AXIS2_PLACEMENT_3D('',#2625,#2125,#2126);
#1975=AXIS2_PLACEMENT_3D('',#2642,#2127,#2128);
#1976=AXIS2_PLACEMENT_3D('',#2644,#2129,#2130);
#1977=AXIS2_PLACEMENT_3D('',#2645,#2131,#2132);
#1978=AXIS2_PLACEMENT_3D('',#2646,#2133,#2134);
#1979=AXIS2_PLACEMENT_3D('',#2648,#2135,#2136);
#1980=AXIS2_PLACEMENT_3D('',#2650,#2138,#2139);
#1981=AXIS2_PLACEMENT_3D('',#2659,#2144,#2145);
#1982=AXIS2_PLACEMENT_3D('',#2662,#2146,#2147);
#1983=AXIS2_PLACEMENT_3D('',#2664,#2148,#2149);
#1984=AXIS2_PLACEMENT_3D('',#2666,#2150,#2151);
#1985=AXIS2_PLACEMENT_3D('',#2667,#2152,#2153);
#1986=AXIS2_PLACEMENT_3D('',#2668,#2154,#2155);
#1987=AXIS2_PLACEMENT_3D('',#2671,#2156,#2157);
#1988=AXIS2_PLACEMENT_3D('',#2674,#2160,#2161);
#1989=AXIS2_PLACEMENT_3D('',#2677,#2162,#2163);
#1990=AXIS2_PLACEMENT_3D('',#2678,#2164,#2165);
#1991=AXIS2_PLACEMENT_3D('',#2679,#2166,#2167);
#1992=AXIS2_PLACEMENT_3D('',#2680,#2168,#2169);
#1993=AXIS2_PLACEMENT_3D('',#2683,#2172,#2173);
#1994=AXIS2_PLACEMENT_3D('',#2685,#2174,#2175);
#1995=AXIS2_PLACEMENT_3D('',#2688,#2177,#2178);
#1996=AXIS2_PLACEMENT_3D('',#2705,#2179,#2180);
#1997=AXIS2_PLACEMENT_3D('',#2706,#2181,#2182);
#1998=AXIS2_PLACEMENT_3D('',#2707,#2183,#2184);
#1999=AXIS2_PLACEMENT_3D('',#2732,#2189,#2190);
#2000=AXIS2_PLACEMENT_3D('',#2733,#2191,#2192);
#2001=AXIS2_PLACEMENT_3D('',#2734,#2193,#2194);
#2002=AXIS2_PLACEMENT_3D('',#2736,#2196,#2197);
#2003=AXIS2_PLACEMENT_3D('',#2753,#2198,#2199);
#2004=AXIS2_PLACEMENT_3D('',#2754,#2200,#2201);
#2005=AXIS2_PLACEMENT_3D('',#2755,#2202,#2203);
#2006=AXIS2_PLACEMENT_3D('',#2757,#2205,#2206);
#2007=AXIS2_PLACEMENT_3D('',#2758,#2207,#2208);
#2008=AXIS2_PLACEMENT_3D('',#2761,#2209,#2210);
#2009=AXIS2_PLACEMENT_3D('',#2765,#2212,#2213);
#2010=AXIS2_PLACEMENT_3D('',#2768,#2215,#2216);
#2011=AXIS2_PLACEMENT_3D('',#2769,#2217,#2218);
#2012=AXIS2_PLACEMENT_3D('',#2775,#2222,#2223);
#2013=AXIS2_PLACEMENT_3D('',#2778,#2224,#2225);
#2014=AXIS2_PLACEMENT_3D('',#2782,#2227,#2228);
#2015=AXIS2_PLACEMENT_3D('',#2785,#2230,#2231);
#2016=AXIS2_PLACEMENT_3D('',#2786,#2232,#2233);
#2017=AXIS2_PLACEMENT_3D('',#2792,#2237,#2238);
#2018=AXIS2_PLACEMENT_3D('',#2798,#2242,#2243);
#2019=AXIS2_PLACEMENT_3D('',#2804,#2247,#2248);
#2020=AXIS2_PLACEMENT_3D('',#2810,#2252,#2253);
#2021=AXIS2_PLACEMENT_3D('',#2816,#2257,#2258);
#2022=AXIS2_PLACEMENT_3D('',#2819,#2261,#2262);
#2023=AXIS2_PLACEMENT_3D('',#2823,#2266,#2267);
#2024=AXIS2_PLACEMENT_3D('',#2832,#2272,#2273);
#2025=AXIS2_PLACEMENT_3D('',#2836,#2275,#2276);
#2026=AXIS2_PLACEMENT_3D('',#2837,#2277,#2278);
#2027=AXIS2_PLACEMENT_3D('',#2838,#2279,#2280);
#2028=AXIS2_PLACEMENT_3D('',#2844,#2284,#2285);
#2029=AXIS2_PLACEMENT_3D('',#2848,#2287,#2288);
#2030=AXIS2_PLACEMENT_3D('',#2849,#2289,#2290);
#2031=AXIS2_PLACEMENT_3D('',#2850,#2291,#2292);
#2032=AXIS2_PLACEMENT_3D('',#2856,#2296,#2297);
#2033=AXIS2_PLACEMENT_3D('',#2860,#2299,#2300);
#2034=AXIS2_PLACEMENT_3D('',#2861,#2301,#2302);
#2035=AXIS2_PLACEMENT_3D('',#2862,#2303,#2304);
#2036=AXIS2_PLACEMENT_3D('',#2868,#2308,#2309);
#2037=AXIS2_PLACEMENT_3D('',#2869,#2310,#2311);
#2038=AXIS2_PLACEMENT_3D('',#2870,#2312,#2313);
#2039=AXIS2_PLACEMENT_3D('',#2871,#2314,#2315);
#2040=AXIS2_PLACEMENT_3D('',#2875,#2317,#2318);
#2041=AXIS2_PLACEMENT_3D('',#2877,#2320,#2321);
#2042=AXIS2_PLACEMENT_3D('',#2881,#2324,#2325);
#2043=AXIS2_PLACEMENT_3D('',#2884,#2327,#2328);
#2044=AXIS2_PLACEMENT_3D('',#2885,#2329,#2330);
#2045=AXIS2_PLACEMENT_3D('',#2889,#2333,#2334);
#2046=AXIS2_PLACEMENT_3D('',#2994,#2387,#2388);
#2047=AXIS2_PLACEMENT_3D('',#3000,#2392,#2393);
#2048=AXIS2_PLACEMENT_3D('',#3006,#2397,#2398);
#2049=AXIS2_PLACEMENT_3D('',#3012,#2402,#2403);
#2050=AXIS2_PLACEMENT_3D('',#3018,#2407,#2408);
#2051=AXIS2_PLACEMENT_3D('',#3024,#2412,#2413);
#2052=AXIS2_PLACEMENT_3D('',#3030,#2417,#2418);
#2053=AXIS2_PLACEMENT_3D('',#3036,#2422,#2423);
#2054=AXIS2_PLACEMENT_3D('',#3042,#2427,#2428);
#2055=AXIS2_PLACEMENT_3D('',#3048,#2432,#2433);
#2056=AXIS2_PLACEMENT_3D('',#3054,#2437,#2438);
#2057=AXIS2_PLACEMENT_3D('',#3060,#2442,#2443);
#2058=AXIS2_PLACEMENT_3D('',#3066,#2447,#2448);
#2059=AXIS2_PLACEMENT_3D('',#3072,#2452,#2453);
#2060=AXIS2_PLACEMENT_3D('',#3078,#2457,#2458);
#2061=AXIS2_PLACEMENT_3D('',#3084,#2462,#2463);
#2062=AXIS2_PLACEMENT_3D('',#3090,#2467,#2468);
#2063=AXIS2_PLACEMENT_3D('',#3096,#2472,#2473);
#2064=AXIS2_PLACEMENT_3D('',#3102,#2477,#2478);
#2065=AXIS2_PLACEMENT_3D('',#3108,#2482,#2483);
#2066=AXIS2_PLACEMENT_3D('',#3114,#2487,#2488);
#2067=AXIS2_PLACEMENT_3D('',#3120,#2492,#2493);
#2068=AXIS2_PLACEMENT_3D('',#3126,#2497,#2498);
#2069=AXIS2_PLACEMENT_3D('',#3132,#2502,#2503);
#2070=AXIS2_PLACEMENT_3D('',#3138,#2507,#2508);
#2071=AXIS2_PLACEMENT_3D('',#3141,#2511,#2512);
#2072=AXIS2_PLACEMENT_3D('',#3144,#2515,#2516);
#2073=AXIS2_PLACEMENT_3D('',#3147,#2519,#2520);
#2074=AXIS2_PLACEMENT_3D('',#3150,#2523,#2524);
#2075=AXIS2_PLACEMENT_3D('',#3153,#2527,#2528);
#2076=AXIS2_PLACEMENT_3D('',#3156,#2531,#2532);
#2077=AXIS2_PLACEMENT_3D('',#3159,#2535,#2536);
#2078=AXIS2_PLACEMENT_3D('',#3162,#2539,#2540);
#2079=AXIS2_PLACEMENT_3D('',#3165,#2543,#2544);
#2080=AXIS2_PLACEMENT_3D('',#3168,#2547,#2548);
#2081=AXIS2_PLACEMENT_3D('',#3171,#2551,#2552);
#2082=AXIS2_PLACEMENT_3D('',#3174,#2555,#2556);
#2083=AXIS2_PLACEMENT_3D('',#3176,#2558,#2559);
#2084=AXIS2_PLACEMENT_3D('',#3178,#2561,#2562);
#2085=AXIS2_PLACEMENT_3D('',#3183,#2566,#2567);
#2086=AXIS2_PLACEMENT_3D('',#3185,#2569,#2570);
#2087=AXIS2_PLACEMENT_3D('',#3187,#2572,#2573);
#2088=AXIS2_PLACEMENT_3D('',#3191,#2576,#2577);
#2089=AXIS2_PLACEMENT_3D('',#3193,#2579,#2580);
#2090=AXIS2_PLACEMENT_3D('',#3195,#2582,#2583);
#2091=AXIS2_PLACEMENT_3D('',#3198,#2585,#2586);
#2092=AXIS2_PLACEMENT_3D('',#3199,#2587,#2588);
#2093=AXIS2_PLACEMENT_3D('',#3203,#2590,#2591);
#2094=AXIS2_PLACEMENT_3D('',#3205,#2593,#2594);
#2095=AXIS2_PLACEMENT_3D('',#3208,#2597,#2598);
#2096=AXIS2_PLACEMENT_3D('',#3209,#2599,#2600);
#2097=DIRECTION('axis',(0.,0.,1.));
#2098=DIRECTION('refdir',(1.,0.,0.));
#2099=DIRECTION('center_axis',(1.,0.,0.));
#2100=DIRECTION('ref_axis',(0.,0.866025403784436,-0.500000000000006));
#2101=DIRECTION('center_axis',(-1.,0.,0.));
#2102=DIRECTION('ref_axis',(0.,1.,-1.22464679914735E-16));
#2103=DIRECTION('',(1.,0.,0.));
#2104=DIRECTION('center_axis',(1.,0.,0.));
#2105=DIRECTION('ref_axis',(0.,0.500000000000004,-0.866025403784436));
#2106=DIRECTION('',(-1.,0.,0.));
#2107=DIRECTION('center_axis',(0.,1.,-1.22464679914735E-16));
#2108=DIRECTION('ref_axis',(0.,0.,1.));
#2109=DIRECTION('center_axis',(-1.,0.,0.));
#2110=DIRECTION('ref_axis',(0.,0.49999999999999,0.866025403784444));
#2111=DIRECTION('center_axis',(0.,-1.,1.22464679914735E-16));
#2112=DIRECTION('ref_axis',(1.,0.,0.));
#2113=DIRECTION('center_axis',(0.,1.,-1.22464679914735E-16));
#2114=DIRECTION('ref_axis',(1.,0.,0.));
#2115=DIRECTION('center_axis',(-1.,0.,0.));
#2116=DIRECTION('ref_axis',(0.,0.866025403784436,0.500000000000005));
#2117=DIRECTION('center_axis',(-1.,0.,0.));
#2118=DIRECTION('ref_axis',(0.,0.500000000000005,0.866025403784436));
#2119=DIRECTION('',(1.,0.,0.));
#2120=DIRECTION('',(-1.,0.,0.));
#2121=DIRECTION('center_axis',(0.,1.,-1.22464679914735E-16));
#2122=DIRECTION('ref_axis',(0.,0.,1.));
#2123=DIRECTION('center_axis',(0.,-1.,1.22464679914735E-16));
#2124=DIRECTION('ref_axis',(-1.,0.,0.));
#2125=DIRECTION('center_axis',(0.,1.,-1.22464679914735E-16));
#2126=DIRECTION('ref_axis',(-1.,0.,0.));
#2127=DIRECTION('center_axis',(1.,0.,0.));
#2128=DIRECTION('ref_axis',(0.,1.22464679914735E-16,1.));
#2129=DIRECTION('center_axis',(0.,1.,-1.22464679914735E-16));
#2130=DIRECTION('ref_axis',(1.,0.,0.));
#2131=DIRECTION('center_axis',(-1.,0.,0.));
#2132=DIRECTION('ref_axis',(0.,-1.22464679914735E-16,-1.));
#2133=DIRECTION('center_axis',(-1.,0.,0.));
#2134=DIRECTION('ref_axis',(0.,-0.70710678118654,0.707106781186556));
#2135=DIRECTION('center_axis',(-1.,0.,0.));
#2136=DIRECTION('ref_axis',(0.,-1.,1.22464679914735E-16));
#2137=DIRECTION('',(1.,0.,0.));
#2138=DIRECTION('center_axis',(0.,-1.,1.22464679914735E-16));
#2139=DIRECTION('ref_axis',(-1.,0.,0.));
#2140=DIRECTION('',(1.,0.,0.));
#2141=DIRECTION('',(0.,-1.22464679914735E-16,-1.));
#2142=DIRECTION('',(-1.,0.,0.));
#2143=DIRECTION('',(0.,-1.22464679914735E-16,-1.));
#2144=DIRECTION('center_axis',(-8.68209598924854E-17,-1.,1.22464679914735E-16));
#2145=DIRECTION('ref_axis',(0.,0.,-1.));
#2146=DIRECTION('center_axis',(-1.,0.,0.));
#2147=DIRECTION('ref_axis',(0.,-1.,1.22464679914735E-16));
#2148=DIRECTION('center_axis',(-8.68209598924854E-17,-1.,1.22464679914735E-16));
#2149=DIRECTION('ref_axis',(1.,0.,0.));
#2150=DIRECTION('center_axis',(-1.,0.,0.));
#2151=DIRECTION('ref_axis',(0.,-0.499999999999997,-0.86602540378444));
#2152=DIRECTION('center_axis',(1.73641919784971E-16,1.,-1.22464679914735E-16));
#2153=DIRECTION('ref_axis',(1.,-1.73641919784971E-16,2.12650021262466E-32));
#2154=DIRECTION('center_axis',(-1.,0.,0.));
#2155=DIRECTION('ref_axis',(0.,-0.866025403784436,-0.500000000000005));
#2156=DIRECTION('center_axis',(-1.,0.,0.));
#2157=DIRECTION('ref_axis',(0.,-0.499999999999997,-0.86602540378444));
#2158=DIRECTION('',(1.,-1.73641919784971E-16,2.12650021262466E-32));
#2159=DIRECTION('',(-1.,0.,0.));
#2160=DIRECTION('center_axis',(-8.68209598924854E-17,-1.,1.22464679914735E-16));
#2161=DIRECTION('ref_axis',(0.,0.,-1.));
#2162=DIRECTION('center_axis',(1.,0.,0.));
#2163=DIRECTION('ref_axis',(0.,-0.500000000000004,0.866025403784436));
#2164=DIRECTION('center_axis',(1.73641919784971E-16,1.,-1.22464679914735E-16));
#2165=DIRECTION('ref_axis',(-1.,1.73641919784971E-16,-2.12650021262466E-32));
#2166=DIRECTION('center_axis',(-8.68209598924854E-17,-1.,1.22464679914735E-16));
#2167=DIRECTION('ref_axis',(-1.,0.,0.));
#2168=DIRECTION('center_axis',(1.,0.,0.));
#2169=DIRECTION('ref_axis',(0.,-0.866025403784436,0.500000000000006));
#2170=DIRECTION('',(-1.,1.73641919784971E-16,-2.12650021262466E-32));
#2171=DIRECTION('',(1.,0.,0.));
#2172=DIRECTION('center_axis',(-1.,0.,0.));
#2173=DIRECTION('ref_axis',(0.,0.707106781186545,0.707106781186551));
#2174=DIRECTION('center_axis',(1.,0.,0.));
#2175=DIRECTION('ref_axis',(0.,1.,-1.22464679914735E-16));
#2176=DIRECTION('',(-1.,0.,0.));
#2177=DIRECTION('center_axis',(-1.,0.,0.));
#2178=DIRECTION('ref_axis',(0.,1.22464679914735E-16,1.));
#2179=DIRECTION('center_axis',(-1.,0.,0.));
#2180=DIRECTION('ref_axis',(0.,1.,-1.22464679914735E-16));
#2181=DIRECTION('center_axis',(0.,-1.,1.22464679914735E-16));
#2182=DIRECTION('ref_axis',(1.,0.,0.));
#2183=DIRECTION('center_axis',(1.73641919784971E-16,1.,-1.22464679914735E-16));
#2184=DIRECTION('ref_axis',(1.,-1.73641919784971E-16,2.12650021262466E-32));
#2185=DIRECTION('',(-1.,1.73641919784971E-16,-2.12650021262466E-32));
#2186=DIRECTION('',(0.,-1.22464679914735E-16,-1.));
#2187=DIRECTION('',(1.,-1.73641919784971E-16,2.12650021262466E-32));
#2188=DIRECTION('',(0.,-1.22464679914735E-16,-1.));
#2189=DIRECTION('center_axis',(0.,-1.,1.22464679914735E-16));
#2190=DIRECTION('ref_axis',(-1.,0.,0.));
#2191=DIRECTION('center_axis',(-1.,0.,0.));
#2192=DIRECTION('ref_axis',(0.,1.,-1.22464679914735E-16));
#2193=DIRECTION('center_axis',(1.,0.,0.));
#2194=DIRECTION('ref_axis',(0.,0.707106781186544,-0.707106781186551));
#2195=DIRECTION('',(1.,0.,0.));
#2196=DIRECTION('center_axis',(0.,-1.,1.22464679914735E-16));
#2197=DIRECTION('ref_axis',(-1.,0.,0.));
#2198=DIRECTION('center_axis',(-1.,0.,0.));
#2199=DIRECTION('ref_axis',(0.,-1.22464679914735E-16,-1.));
#2200=DIRECTION('center_axis',(0.,1.,-1.22464679914735E-16));
#2201=DIRECTION('ref_axis',(-1.,0.,0.));
#2202=DIRECTION('center_axis',(1.,0.,0.));
#2203=DIRECTION('ref_axis',(0.,-0.70710678118654,-0.707106781186555));
#2204=DIRECTION('',(-1.,0.,0.));
#2205=DIRECTION('center_axis',(0.,-1.,1.22464679914735E-16));
#2206=DIRECTION('ref_axis',(-1.,0.,0.));
#2207=DIRECTION('center_axis',(-1.,0.,0.));
#2208=DIRECTION('ref_axis',(0.,-0.707106781186548,0.707106781186547));
#2209=DIRECTION('center_axis',(-1.,1.45603019622971E-15,-1.78312271927461E-31));
#2210=DIRECTION('ref_axis',(0.,-0.707106781186548,0.707106781186547));
#2211=DIRECTION('',(1.,0.,0.));
#2212=DIRECTION('center_axis',(1.,0.,0.));
#2213=DIRECTION('ref_axis',(0.,-0.707106781186548,0.707106781186547));
#2214=DIRECTION('',(-1.,0.,0.));
#2215=DIRECTION('center_axis',(-0.903062507071715,1.26228657903399E-15,
-0.429509148123005));
#2216=DIRECTION('ref_axis',(-0.429509148123005,-2.64655890620199E-15,0.903062507071715));
#2217=DIRECTION('center_axis',(0.,1.,-1.22464679914735E-16));
#2218=DIRECTION('ref_axis',(1.,0.,0.));
#2219=DIRECTION('',(0.,-1.22464679914735E-16,-1.));
#2220=DIRECTION('',(1.,0.,0.));
#2221=DIRECTION('',(0.429509148123005,-1.10593260871536E-16,-0.903062507071715));
#2222=DIRECTION('center_axis',(1.,-2.96059473233375E-15,3.62568286252504E-31));
#2223=DIRECTION('ref_axis',(2.09345661157837E-15,0.707106781186547,0.707106781186548));
#2224=DIRECTION('center_axis',(-0.903062507071715,-5.25997003453344E-17,
-0.429509148123005));
#2225=DIRECTION('ref_axis',(-0.429509148123005,7.04524871138979E-15,0.903062507071715));
#2226=DIRECTION('',(1.,-2.96059473233375E-15,3.62568286252504E-31));
#2227=DIRECTION('center_axis',(1.,0.,0.));
#2228=DIRECTION('ref_axis',(2.09345661157837E-15,0.707106781186547,0.707106781186548));
#2229=DIRECTION('',(-1.,2.96059473233375E-15,-3.62568286252504E-31));
#2230=DIRECTION('center_axis',(-1.,0.,0.));
#2231=DIRECTION('ref_axis',(2.09345661157837E-15,0.707106781186547,0.707106781186548));
#2232=DIRECTION('center_axis',(-2.96059473233375E-15,-1.,1.22464679914735E-16));
#2233=DIRECTION('ref_axis',(-1.,2.96059473233375E-15,-3.62568286252504E-31));
#2234=DIRECTION('',(-0.429509148123005,1.38219578229366E-15,0.903062507071715));
#2235=DIRECTION('',(-1.,2.96059473233375E-15,-3.62568286252504E-31));
#2236=DIRECTION('',(0.,-1.22464679914735E-16,-1.));
#2237=DIRECTION('center_axis',(-0.903062507071715,1.26228657903399E-15,
-0.429509148123005));
#2238=DIRECTION('ref_axis',(0.429509148123005,-1.10593260871536E-16,-0.903062507071715));
#2239=DIRECTION('',(-1.45603019622971E-15,-1.,1.22464679914735E-16));
#2240=DIRECTION('',(-1.45603019622971E-15,-1.,1.22464679914735E-16));
#2241=DIRECTION('',(-0.394647084802943,0.394647084811045,0.829763434303225));
#2242=DIRECTION('center_axis',(0.,0.903062507071714,-0.429509148123006));
#2243=DIRECTION('ref_axis',(0.,0.429509148123006,0.903062507071714));
#2244=DIRECTION('',(-1.,0.,0.));
#2245=DIRECTION('',(0.394647084803892,0.39464708481087,0.829763434302857));
#2246=DIRECTION('',(1.,0.,0.));
#2247=DIRECTION('center_axis',(0.903062507071715,-5.25997003453344E-17,
-0.429509148123005));
#2248=DIRECTION('ref_axis',(0.429509148123005,1.10593260871536E-16,0.903062507071715));
#2249=DIRECTION('',(0.,1.,-1.22464679914735E-16));
#2250=DIRECTION('',(0.394647084806241,-0.394647084798138,0.829763434307796));
#2251=DIRECTION('',(0.,-1.,1.22464679914735E-16));
#2252=DIRECTION('center_axis',(0.,-0.903062507071715,-0.429509148123005));
#2253=DIRECTION('ref_axis',(0.,0.429509148123005,-0.903062507071715));
#2254=DIRECTION('',(-1.,0.,0.));
#2255=DIRECTION('',(1.,0.,0.));
#2256=DIRECTION('',(-0.394647084804592,-0.394647084804592,0.82976343430551));
#2257=DIRECTION('center_axis',(-0.903062507071715,-5.25997003453344E-17,
-0.429509148123005));
#2258=DIRECTION('ref_axis',(0.429509148123005,-1.10593260871536E-16,-0.903062507071715));
#2259=DIRECTION('',(0.,-1.,1.22464679914735E-16));
#2260=DIRECTION('',(0.,1.,-1.22464679914735E-16));
#2261=DIRECTION('center_axis',(0.,-1.22464679914735E-16,-1.));
#2262=DIRECTION('ref_axis',(1.,0.,0.));
#2263=DIRECTION('',(0.,-1.,1.22464679914735E-16));
#2264=DIRECTION('',(0.,1.,-1.22464679914735E-16));
#2265=DIRECTION('',(0.,-1.,1.22464679914735E-16));
#2266=DIRECTION('center_axis',(-0.707106781186547,8.65956056235494E-17,
0.707106781186548));
#2267=DIRECTION('ref_axis',(-0.707106781186548,-8.65956056235493E-17,-0.707106781186547));
#2268=DIRECTION('',(-0.707106781186548,-8.65956056235493E-17,-0.707106781186547));
#2269=DIRECTION('',(0.,-1.,1.22464679914735E-16));
#2270=DIRECTION('',(0.707106781186548,8.65956056235493E-17,0.707106781186547));
#2271=DIRECTION('',(0.,1.,-1.22464679914735E-16));
#2272=DIRECTION('center_axis',(0.,-1.22464679914735E-16,-1.));
#2273=DIRECTION('ref_axis',(-0.707106781186547,0.707106781186547,-8.65956056235493E-17));
#2274=DIRECTION('',(0.,0.707106781186546,-0.707106781186549));
#2275=DIRECTION('center_axis',(0.,1.22464679914735E-16,1.));
#2276=DIRECTION('ref_axis',(-0.707106781186548,0.707106781186548,-8.65956056235493E-17));
#2277=DIRECTION('center_axis',(0.,-1.22464679914735E-16,-1.));
#2278=DIRECTION('ref_axis',(-0.707106781186548,0.707106781186548,-8.65956056235493E-17));
#2279=DIRECTION('center_axis',(0.,0.707106781186546,0.707106781186549));
#2280=DIRECTION('ref_axis',(-1.,0.,0.));
#2281=DIRECTION('',(-3.14018491736754E-15,0.707106781186549,-0.707106781186546));
#2282=DIRECTION('',(-1.,0.,0.));
#2283=DIRECTION('',(1.,0.,0.));
#2284=DIRECTION('center_axis',(0.,-1.22464679914735E-16,-1.));
#2285=DIRECTION('ref_axis',(0.707106781186547,0.707106781186547,-8.65956056235493E-17));
#2286=DIRECTION('',(0.707106781186546,-8.65956056235495E-17,-0.707106781186549));
#2287=DIRECTION('center_axis',(0.,1.22464679914735E-16,1.));
#2288=DIRECTION('ref_axis',(0.707106781186548,0.707106781186548,-8.65956056235493E-17));
#2289=DIRECTION('center_axis',(0.,-1.22464679914735E-16,-1.));
#2290=DIRECTION('ref_axis',(0.707106781186548,0.707106781186548,-8.65956056235493E-17));
#2291=DIRECTION('center_axis',(0.707106781186547,8.65956056235494E-17,0.707106781186548));
#2292=DIRECTION('ref_axis',(-0.707106781186548,8.65956056235493E-17,0.707106781186547));
#2293=DIRECTION('',(0.707106781186548,-8.65956056235493E-17,-0.707106781186547));
#2294=DIRECTION('',(0.,1.,-1.22464679914735E-16));
#2295=DIRECTION('',(0.,-1.,1.22464679914735E-16));
#2296=DIRECTION('center_axis',(0.,-1.22464679914735E-16,-1.));
#2297=DIRECTION('ref_axis',(0.707106781186549,-0.707106781186546,8.65956056235492E-17));
#2298=DIRECTION('',(0.,-0.707106781186546,-0.707106781186549));
#2299=DIRECTION('center_axis',(0.,1.22464679914735E-16,1.));
#2300=DIRECTION('ref_axis',(0.707106781186549,-0.707106781186546,8.65956056235492E-17));
#2301=DIRECTION('center_axis',(0.,-1.22464679914735E-16,-1.));
#2302=DIRECTION('ref_axis',(0.707106781186549,-0.707106781186546,8.65956056235492E-17));
#2303=DIRECTION('center_axis',(0.,-0.707106781186549,0.707106781186546));
#2304=DIRECTION('ref_axis',(-1.,0.,0.));
#2305=DIRECTION('',(3.14018491736756E-15,-0.707106781186546,-0.707106781186549));
#2306=DIRECTION('',(1.,0.,0.));
#2307=DIRECTION('',(-1.,0.,0.));
#2308=DIRECTION('center_axis',(0.,-1.22464679914735E-16,-1.));
#2309=DIRECTION('ref_axis',(-0.707106781186546,-0.707106781186549,8.65956056235495E-17));
#2310=DIRECTION('center_axis',(0.,1.22464679914735E-16,1.));
#2311=DIRECTION('ref_axis',(-0.707106781186546,-0.707106781186549,8.65956056235495E-17));
#2312=DIRECTION('center_axis',(0.,-1.22464679914735E-16,-1.));
#2313=DIRECTION('ref_axis',(-0.707106781186547,-0.707106781186549,8.65956056235495E-17));
#2314=DIRECTION('center_axis',(0.,-1.22464679914735E-16,-1.));
#2315=DIRECTION('ref_axis',(0.707106781186548,-0.707106781186547,8.65956056235492E-17));
#2316=DIRECTION('',(0.,-1.22464679914735E-16,-1.));
#2317=DIRECTION('center_axis',(0.,1.22464679914735E-16,1.));
#2318=DIRECTION('ref_axis',(0.707106781186548,-0.707106781186547,8.65956056235492E-17));
#2319=DIRECTION('',(0.,1.22464679914735E-16,1.));
#2320=DIRECTION('center_axis',(0.,-1.,1.22464679914735E-16));
#2321=DIRECTION('ref_axis',(-1.,0.,0.));
#2322=DIRECTION('',(0.,1.22464679914735E-16,1.));
#2323=DIRECTION('',(-1.,0.,0.));
#2324=DIRECTION('center_axis',(0.,-1.22464679914735E-16,-1.));
#2325=DIRECTION('ref_axis',(-0.707106781186546,-0.707106781186549,8.65956056235495E-17));
#2326=DIRECTION('',(0.,-1.22464679914735E-16,-1.));
#2327=DIRECTION('center_axis',(0.,1.22464679914735E-16,1.));
#2328=DIRECTION('ref_axis',(-0.707106781186546,-0.707106781186549,8.65956056235495E-17));
#2329=DIRECTION('center_axis',(-1.,0.,0.));
#2330=DIRECTION('ref_axis',(0.,1.,-1.22464679914735E-16));
#2331=DIRECTION('',(0.,1.22464679914735E-16,1.));
#2332=DIRECTION('',(0.,1.,-1.22464679914735E-16));
#2333=DIRECTION('center_axis',(0.,-1.22464679914735E-16,-1.));
#2334=DIRECTION('ref_axis',(1.,0.,0.));
#2335=DIRECTION('',(0.,1.,-1.22464679914735E-16));
#2336=DIRECTION('',(1.,0.,0.));
#2337=DIRECTION('',(1.48029736616687E-16,-1.,1.22464679914735E-16));
#2338=DIRECTION('',(-1.,0.,0.));
#2339=DIRECTION('',(-1.,0.,0.));
#2340=DIRECTION('',(0.,1.,-1.22464679914735E-16));
#2341=DIRECTION('',(1.,0.,0.));
#2342=DIRECTION('',(1.66533453693773E-16,-1.,1.22464679914735E-16));
#2343=DIRECTION('',(0.,1.,-1.22464679914735E-16));
#2344=DIRECTION('',(1.,0.,0.));
#2345=DIRECTION('',(1.48029736616687E-16,-1.,1.22464679914735E-16));
#2346=DIRECTION('',(-1.,0.,0.));
#2347=DIRECTION('',(0.,1.,-1.22464679914735E-16));
#2348=DIRECTION('',(1.,0.,0.));
#2349=DIRECTION('',(1.48029736616687E-16,-1.,1.22464679914735E-16));
#2350=DIRECTION('',(-1.,0.,0.));
#2351=DIRECTION('',(0.,1.,-1.22464679914735E-16));
#2352=DIRECTION('',(1.,0.,0.));
#2353=DIRECTION('',(1.85037170770859E-16,-1.,1.22464679914735E-16));
#2354=DIRECTION('',(-1.,0.,0.));
#2355=DIRECTION('',(0.,1.,-1.22464679914735E-16));
#2356=DIRECTION('',(1.,0.,0.));
#2357=DIRECTION('',(1.48029736616687E-16,-1.,1.22464679914735E-16));
#2358=DIRECTION('',(-1.,0.,0.));
#2359=DIRECTION('',(0.,1.,-1.22464679914735E-16));
#2360=DIRECTION('',(1.,0.,0.));
#2361=DIRECTION('',(1.48029736616687E-16,-1.,1.22464679914735E-16));
#2362=DIRECTION('',(-1.,0.,0.));
#2363=DIRECTION('',(0.,1.,-1.22464679914735E-16));
#2364=DIRECTION('',(1.,0.,0.));
#2365=DIRECTION('',(1.85037170770859E-16,-1.,1.22464679914735E-16));
#2366=DIRECTION('',(-1.,0.,0.));
#2367=DIRECTION('',(0.,1.,-1.22464679914735E-16));
#2368=DIRECTION('',(1.,0.,0.));
#2369=DIRECTION('',(1.48029736616687E-16,-1.,1.22464679914735E-16));
#2370=DIRECTION('',(-1.,0.,0.));
#2371=DIRECTION('',(0.,1.,-1.22464679914735E-16));
#2372=DIRECTION('',(1.,0.,0.));
#2373=DIRECTION('',(2.96059473233375E-16,-1.,1.22464679914735E-16));
#2374=DIRECTION('',(-1.,0.,0.));
#2375=DIRECTION('',(0.,1.,-1.22464679914735E-16));
#2376=DIRECTION('',(1.,0.,0.));
#2377=DIRECTION('',(1.48029736616687E-16,-1.,1.22464679914735E-16));
#2378=DIRECTION('',(-1.,0.,0.));
#2379=DIRECTION('',(0.,1.,-1.22464679914735E-16));
#2380=DIRECTION('',(1.,0.,0.));
#2381=DIRECTION('',(1.48029736616687E-16,-1.,1.22464679914735E-16));
#2382=DIRECTION('',(-1.,0.,0.));
#2383=DIRECTION('',(0.,1.,-1.22464679914735E-16));
#2384=DIRECTION('',(1.,0.,0.));
#2385=DIRECTION('',(2.96059473233375E-16,-1.,1.22464679914735E-16));
#2386=DIRECTION('',(-1.,0.,0.));
#2387=DIRECTION('center_axis',(-1.,0.,0.));
#2388=DIRECTION('ref_axis',(0.,1.,-1.22464679914735E-16));
#2389=DIRECTION('',(0.,-1.22464679914735E-16,-1.));
#2390=DIRECTION('',(0.,-1.,1.22464679914735E-16));
#2391=DIRECTION('',(0.,-1.22464679914735E-16,-1.));
#2392=DIRECTION('center_axis',(1.,1.48029736616687E-16,-1.81284143126252E-32));
#2393=DIRECTION('ref_axis',(1.48029736616687E-16,-1.,1.22464679914735E-16));
#2394=DIRECTION('',(0.,-1.22464679914735E-16,-1.));
#2395=DIRECTION('',(-1.48029736616687E-16,1.,-1.22464679914735E-16));
#2396=DIRECTION('',(0.,-1.22464679914735E-16,-1.));
#2397=DIRECTION('center_axis',(1.,1.66533453693773E-16,-2.03944661017034E-32));
#2398=DIRECTION('ref_axis',(1.66533453693773E-16,-1.,1.22464679914735E-16));
#2399=DIRECTION('',(0.,-1.22464679914735E-16,-1.));
#2400=DIRECTION('',(-1.66533453693773E-16,1.,-1.22464679914735E-16));
#2401=DIRECTION('',(0.,-1.22464679914735E-16,-1.));
#2402=DIRECTION('center_axis',(-1.,0.,0.));
#2403=DIRECTION('ref_axis',(0.,1.,-1.22464679914735E-16));
#2404=DIRECTION('',(0.,-1.22464679914735E-16,-1.));
#2405=DIRECTION('',(0.,-1.,1.22464679914735E-16));
#2406=DIRECTION('',(0.,-1.22464679914735E-16,-1.));
#2407=DIRECTION('center_axis',(-1.,0.,0.));
#2408=DIRECTION('ref_axis',(0.,1.,-1.22464679914735E-16));
#2409=DIRECTION('',(0.,-1.22464679914735E-16,-1.));
#2410=DIRECTION('',(0.,-1.,1.22464679914735E-16));
#2411=DIRECTION('',(0.,-1.22464679914735E-16,-1.));
#2412=DIRECTION('center_axis',(1.,1.48029736616687E-16,-1.81284143126252E-32));
#2413=DIRECTION('ref_axis',(1.48029736616687E-16,-1.,1.22464679914735E-16));
#2414=DIRECTION('',(0.,-1.22464679914735E-16,-1.));
#2415=DIRECTION('',(-1.48029736616687E-16,1.,-1.22464679914735E-16));
#2416=DIRECTION('',(0.,-1.22464679914735E-16,-1.));
#2417=DIRECTION('center_axis',(-1.,0.,0.));
#2418=DIRECTION('ref_axis',(0.,1.,-1.22464679914735E-16));
#2419=DIRECTION('',(0.,-1.22464679914735E-16,-1.));
#2420=DIRECTION('',(0.,-1.,1.22464679914735E-16));
#2421=DIRECTION('',(0.,-1.22464679914735E-16,-1.));
#2422=DIRECTION('center_axis',(1.,1.48029736616687E-16,-1.81284143126252E-32));
#2423=DIRECTION('ref_axis',(1.48029736616687E-16,-1.,1.22464679914735E-16));
#2424=DIRECTION('',(0.,-1.22464679914735E-16,-1.));
#2425=DIRECTION('',(-1.48029736616687E-16,1.,-1.22464679914735E-16));
#2426=DIRECTION('',(0.,-1.22464679914735E-16,-1.));
#2427=DIRECTION('center_axis',(-1.,0.,0.));
#2428=DIRECTION('ref_axis',(0.,1.,-1.22464679914735E-16));
#2429=DIRECTION('',(0.,-1.22464679914735E-16,-1.));
#2430=DIRECTION('',(0.,-1.,1.22464679914735E-16));
#2431=DIRECTION('',(0.,-1.22464679914735E-16,-1.));
#2432=DIRECTION('center_axis',(1.,1.85037170770859E-16,-2.26605178907815E-32));
#2433=DIRECTION('ref_axis',(1.85037170770859E-16,-1.,1.22464679914735E-16));
#2434=DIRECTION('',(0.,-1.22464679914735E-16,-1.));
#2435=DIRECTION('',(-1.85037170770859E-16,1.,-1.22464679914735E-16));
#2436=DIRECTION('',(0.,-1.22464679914735E-16,-1.));
#2437=DIRECTION('center_axis',(-1.,0.,0.));
#2438=DIRECTION('ref_axis',(0.,1.,-1.22464679914735E-16));
#2439=DIRECTION('',(0.,-1.22464679914735E-16,-1.));
#2440=DIRECTION('',(0.,-1.,1.22464679914735E-16));
#2441=DIRECTION('',(0.,-1.22464679914735E-16,-1.));
#2442=DIRECTION('center_axis',(1.,1.48029736616687E-16,-1.81284143126252E-32));
#2443=DIRECTION('ref_axis',(1.48029736616687E-16,-1.,1.22464679914735E-16));
#2444=DIRECTION('',(0.,-1.22464679914735E-16,-1.));
#2445=DIRECTION('',(-1.48029736616687E-16,1.,-1.22464679914735E-16));
#2446=DIRECTION('',(0.,-1.22464679914735E-16,-1.));
#2447=DIRECTION('center_axis',(-1.,0.,0.));
#2448=DIRECTION('ref_axis',(0.,1.,-1.22464679914735E-16));
#2449=DIRECTION('',(0.,-1.22464679914735E-16,-1.));
#2450=DIRECTION('',(0.,-1.,1.22464679914735E-16));
#2451=DIRECTION('',(0.,-1.22464679914735E-16,-1.));
#2452=DIRECTION('center_axis',(1.,1.48029736616687E-16,-1.81284143126252E-32));
#2453=DIRECTION('ref_axis',(1.48029736616687E-16,-1.,1.22464679914735E-16));
#2454=DIRECTION('',(0.,-1.22464679914735E-16,-1.));
#2455=DIRECTION('',(-1.48029736616687E-16,1.,-1.22464679914735E-16));
#2456=DIRECTION('',(0.,-1.22464679914735E-16,-1.));
#2457=DIRECTION('center_axis',(-1.,0.,0.));
#2458=DIRECTION('ref_axis',(0.,1.,-1.22464679914735E-16));
#2459=DIRECTION('',(0.,-1.22464679914735E-16,-1.));
#2460=DIRECTION('',(0.,-1.,1.22464679914735E-16));
#2461=DIRECTION('',(0.,-1.22464679914735E-16,-1.));
#2462=DIRECTION('center_axis',(1.,1.85037170770859E-16,-2.26605178907815E-32));
#2463=DIRECTION('ref_axis',(1.85037170770859E-16,-1.,1.22464679914735E-16));
#2464=DIRECTION('',(0.,-1.22464679914735E-16,-1.));
#2465=DIRECTION('',(-1.85037170770859E-16,1.,-1.22464679914735E-16));
#2466=DIRECTION('',(0.,-1.22464679914735E-16,-1.));
#2467=DIRECTION('center_axis',(-1.,0.,0.));
#2468=DIRECTION('ref_axis',(0.,1.,-1.22464679914735E-16));
#2469=DIRECTION('',(0.,-1.22464679914735E-16,-1.));
#2470=DIRECTION('',(0.,-1.,1.22464679914735E-16));
#2471=DIRECTION('',(0.,-1.22464679914735E-16,-1.));
#2472=DIRECTION('center_axis',(1.,1.48029736616687E-16,-1.81284143126252E-32));
#2473=DIRECTION('ref_axis',(1.48029736616687E-16,-1.,1.22464679914735E-16));
#2474=DIRECTION('',(0.,-1.22464679914735E-16,-1.));
#2475=DIRECTION('',(-1.48029736616687E-16,1.,-1.22464679914735E-16));
#2476=DIRECTION('',(0.,-1.22464679914735E-16,-1.));
#2477=DIRECTION('center_axis',(1.,2.96059473233375E-16,-3.62568286252504E-32));
#2478=DIRECTION('ref_axis',(2.96059473233375E-16,-1.,1.22464679914735E-16));
#2479=DIRECTION('',(0.,-1.22464679914735E-16,-1.));
#2480=DIRECTION('',(-2.96059473233375E-16,1.,-1.22464679914735E-16));
#2481=DIRECTION('',(0.,-1.22464679914735E-16,-1.));
#2482=DIRECTION('center_axis',(-1.,0.,0.));
#2483=DIRECTION('ref_axis',(0.,1.,-1.22464679914735E-16));
#2484=DIRECTION('',(0.,-1.22464679914735E-16,-1.));
#2485=DIRECTION('',(0.,-1.,1.22464679914735E-16));
#2486=DIRECTION('',(0.,-1.22464679914735E-16,-1.));
#2487=DIRECTION('center_axis',(1.,1.48029736616687E-16,-1.81284143126252E-32));
#2488=DIRECTION('ref_axis',(1.48029736616687E-16,-1.,1.22464679914735E-16));
#2489=DIRECTION('',(0.,-1.22464679914735E-16,-1.));
#2490=DIRECTION('',(-1.48029736616687E-16,1.,-1.22464679914735E-16));
#2491=DIRECTION('',(0.,-1.22464679914735E-16,-1.));
#2492=DIRECTION('center_axis',(-1.,0.,0.));
#2493=DIRECTION('ref_axis',(0.,1.,-1.22464679914735E-16));
#2494=DIRECTION('',(0.,-1.22464679914735E-16,-1.));
#2495=DIRECTION('',(0.,-1.,1.22464679914735E-16));
#2496=DIRECTION('',(0.,-1.22464679914735E-16,-1.));
#2497=DIRECTION('center_axis',(1.,1.48029736616687E-16,-1.81284143126252E-32));
#2498=DIRECTION('ref_axis',(1.48029736616687E-16,-1.,1.22464679914735E-16));
#2499=DIRECTION('',(0.,-1.22464679914735E-16,-1.));
#2500=DIRECTION('',(-1.48029736616687E-16,1.,-1.22464679914735E-16));
#2501=DIRECTION('',(0.,-1.22464679914735E-16,-1.));
#2502=DIRECTION('center_axis',(-1.,0.,0.));
#2503=DIRECTION('ref_axis',(0.,1.,-1.22464679914735E-16));
#2504=DIRECTION('',(0.,-1.22464679914735E-16,-1.));
#2505=DIRECTION('',(0.,-1.,1.22464679914735E-16));
#2506=DIRECTION('',(0.,-1.22464679914735E-16,-1.));
#2507=DIRECTION('center_axis',(0.,-1.22464679914735E-16,-1.));
#2508=DIRECTION('ref_axis',(1.,0.,0.));
#2509=DIRECTION('',(1.,0.,0.));
#2510=DIRECTION('',(-1.,0.,0.));
#2511=DIRECTION('center_axis',(0.,-1.22464679914735E-16,-1.));
#2512=DIRECTION('ref_axis',(1.,0.,0.));
#2513=DIRECTION('',(1.,0.,0.));
#2514=DIRECTION('',(-1.,0.,0.));
#2515=DIRECTION('center_axis',(0.,-1.22464679914735E-16,-1.));
#2516=DIRECTION('ref_axis',(1.,0.,0.));
#2517=DIRECTION('',(1.,0.,0.));
#2518=DIRECTION('',(-1.,0.,0.));
#2519=DIRECTION('center_axis',(0.,-1.22464679914735E-16,-1.));
#2520=DIRECTION('ref_axis',(1.,0.,0.));
#2521=DIRECTION('',(-1.,0.,0.));
#2522=DIRECTION('',(1.,0.,0.));
#2523=DIRECTION('center_axis',(0.,-1.22464679914735E-16,-1.));
#2524=DIRECTION('ref_axis',(1.,0.,0.));
#2525=DIRECTION('',(-1.,0.,0.));
#2526=DIRECTION('',(1.,0.,0.));
#2527=DIRECTION('center_axis',(0.,-1.22464679914735E-16,-1.));
#2528=DIRECTION('ref_axis',(1.,0.,0.));
#2529=DIRECTION('',(-1.,0.,0.));
#2530=DIRECTION('',(1.,0.,0.));
#2531=DIRECTION('center_axis',(0.,-1.22464679914735E-16,-1.));
#2532=DIRECTION('ref_axis',(1.,0.,0.));
#2533=DIRECTION('',(-1.,0.,0.));
#2534=DIRECTION('',(1.,0.,0.));
#2535=DIRECTION('center_axis',(0.,-1.22464679914735E-16,-1.));
#2536=DIRECTION('ref_axis',(1.,0.,0.));
#2537=DIRECTION('',(1.,0.,0.));
#2538=DIRECTION('',(-1.,0.,0.));
#2539=DIRECTION('center_axis',(0.,-1.22464679914735E-16,-1.));
#2540=DIRECTION('ref_axis',(1.,0.,0.));
#2541=DIRECTION('',(1.,0.,0.));
#2542=DIRECTION('',(-1.,0.,0.));
#2543=DIRECTION('center_axis',(0.,-1.22464679914735E-16,-1.));
#2544=DIRECTION('ref_axis',(1.,0.,0.));
#2545=DIRECTION('',(-1.,0.,0.));
#2546=DIRECTION('',(1.,0.,0.));
#2547=DIRECTION('center_axis',(0.,-1.22464679914735E-16,-1.));
#2548=DIRECTION('ref_axis',(1.,0.,0.));
#2549=DIRECTION('',(-1.,0.,0.));
#2550=DIRECTION('',(1.,0.,0.));
#2551=DIRECTION('center_axis',(0.,-1.22464679914735E-16,-1.));
#2552=DIRECTION('ref_axis',(1.,0.,0.));
#2553=DIRECTION('',(1.,0.,0.));
#2554=DIRECTION('',(-1.,0.,0.));
#2555=DIRECTION('center_axis',(-1.,0.,0.));
#2556=DIRECTION('ref_axis',(0.,1.,-1.22464679914735E-16));
#2557=DIRECTION('',(0.,-1.,1.22464679914735E-16));
#2558=DIRECTION('center_axis',(1.,0.,0.));
#2559=DIRECTION('ref_axis',(0.,-1.,1.22464679914735E-16));
#2560=DIRECTION('',(0.,1.,-1.22464679914735E-16));
#2561=DIRECTION('center_axis',(-1.,1.45603019622971E-15,-1.78312271927461E-31));
#2562=DIRECTION('ref_axis',(1.45603019622971E-15,1.,-1.22464679914735E-16));
#2563=DIRECTION('',(0.,-1.22464679914735E-16,-1.));
#2564=DIRECTION('',(0.,-1.22464679914735E-16,-1.));
#2565=DIRECTION('',(-2.96059473233375E-16,1.,-1.22464679914735E-16));
#2566=DIRECTION('center_axis',(0.,1.,-1.22464679914735E-16));
#2567=DIRECTION('ref_axis',(1.,0.,0.));
#2568=DIRECTION('',(0.,-1.22464679914735E-16,-1.));
#2569=DIRECTION('center_axis',(1.,0.,0.));
#2570=DIRECTION('ref_axis',(0.,-1.,1.22464679914735E-16));
#2571=DIRECTION('',(0.,-1.22464679914735E-16,-1.));
#2572=DIRECTION('center_axis',(0.,-1.,1.22464679914735E-16));
#2573=DIRECTION('ref_axis',(-1.,0.,0.));
#2574=DIRECTION('',(0.,-1.22464679914735E-16,-1.));
#2575=DIRECTION('',(1.,0.,0.));
#2576=DIRECTION('center_axis',(-1.,0.,0.));
#2577=DIRECTION('ref_axis',(0.,1.,-1.22464679914735E-16));
#2578=DIRECTION('',(0.,-1.,1.22464679914735E-16));
#2579=DIRECTION('center_axis',(1.,0.,0.));
#2580=DIRECTION('ref_axis',(0.,-1.,1.22464679914735E-16));
#2581=DIRECTION('',(0.,1.,-1.22464679914735E-16));
#2582=DIRECTION('center_axis',(0.,-1.22464679914735E-16,-1.));
#2583=DIRECTION('ref_axis',(-0.707106781186547,0.707106781186547,-8.65956056235493E-17));
#2584=DIRECTION('',(0.,-1.22464679914735E-16,-1.));
#2585=DIRECTION('center_axis',(0.,1.22464679914735E-16,1.));
#2586=DIRECTION('ref_axis',(-0.707106781186547,0.707106781186547,-8.65956056235493E-17));
#2587=DIRECTION('center_axis',(0.,-1.22464679914735E-16,-1.));
#2588=DIRECTION('ref_axis',(1.,0.,0.));
#2589=DIRECTION('',(1.,0.,0.));
#2590=DIRECTION('center_axis',(0.,1.22464679914735E-16,1.));
#2591=DIRECTION('ref_axis',(0.707106781186547,0.707106781186547,-8.65956056235493E-17));
#2592=DIRECTION('',(0.,-1.,1.22464679914735E-16));
#2593=DIRECTION('center_axis',(0.,-1.22464679914735E-16,-1.));
#2594=DIRECTION('ref_axis',(0.707106781186547,0.707106781186547,-8.65956056235493E-17));
#2595=DIRECTION('',(0.,-1.22464679914735E-16,-1.));
#2596=DIRECTION('',(0.,1.22464679914735E-16,1.));
#2597=DIRECTION('center_axis',(1.,0.,0.));
#2598=DIRECTION('ref_axis',(0.,-1.,1.22464679914735E-16));
#2599=DIRECTION('center_axis',(0.,1.,-1.22464679914735E-16));
#2600=DIRECTION('ref_axis',(1.,0.,0.));
#2601=CARTESIAN_POINT('',(0.,0.,0.));
#2602=CARTESIAN_POINT('Origin',(2.5,-10.925,18.5561306165168));
#2603=CARTESIAN_POINT('',(-5.,-10.425,18.5561306165168));
#2604=CARTESIAN_POINT('',(-5.,-10.675,18.1231179146246));
#2605=CARTESIAN_POINT('Origin',(-5.,-10.925,18.5561306165168));
#2606=CARTESIAN_POINT('',(5.,-10.675,18.1231179146246));
#2607=CARTESIAN_POINT('',(2.5,-10.675,18.1231179146246));
#2608=CARTESIAN_POINT('',(5.,-10.425,18.5561306165168));
#2609=CARTESIAN_POINT('Origin',(5.,-10.925,18.5561306165168));
#2610=CARTESIAN_POINT('',(2.5,-10.425,18.5561306165168));
#2611=CARTESIAN_POINT('Origin',(5.,-10.925,17.1901052127324));
#2612=CARTESIAN_POINT('',(5.,-10.675,16.2570925108401));
#2613=CARTESIAN_POINT('',(5.,-10.425,15.8240798089479));
#2614=CARTESIAN_POINT('Origin',(5.,-10.925,15.8240798089479));
#2615=CARTESIAN_POINT('Origin',(5.,-10.425,17.1901052127324));
#2616=CARTESIAN_POINT('Origin',(5.,-10.675,17.1901052127324));
#2617=CARTESIAN_POINT('Origin',(-2.5,-10.925,15.8240798089479));
#2618=CARTESIAN_POINT('',(-5.,-10.675,16.2570925108401));
#2619=CARTESIAN_POINT('',(-5.,-10.425,15.8240798089479));
#2620=CARTESIAN_POINT('Origin',(-5.,-10.925,15.8240798089479));
#2621=CARTESIAN_POINT('',(-2.5,-10.425,15.8240798089479));
#2622=CARTESIAN_POINT('',(-2.5,-10.675,16.2570925108401));
#2623=CARTESIAN_POINT('Origin',(-5.,-10.925,17.1901052127324));
#2624=CARTESIAN_POINT('Origin',(-5.,-10.425,17.1901052127324));
#2625=CARTESIAN_POINT('Origin',(-5.,-10.675,17.1901052127324));
#2626=CARTESIAN_POINT('Ctrl Pts',(5.,-10.675,16.2570925108401));
#2627=CARTESIAN_POINT('Ctrl Pts',(5.93301270189222,-10.675,16.2570925108401));
#2628=CARTESIAN_POINT('Ctrl Pts',(5.93301270189222,-10.675,17.1901052127324));
#2629=CARTESIAN_POINT('Ctrl Pts',(5.93301270189222,-10.675,18.1231179146246));
#2630=CARTESIAN_POINT('Ctrl Pts',(5.,-10.675,18.1231179146246));
#2631=CARTESIAN_POINT('Ctrl Pts',(5.,-10.925,16.4014300781375));
#2632=CARTESIAN_POINT('Ctrl Pts',(5.78867513459481,-10.925,16.4014300781375));
#2633=CARTESIAN_POINT('Ctrl Pts',(5.78867513459481,-10.925,17.1901052127324));
#2634=CARTESIAN_POINT('Ctrl Pts',(5.78867513459481,-10.925,17.9787803473272));
#2635=CARTESIAN_POINT('Ctrl Pts',(5.,-10.925,17.9787803473272));
#2636=CARTESIAN_POINT('Ctrl Pts',(5.,-10.925,16.6901052127324));
#2637=CARTESIAN_POINT('Ctrl Pts',(5.49999999999999,-10.925,16.6901052127324));
#2638=CARTESIAN_POINT('Ctrl Pts',(5.49999999999999,-10.925,17.1901052127324));
#2639=CARTESIAN_POINT('Ctrl Pts',(5.49999999999999,-10.925,17.6901052127324));
#2640=CARTESIAN_POINT('Ctrl Pts',(5.,-10.925,17.6901052127324));
#2641=CARTESIAN_POINT('',(5.,-10.925,17.6901052127324));
#2642=CARTESIAN_POINT('Origin',(5.,-10.425,17.6901052127324));
#2643=CARTESIAN_POINT('',(5.,-10.925,16.6901052127324));
#2644=CARTESIAN_POINT('Origin',(5.,-10.925,17.1901052127324));
#2645=CARTESIAN_POINT('Origin',(5.,-10.425,16.6901052127324));
#2646=CARTESIAN_POINT('Origin',(2.5,-10.425,17.6901052127324));
#2647=CARTESIAN_POINT('',(-5.,-10.925,17.6901052127324));
#2648=CARTESIAN_POINT('Origin',(-5.,-10.425,17.6901052127324));
#2649=CARTESIAN_POINT('',(2.5,-10.925,17.6901052127324));
#2650=CARTESIAN_POINT('Origin',(25.55,-10.425,20.));
#2651=CARTESIAN_POINT('',(-25.55,-10.425,20.));
#2652=CARTESIAN_POINT('',(25.55,-10.425,20.));
#2653=CARTESIAN_POINT('',(12.775,-10.425,20.));
#2654=CARTESIAN_POINT('',(-25.55,-10.425,12.));
#2655=CARTESIAN_POINT('',(-25.55,-10.425,20.));
#2656=CARTESIAN_POINT('',(25.55,-10.425,12.));
#2657=CARTESIAN_POINT('',(-25.55,-10.425,12.));
#2658=CARTESIAN_POINT('',(25.55,-10.425,20.));
#2659=CARTESIAN_POINT('Origin',(5.,10.975,17.1901052127324));
#2660=CARTESIAN_POINT('',(5.,10.475,15.8240798089479));
#2661=CARTESIAN_POINT('',(5.,10.725,16.2570925108401));
#2662=CARTESIAN_POINT('Origin',(5.,10.975,15.8240798089479));
#2663=CARTESIAN_POINT('',(5.,10.725,18.1231179146246));
#2664=CARTESIAN_POINT('Origin',(5.,10.725,17.1901052127324));
#2665=CARTESIAN_POINT('',(5.,10.475,18.5561306165168));
#2666=CARTESIAN_POINT('Origin',(5.,10.975,18.5561306165168));
#2667=CARTESIAN_POINT('Origin',(5.,10.475,17.1901052127324));
#2668=CARTESIAN_POINT('Origin',(2.5,10.975,18.5561306165168));
#2669=CARTESIAN_POINT('',(-5.,10.725,18.1231179146246));
#2670=CARTESIAN_POINT('',(-5.,10.475,18.5561306165168));
#2671=CARTESIAN_POINT('Origin',(-5.,10.975,18.5561306165168));
#2672=CARTESIAN_POINT('',(2.5,10.475,18.5561306165168));
#2673=CARTESIAN_POINT('',(2.5,10.725,18.1231179146246));
#2674=CARTESIAN_POINT('Origin',(-5.,10.975,17.1901052127324));
#2675=CARTESIAN_POINT('',(-5.,10.725,16.2570925108401));
#2676=CARTESIAN_POINT('',(-5.,10.475,15.8240798089479));
#2677=CARTESIAN_POINT('Origin',(-5.,10.975,15.8240798089479));
#2678=CARTESIAN_POINT('Origin',(-5.,10.475,17.1901052127324));
#2679=CARTESIAN_POINT('Origin',(-5.,10.725,17.1901052127324));
#2680=CARTESIAN_POINT('Origin',(-2.5,10.975,15.8240798089479));
#2681=CARTESIAN_POINT('',(-2.5,10.475,15.8240798089479));
#2682=CARTESIAN_POINT('',(-2.5,10.725,16.2570925108401));
#2683=CARTESIAN_POINT('Origin',(2.5,10.475,17.6901052127324));
#2684=CARTESIAN_POINT('',(5.,10.975,17.6901052127324));
#2685=CARTESIAN_POINT('Origin',(5.,10.475,17.6901052127324));
#2686=CARTESIAN_POINT('',(-5.,10.975,17.6901052127324));
#2687=CARTESIAN_POINT('',(2.5,10.975,17.6901052127324));
#2688=CARTESIAN_POINT('Origin',(-5.,10.475,17.6901052127324));
#2689=CARTESIAN_POINT('Ctrl Pts',(5.,10.975,16.6901052127324));
#2690=CARTESIAN_POINT('Ctrl Pts',(5.49999999999999,10.975,16.6901052127324));
#2691=CARTESIAN_POINT('Ctrl Pts',(5.49999999999999,10.975,17.1901052127324));
#2692=CARTESIAN_POINT('Ctrl Pts',(5.49999999999999,10.975,17.6901052127324));
#2693=CARTESIAN_POINT('Ctrl Pts',(5.,10.975,17.6901052127324));
#2694=CARTESIAN_POINT('Ctrl Pts',(5.,10.975,16.4014300781375));
#2695=CARTESIAN_POINT('Ctrl Pts',(5.78867513459481,10.975,16.4014300781375));
#2696=CARTESIAN_POINT('Ctrl Pts',(5.78867513459481,10.975,17.1901052127324));
#2697=CARTESIAN_POINT('Ctrl Pts',(5.78867513459481,10.975,17.9787803473272));
#2698=CARTESIAN_POINT('Ctrl Pts',(5.,10.975,17.9787803473272));
#2699=CARTESIAN_POINT('Ctrl Pts',(5.,10.725,16.2570925108401));
#2700=CARTESIAN_POINT('Ctrl Pts',(5.93301270189222,10.725,16.2570925108401));
#2701=CARTESIAN_POINT('Ctrl Pts',(5.93301270189222,10.725,17.1901052127324));
#2702=CARTESIAN_POINT('Ctrl Pts',(5.93301270189222,10.725,18.1231179146246));
#2703=CARTESIAN_POINT('Ctrl Pts',(5.,10.725,18.1231179146246));
#2704=CARTESIAN_POINT('',(5.,10.975,16.6901052127324));
#2705=CARTESIAN_POINT('Origin',(5.,10.475,16.6901052127324));
#2706=CARTESIAN_POINT('Origin',(5.,10.975,17.1901052127324));
#2707=CARTESIAN_POINT('Origin',(-25.55,10.475,20.));
#2708=CARTESIAN_POINT('',(25.6,10.475,20.));
#2709=CARTESIAN_POINT('',(-25.55,10.475,20.));
#2710=CARTESIAN_POINT('',(-12.775,10.475,20.));
#2711=CARTESIAN_POINT('',(25.6,10.475,12.));
#2712=CARTESIAN_POINT('',(25.6,10.475,20.));
#2713=CARTESIAN_POINT('',(-25.55,10.475,12.));
#2714=CARTESIAN_POINT('',(25.6,10.475,12.));
#2715=CARTESIAN_POINT('',(-25.55,10.475,20.));
#2716=CARTESIAN_POINT('Ctrl Pts',(-5.,10.975,17.6901052127324));
#2717=CARTESIAN_POINT('Ctrl Pts',(-5.5,10.975,17.6901052127324));
#2718=CARTESIAN_POINT('Ctrl Pts',(-5.5,10.975,17.1901052127324));
#2719=CARTESIAN_POINT('Ctrl Pts',(-5.5,10.975,16.6901052127324));
#2720=CARTESIAN_POINT('Ctrl Pts',(-5.,10.975,16.6901052127324));
#2721=CARTESIAN_POINT('Ctrl Pts',(-5.,10.975,17.9787803473272));
#2722=CARTESIAN_POINT('Ctrl Pts',(-5.78867513459482,10.975,17.9787803473272));
#2723=CARTESIAN_POINT('Ctrl Pts',(-5.78867513459482,10.975,17.1901052127324));
#2724=CARTESIAN_POINT('Ctrl Pts',(-5.78867513459482,10.975,16.4014300781375));
#2725=CARTESIAN_POINT('Ctrl Pts',(-5.,10.975,16.4014300781375));
#2726=CARTESIAN_POINT('Ctrl Pts',(-5.,10.725,18.1231179146246));
#2727=CARTESIAN_POINT('Ctrl Pts',(-5.93301270189222,10.725,18.1231179146246));
#2728=CARTESIAN_POINT('Ctrl Pts',(-5.93301270189222,10.725,17.1901052127324));
#2729=CARTESIAN_POINT('Ctrl Pts',(-5.93301270189222,10.725,16.2570925108401));
#2730=CARTESIAN_POINT('Ctrl Pts',(-5.,10.725,16.2570925108401));
#2731=CARTESIAN_POINT('',(-5.,10.975,16.6901052127324));
#2732=CARTESIAN_POINT('Origin',(-5.,10.975,17.1901052127324));
#2733=CARTESIAN_POINT('Origin',(-5.,10.475,16.6901052127324));
#2734=CARTESIAN_POINT('Origin',(-2.5,10.475,16.6901052127324));
#2735=CARTESIAN_POINT('',(-2.5,10.975,16.6901052127324));
#2736=CARTESIAN_POINT('Origin',(-4.44089209850063E-15,10.975,17.1901052127324));
#2737=CARTESIAN_POINT('Ctrl Pts',(-5.,-10.675,18.1231179146246));
#2738=CARTESIAN_POINT('Ctrl Pts',(-5.93301270189223,-10.675,18.1231179146246));
#2739=CARTESIAN_POINT('Ctrl Pts',(-5.93301270189223,-10.675,17.1901052127324));
#2740=CARTESIAN_POINT('Ctrl Pts',(-5.93301270189223,-10.675,16.2570925108401));
#2741=CARTESIAN_POINT('Ctrl Pts',(-5.,-10.675,16.2570925108401));
#2742=CARTESIAN_POINT('Ctrl Pts',(-5.,-10.925,17.9787803473272));
#2743=CARTESIAN_POINT('Ctrl Pts',(-5.78867513459482,-10.925,17.9787803473272));
#2744=CARTESIAN_POINT('Ctrl Pts',(-5.78867513459482,-10.925,17.1901052127324));
#2745=CARTESIAN_POINT('Ctrl Pts',(-5.78867513459482,-10.925,16.4014300781375));
#2746=CARTESIAN_POINT('Ctrl Pts',(-5.,-10.925,16.4014300781375));
#2747=CARTESIAN_POINT('Ctrl Pts',(-5.,-10.925,17.6901052127324));
#2748=CARTESIAN_POINT('Ctrl Pts',(-5.5,-10.925,17.6901052127324));
#2749=CARTESIAN_POINT('Ctrl Pts',(-5.5,-10.925,17.1901052127324));
#2750=CARTESIAN_POINT('Ctrl Pts',(-5.5,-10.925,16.6901052127324));
#2751=CARTESIAN_POINT('Ctrl Pts',(-5.,-10.925,16.6901052127324));
#2752=CARTESIAN_POINT('',(-5.,-10.925,16.6901052127324));
#2753=CARTESIAN_POINT('Origin',(-5.,-10.425,16.6901052127324));
#2754=CARTESIAN_POINT('Origin',(-5.,-10.925,17.1901052127324));
#2755=CARTESIAN_POINT('Origin',(-2.5,-10.425,16.6901052127324));
#2756=CARTESIAN_POINT('',(-2.5,-10.925,16.6901052127324));
#2757=CARTESIAN_POINT('Origin',(-4.44089209850063E-15,-10.925,17.1901052127324));
#2758=CARTESIAN_POINT('Origin',(11.275,-1.425,17.));
#2759=CARTESIAN_POINT('',(22.5500000000039,-1.425,20.));
#2760=CARTESIAN_POINT('',(22.55,-4.32128658802958,17.782));
#2761=CARTESIAN_POINT('Origin',(22.55,-1.425,17.));
#2762=CARTESIAN_POINT('',(25.55,-1.425,20.));
#2763=CARTESIAN_POINT('',(11.275,-1.425,20.));
#2764=CARTESIAN_POINT('',(25.55,-4.425,17.));
#2765=CARTESIAN_POINT('Origin',(25.55,-1.425,17.));
#2766=CARTESIAN_POINT('',(22.9219301279834,-4.425,17.));
#2767=CARTESIAN_POINT('',(11.275,-4.425,17.));
#2768=CARTESIAN_POINT('Origin',(22.9219301279834,-1.425,17.));
#2769=CARTESIAN_POINT('Origin',(22.55,-4.425,20.));
#2770=CARTESIAN_POINT('',(25.55,-4.425,12.));
#2771=CARTESIAN_POINT('',(25.55,-4.425,20.));
#2772=CARTESIAN_POINT('',(25.3,-4.425,12.));
#2773=CARTESIAN_POINT('',(25.55,-4.425,12.));
#2774=CARTESIAN_POINT('',(22.8073481686014,-4.425,17.2409137778716));
#2775=CARTESIAN_POINT('Origin',(12.8,1.47500000000004,17.));
#2776=CARTESIAN_POINT('',(22.9719301279834,4.47500000000002,17.));
#2777=CARTESIAN_POINT('',(22.6,4.37128658802959,17.782));
#2778=CARTESIAN_POINT('Origin',(22.9719301279834,1.47500000000002,17.));
#2779=CARTESIAN_POINT('',(25.6,4.47500000000001,17.));
#2780=CARTESIAN_POINT('',(12.8,4.47500000000004,17.));
#2781=CARTESIAN_POINT('',(25.6,1.47500000000001,20.));
#2782=CARTESIAN_POINT('Origin',(25.6,1.47500000000001,17.));
#2783=CARTESIAN_POINT('',(22.6,1.47500000000002,20.));
#2784=CARTESIAN_POINT('',(12.8,1.47500000000004,20.));
#2785=CARTESIAN_POINT('Origin',(22.6,1.47500000000002,17.));
#2786=CARTESIAN_POINT('Origin',(25.6,4.47500000000001,20.));
#2787=CARTESIAN_POINT('',(25.35,4.47500000000001,12.));
#2788=CARTESIAN_POINT('',(23.1340653310834,4.47500000000002,16.6591033657003));
#2789=CARTESIAN_POINT('',(25.6,4.47500000000001,12.));
#2790=CARTESIAN_POINT('',(25.6,4.47500000000001,12.));
#2791=CARTESIAN_POINT('',(25.6,4.47500000000001,20.));
#2792=CARTESIAN_POINT('Origin',(23.925,-3.72500000000001,14.891));
#2793=CARTESIAN_POINT('',(22.5500000000039,-7.47499999994746,17.782));
#2794=CARTESIAN_POINT('',(22.55,-5.6,17.782));
#2795=CARTESIAN_POINT('',(25.3,-10.225,12.));
#2796=CARTESIAN_POINT('',(25.3,-3.72500000000001,12.));
#2797=CARTESIAN_POINT('',(25.3,-10.225,12.));
#2798=CARTESIAN_POINT('Origin',(-11.2625,-8.85,14.891));
#2799=CARTESIAN_POINT('',(-25.3,-10.225,12.));
#2800=CARTESIAN_POINT('',(-11.2625,-10.225,12.));
#2801=CARTESIAN_POINT('',(-22.5499999999961,-7.47499999994746,17.782));
#2802=CARTESIAN_POINT('',(-25.3,-10.225,12.));
#2803=CARTESIAN_POINT('',(-11.2625,-7.475,17.782));
#2804=CARTESIAN_POINT('Origin',(-23.925,3.775,14.891));
#2805=CARTESIAN_POINT('',(-25.3,10.275,12.));
#2806=CARTESIAN_POINT('',(-25.3,3.775,12.));
#2807=CARTESIAN_POINT('',(-22.5499999999961,7.52500000005255,17.782));
#2808=CARTESIAN_POINT('',(-25.3,10.275,12.));
#2809=CARTESIAN_POINT('',(-22.55,3.775,17.782));
#2810=CARTESIAN_POINT('Origin',(11.3125,8.9,14.891));
#2811=CARTESIAN_POINT('',(22.6,7.525,17.782));
#2812=CARTESIAN_POINT('',(11.3125,7.525,17.782));
#2813=CARTESIAN_POINT('',(25.35,10.275,12.));
#2814=CARTESIAN_POINT('',(11.3125,10.275,12.));
#2815=CARTESIAN_POINT('',(25.35,10.275,12.));
#2816=CARTESIAN_POINT('Origin',(23.975,2.25000000000001,14.891));
#2817=CARTESIAN_POINT('',(25.35,2.25000000000001,12.));
#2818=CARTESIAN_POINT('',(22.6,2.25000000000001,17.782));
#2819=CARTESIAN_POINT('Origin',(0.0249999999999906,0.0250000000000039,12.));
#2820=CARTESIAN_POINT('',(25.55,-7.425,12.));
#2821=CARTESIAN_POINT('',(-25.55,10.475,12.));
#2822=CARTESIAN_POINT('',(25.6,7.475,12.));
#2823=CARTESIAN_POINT('Origin',(-28.2,-6.775,22.5));
#2824=CARTESIAN_POINT('',(-27.7,10.625,23.));
#2825=CARTESIAN_POINT('',(-28.7,10.625,22.));
#2826=CARTESIAN_POINT('',(-27.7,10.625,23.));
#2827=CARTESIAN_POINT('',(-28.7,-10.575,22.));
#2828=CARTESIAN_POINT('',(-28.7,-6.775,22.));
#2829=CARTESIAN_POINT('',(-27.7,-10.575,23.));
#2830=CARTESIAN_POINT('',(-28.7,-10.575,22.));
#2831=CARTESIAN_POINT('',(-27.7,-6.775,23.));
#2832=CARTESIAN_POINT('Origin',(-25.7,10.625,22.5));
#2833=CARTESIAN_POINT('',(-25.7,12.625,23.));
#2834=CARTESIAN_POINT('',(-25.7,13.625,22.));
#2835=CARTESIAN_POINT('',(-25.7,12.625,23.));
#2836=CARTESIAN_POINT('Origin',(-25.7,10.625,22.));
#2837=CARTESIAN_POINT('Origin',(-25.7,10.625,23.));
#2838=CARTESIAN_POINT('Origin',(-14.35,13.125,22.5));
#2839=CARTESIAN_POINT('',(25.7,12.625,23.));
#2840=CARTESIAN_POINT('',(25.7,13.625,22.));
#2841=CARTESIAN_POINT('',(25.7,12.625,23.));
#2842=CARTESIAN_POINT('',(-14.35,13.625,22.));
#2843=CARTESIAN_POINT('',(-14.35,12.625,23.));
#2844=CARTESIAN_POINT('Origin',(25.7,10.625,22.5));
#2845=CARTESIAN_POINT('',(27.7,10.625,23.));
#2846=CARTESIAN_POINT('',(28.7,10.625,22.));
#2847=CARTESIAN_POINT('',(27.7,10.625,23.));
#2848=CARTESIAN_POINT('Origin',(25.7,10.625,22.));
#2849=CARTESIAN_POINT('Origin',(25.7,10.625,23.));
#2850=CARTESIAN_POINT('Origin',(28.2,6.825,22.5));
#2851=CARTESIAN_POINT('',(27.7,-10.575,23.));
#2852=CARTESIAN_POINT('',(28.7,-10.575,22.));
#2853=CARTESIAN_POINT('',(27.7,-10.575,23.));
#2854=CARTESIAN_POINT('',(28.7,6.825,22.));
#2855=CARTESIAN_POINT('',(27.7,6.825,23.));
#2856=CARTESIAN_POINT('Origin',(25.7,-10.575,22.5));
#2857=CARTESIAN_POINT('',(25.7,-12.575,23.));
#2858=CARTESIAN_POINT('',(25.7,-13.575,22.));
#2859=CARTESIAN_POINT('',(25.7,-12.575,23.));
#2860=CARTESIAN_POINT('Origin',(25.7,-10.575,22.));
#2861=CARTESIAN_POINT('Origin',(25.7,-10.575,23.));
#2862=CARTESIAN_POINT('Origin',(14.35,-13.075,22.5));
#2863=CARTESIAN_POINT('',(-25.7,-12.575,23.));
#2864=CARTESIAN_POINT('',(-25.7,-13.575,22.));
#2865=CARTESIAN_POINT('',(-25.7,-12.575,23.));
#2866=CARTESIAN_POINT('',(14.35,-13.575,22.));
#2867=CARTESIAN_POINT('',(14.35,-12.575,23.));
#2868=CARTESIAN_POINT('Origin',(-25.7,-10.575,22.5));
#2869=CARTESIAN_POINT('Origin',(-25.7,-10.575,22.));
#2870=CARTESIAN_POINT('Origin',(-25.7,-10.575,23.));
#2871=CARTESIAN_POINT('Origin',(25.7,-10.575,23.));
#2872=CARTESIAN_POINT('',(25.7,-13.575,20.));
#2873=CARTESIAN_POINT('',(25.7,-13.575,23.));
#2874=CARTESIAN_POINT('',(28.7,-10.575,20.));
#2875=CARTESIAN_POINT('Origin',(25.7,-10.575,20.));
#2876=CARTESIAN_POINT('',(28.7,-10.575,23.));
#2877=CARTESIAN_POINT('Origin',(28.7,-13.575,23.));
#2878=CARTESIAN_POINT('',(-25.7,-13.575,20.));
#2879=CARTESIAN_POINT('',(-25.7,-13.575,23.));
#2880=CARTESIAN_POINT('',(28.7,-13.575,20.));
#2881=CARTESIAN_POINT('Origin',(-25.7,-10.575,23.));
#2882=CARTESIAN_POINT('',(-28.7,-10.575,20.));
#2883=CARTESIAN_POINT('',(-28.7,-10.575,23.));
#2884=CARTESIAN_POINT('Origin',(-25.7,-10.575,20.));
#2885=CARTESIAN_POINT('Origin',(-28.7,-13.575,23.));
#2886=CARTESIAN_POINT('',(-28.7,10.625,20.));
#2887=CARTESIAN_POINT('',(-28.7,10.625,23.));
#2888=CARTESIAN_POINT('',(-28.7,-13.575,20.));
#2889=CARTESIAN_POINT('Origin',(-4.44089209850063E-15,0.024999999999995,
23.));
#2890=CARTESIAN_POINT('',(13.3666666666706,-7.47499999994746,23.));
#2891=CARTESIAN_POINT('',(13.3666666666706,7.52500000005255,23.));
#2892=CARTESIAN_POINT('',(13.3666666666706,-3.72499999997373,23.));
#2893=CARTESIAN_POINT('',(15.3666666666706,7.52500000005255,23.));
#2894=CARTESIAN_POINT('',(6.68333333333528,7.52500000005255,23.));
#2895=CARTESIAN_POINT('',(15.3666666666706,-7.47499999994746,23.));
#2896=CARTESIAN_POINT('',(15.3666666666706,3.77500000002627,23.));
#2897=CARTESIAN_POINT('',(7.68333333333528,-7.47499999994746,23.));
#2898=CARTESIAN_POINT('',(1.00000000000391,-7.47499999994746,23.));
#2899=CARTESIAN_POINT('',(-0.999999999996094,-7.47499999994746,23.));
#2900=CARTESIAN_POINT('',(0.500000000001951,-7.47499999994746,23.));
#2901=CARTESIAN_POINT('',(-0.999999999996094,7.52500000005255,23.));
#2902=CARTESIAN_POINT('',(-0.999999999996094,-3.72499999997373,23.));
#2903=CARTESIAN_POINT('',(1.0000000000039,7.52500000005255,23.));
#2904=CARTESIAN_POINT('',(-0.499999999998049,7.52500000005255,23.));
#2905=CARTESIAN_POINT('',(1.0000000000039,3.77500000002627,23.));
#2906=CARTESIAN_POINT('',(-15.3666666666628,-7.47499999994746,23.));
#2907=CARTESIAN_POINT('',(-15.3666666666628,7.52500000005255,23.));
#2908=CARTESIAN_POINT('',(-15.3666666666628,-3.72499999997373,23.));
#2909=CARTESIAN_POINT('',(-13.3666666666628,7.52500000005255,23.));
#2910=CARTESIAN_POINT('',(-7.68333333333138,7.52500000005255,23.));
#2911=CARTESIAN_POINT('',(-13.3666666666628,-7.47499999994746,23.));
#2912=CARTESIAN_POINT('',(-13.3666666666628,3.77500000002627,23.));
#2913=CARTESIAN_POINT('',(-6.68333333333138,-7.47499999994746,23.));
#2914=CARTESIAN_POINT('',(-18.9583333333294,-7.47499999994746,23.));
#2915=CARTESIAN_POINT('',(-18.9583333333294,7.52500000005255,23.));
#2916=CARTESIAN_POINT('',(-18.9583333333294,-3.72499999997373,23.));
#2917=CARTESIAN_POINT('',(-16.9583333333294,7.52500000005255,23.));
#2918=CARTESIAN_POINT('',(-9.47916666666471,7.52500000005255,23.));
#2919=CARTESIAN_POINT('',(-16.9583333333294,-7.47499999994746,23.));
#2920=CARTESIAN_POINT('',(-16.9583333333294,3.77500000002627,23.));
#2921=CARTESIAN_POINT('',(-8.47916666666471,-7.47499999994746,23.));
#2922=CARTESIAN_POINT('',(-4.59166666666276,-7.47499999994746,23.));
#2923=CARTESIAN_POINT('',(-4.59166666666276,7.52500000005255,23.));
#2924=CARTESIAN_POINT('',(-4.59166666666276,-3.72499999997373,23.));
#2925=CARTESIAN_POINT('',(-2.59166666666276,7.52500000005255,23.));
#2926=CARTESIAN_POINT('',(-2.29583333333138,7.52500000005255,23.));
#2927=CARTESIAN_POINT('',(-2.59166666666276,-7.47499999994746,23.));
#2928=CARTESIAN_POINT('',(-2.59166666666276,3.77500000002627,23.));
#2929=CARTESIAN_POINT('',(-1.29583333333138,-7.47499999994746,23.));
#2930=CARTESIAN_POINT('',(9.7750000000039,-7.47499999994746,23.));
#2931=CARTESIAN_POINT('',(9.7750000000039,7.52500000005255,23.));
#2932=CARTESIAN_POINT('',(9.7750000000039,-3.72499999997373,23.));
#2933=CARTESIAN_POINT('',(11.7750000000039,7.52500000005255,23.));
#2934=CARTESIAN_POINT('',(4.88750000000195,7.52500000005255,23.));
#2935=CARTESIAN_POINT('',(11.7750000000039,-7.47499999994746,23.));
#2936=CARTESIAN_POINT('',(11.7750000000039,3.77500000002627,23.));
#2937=CARTESIAN_POINT('',(5.88750000000195,-7.47499999994746,23.));
#2938=CARTESIAN_POINT('',(16.9583333333372,-7.47499999994746,23.));
#2939=CARTESIAN_POINT('',(16.9583333333372,7.52500000005255,23.));
#2940=CARTESIAN_POINT('',(16.9583333333372,-3.72499999997373,23.));
#2941=CARTESIAN_POINT('',(18.9583333333372,7.52500000005255,23.));
#2942=CARTESIAN_POINT('',(8.47916666666862,7.52500000005255,23.));
#2943=CARTESIAN_POINT('',(18.9583333333372,-7.47499999994746,23.));
#2944=CARTESIAN_POINT('',(18.9583333333372,3.77500000002627,23.));
#2945=CARTESIAN_POINT('',(9.47916666666862,-7.47499999994746,23.));
#2946=CARTESIAN_POINT('',(2.59166666667057,-7.47499999994746,23.));
#2947=CARTESIAN_POINT('',(2.59166666667057,7.52500000005255,23.));
#2948=CARTESIAN_POINT('',(2.59166666667057,-3.72499999997373,23.));
#2949=CARTESIAN_POINT('',(4.59166666667057,7.52500000005255,23.));
#2950=CARTESIAN_POINT('',(1.29583333333528,7.52500000005255,23.));
#2951=CARTESIAN_POINT('',(4.59166666667057,-7.47499999994746,23.));
#2952=CARTESIAN_POINT('',(4.59166666667057,3.77500000002627,23.));
#2953=CARTESIAN_POINT('',(2.29583333333528,-7.47499999994746,23.));
#2954=CARTESIAN_POINT('',(-11.7749999999961,-7.47499999994746,23.));
#2955=CARTESIAN_POINT('',(-11.7749999999961,7.52500000005255,23.));
#2956=CARTESIAN_POINT('',(-11.7749999999961,-3.72499999997373,23.));
#2957=CARTESIAN_POINT('',(-9.77499999999609,7.52500000005255,23.));
#2958=CARTESIAN_POINT('',(-5.88749999999805,7.52500000005255,23.));
#2959=CARTESIAN_POINT('',(-9.77499999999609,-7.47499999994746,23.));
#2960=CARTESIAN_POINT('',(-9.77499999999609,3.77500000002627,23.));
#2961=CARTESIAN_POINT('',(-4.88749999999805,-7.47499999994746,23.));
#2962=CARTESIAN_POINT('',(-22.5499999999961,-7.47499999994746,23.));
#2963=CARTESIAN_POINT('',(-22.5499999999961,7.52500000005255,23.));
#2964=CARTESIAN_POINT('',(-22.5499999999961,-3.72499999997373,23.));
#2965=CARTESIAN_POINT('',(-20.5499999999961,7.52500000005255,23.));
#2966=CARTESIAN_POINT('',(-11.274999999998,7.52500000005255,23.));
#2967=CARTESIAN_POINT('',(-20.5499999999961,-7.47499999994746,23.));
#2968=CARTESIAN_POINT('',(-20.5499999999961,3.77500000002627,23.));
#2969=CARTESIAN_POINT('',(-10.274999999998,-7.47499999994746,23.));
#2970=CARTESIAN_POINT('',(-8.18333333332943,-7.47499999994746,23.));
#2971=CARTESIAN_POINT('',(-8.18333333332943,7.52500000005255,23.));
#2972=CARTESIAN_POINT('',(-8.18333333332943,-3.72499999997373,23.));
#2973=CARTESIAN_POINT('',(-6.18333333332943,7.52500000005255,23.));
#2974=CARTESIAN_POINT('',(-4.09166666666472,7.52500000005255,23.));
#2975=CARTESIAN_POINT('',(-6.18333333332943,-7.47499999994746,23.));
#2976=CARTESIAN_POINT('',(-6.18333333332943,3.77500000002627,23.));
#2977=CARTESIAN_POINT('',(-3.09166666666472,-7.47499999994746,23.));
#2978=CARTESIAN_POINT('',(6.18333333333724,-7.47499999994746,23.));
#2979=CARTESIAN_POINT('',(6.18333333333724,7.52500000005255,23.));
#2980=CARTESIAN_POINT('',(6.18333333333724,-3.72499999997373,23.));
#2981=CARTESIAN_POINT('',(8.18333333333724,7.52500000005255,23.));
#2982=CARTESIAN_POINT('',(3.09166666666862,7.52500000005255,23.));
#2983=CARTESIAN_POINT('',(8.18333333333724,-7.47499999994746,23.));
#2984=CARTESIAN_POINT('',(8.18333333333724,3.77500000002627,23.));
#2985=CARTESIAN_POINT('',(4.09166666666862,-7.47499999994746,23.));
#2986=CARTESIAN_POINT('',(20.5500000000039,-7.47499999994746,23.));
#2987=CARTESIAN_POINT('',(20.5500000000039,7.52500000005255,23.));
#2988=CARTESIAN_POINT('',(20.5500000000039,-3.72499999997373,23.));
#2989=CARTESIAN_POINT('',(22.5500000000039,7.52500000005255,23.));
#2990=CARTESIAN_POINT('',(10.275000000002,7.52500000005255,23.));
#2991=CARTESIAN_POINT('',(22.5500000000039,-7.47499999994746,23.));
#2992=CARTESIAN_POINT('',(22.5500000000039,3.77500000002628,23.));
#2993=CARTESIAN_POINT('',(11.2750000000019,-7.47499999994746,23.));
#2994=CARTESIAN_POINT('Origin',(13.3666666666706,-7.47499999994746,23.));
#2995=CARTESIAN_POINT('',(13.3666666666706,-7.47499999994746,20.));
#2996=CARTESIAN_POINT('',(13.3666666666706,-7.47499999994746,23.));
#2997=CARTESIAN_POINT('',(13.3666666666706,7.52500000005255,20.));
#2998=CARTESIAN_POINT('',(13.3666666666706,-3.72499999997373,20.));
#2999=CARTESIAN_POINT('',(13.3666666666706,7.52500000005255,23.));
#3000=CARTESIAN_POINT('Origin',(15.3666666666706,7.52500000005255,23.));
#3001=CARTESIAN_POINT('',(15.3666666666706,7.52500000005255,20.));
#3002=CARTESIAN_POINT('',(15.3666666666706,7.52500000005255,23.));
#3003=CARTESIAN_POINT('',(15.3666666666706,-7.47499999994746,20.));
#3004=CARTESIAN_POINT('',(15.3666666666706,3.77500000002627,20.));
#3005=CARTESIAN_POINT('',(15.3666666666706,-7.47499999994746,23.));
#3006=CARTESIAN_POINT('Origin',(1.0000000000039,7.52500000005255,23.));
#3007=CARTESIAN_POINT('',(1.0000000000039,7.52500000005255,20.));
#3008=CARTESIAN_POINT('',(1.0000000000039,7.52500000005255,23.));
#3009=CARTESIAN_POINT('',(1.00000000000391,-7.47499999994746,20.));
#3010=CARTESIAN_POINT('',(1.0000000000039,3.77500000002627,20.));
#3011=CARTESIAN_POINT('',(1.00000000000391,-7.47499999994746,23.));
#3012=CARTESIAN_POINT('Origin',(-0.999999999996094,-7.47499999994746,23.));
#3013=CARTESIAN_POINT('',(-0.999999999996094,-7.47499999994746,20.));
#3014=CARTESIAN_POINT('',(-0.999999999996094,-7.47499999994746,23.));
#3015=CARTESIAN_POINT('',(-0.999999999996094,7.52500000005255,20.));
#3016=CARTESIAN_POINT('',(-0.999999999996094,-3.72499999997373,20.));
#3017=CARTESIAN_POINT('',(-0.999999999996094,7.52500000005255,23.));
#3018=CARTESIAN_POINT('Origin',(-15.3666666666628,-7.47499999994746,23.));
#3019=CARTESIAN_POINT('',(-15.3666666666628,-7.47499999994746,20.));
#3020=CARTESIAN_POINT('',(-15.3666666666628,-7.47499999994746,23.));
#3021=CARTESIAN_POINT('',(-15.3666666666628,7.52500000005255,20.));
#3022=CARTESIAN_POINT('',(-15.3666666666628,-3.72499999997373,20.));
#3023=CARTESIAN_POINT('',(-15.3666666666628,7.52500000005255,23.));
#3024=CARTESIAN_POINT('Origin',(-13.3666666666628,7.52500000005255,23.));
#3025=CARTESIAN_POINT('',(-13.3666666666628,7.52500000005255,20.));
#3026=CARTESIAN_POINT('',(-13.3666666666628,7.52500000005255,23.));
#3027=CARTESIAN_POINT('',(-13.3666666666628,-7.47499999994746,20.));
#3028=CARTESIAN_POINT('',(-13.3666666666628,3.77500000002627,20.));
#3029=CARTESIAN_POINT('',(-13.3666666666628,-7.47499999994746,23.));
#3030=CARTESIAN_POINT('Origin',(-18.9583333333294,-7.47499999994746,23.));
#3031=CARTESIAN_POINT('',(-18.9583333333294,-7.47499999994746,20.));
#3032=CARTESIAN_POINT('',(-18.9583333333294,-7.47499999994746,23.));
#3033=CARTESIAN_POINT('',(-18.9583333333294,7.52500000005255,20.));
#3034=CARTESIAN_POINT('',(-18.9583333333294,-3.72499999997373,20.));
#3035=CARTESIAN_POINT('',(-18.9583333333294,7.52500000005255,23.));
#3036=CARTESIAN_POINT('Origin',(-16.9583333333294,7.52500000005255,23.));
#3037=CARTESIAN_POINT('',(-16.9583333333294,7.52500000005255,20.));
#3038=CARTESIAN_POINT('',(-16.9583333333294,7.52500000005255,23.));
#3039=CARTESIAN_POINT('',(-16.9583333333294,-7.47499999994746,20.));
#3040=CARTESIAN_POINT('',(-16.9583333333294,3.77500000002627,20.));
#3041=CARTESIAN_POINT('',(-16.9583333333294,-7.47499999994746,23.));
#3042=CARTESIAN_POINT('Origin',(-4.59166666666276,-7.47499999994746,23.));
#3043=CARTESIAN_POINT('',(-4.59166666666276,-7.47499999994746,20.));
#3044=CARTESIAN_POINT('',(-4.59166666666276,-7.47499999994746,23.));
#3045=CARTESIAN_POINT('',(-4.59166666666276,7.52500000005255,20.));
#3046=CARTESIAN_POINT('',(-4.59166666666276,-3.72499999997373,20.));
#3047=CARTESIAN_POINT('',(-4.59166666666276,7.52500000005255,23.));
#3048=CARTESIAN_POINT('Origin',(-2.59166666666276,7.52500000005255,23.));
#3049=CARTESIAN_POINT('',(-2.59166666666276,7.52500000005255,20.));
#3050=CARTESIAN_POINT('',(-2.59166666666276,7.52500000005255,23.));
#3051=CARTESIAN_POINT('',(-2.59166666666276,-7.47499999994746,20.));
#3052=CARTESIAN_POINT('',(-2.59166666666276,3.77500000002627,20.));
#3053=CARTESIAN_POINT('',(-2.59166666666276,-7.47499999994746,23.));
#3054=CARTESIAN_POINT('Origin',(9.7750000000039,-7.47499999994746,23.));
#3055=CARTESIAN_POINT('',(9.7750000000039,-7.47499999994746,20.));
#3056=CARTESIAN_POINT('',(9.7750000000039,-7.47499999994746,23.));
#3057=CARTESIAN_POINT('',(9.7750000000039,7.52500000005255,20.));
#3058=CARTESIAN_POINT('',(9.7750000000039,-3.72499999997373,20.));
#3059=CARTESIAN_POINT('',(9.7750000000039,7.52500000005255,23.));
#3060=CARTESIAN_POINT('Origin',(11.7750000000039,7.52500000005255,23.));
#3061=CARTESIAN_POINT('',(11.7750000000039,7.52500000005255,20.));
#3062=CARTESIAN_POINT('',(11.7750000000039,7.52500000005255,23.));
#3063=CARTESIAN_POINT('',(11.7750000000039,-7.47499999994746,20.));
#3064=CARTESIAN_POINT('',(11.7750000000039,3.77500000002627,20.));
#3065=CARTESIAN_POINT('',(11.7750000000039,-7.47499999994746,23.));
#3066=CARTESIAN_POINT('Origin',(16.9583333333372,-7.47499999994746,23.));
#3067=CARTESIAN_POINT('',(16.9583333333372,-7.47499999994746,20.));
#3068=CARTESIAN_POINT('',(16.9583333333372,-7.47499999994746,23.));
#3069=CARTESIAN_POINT('',(16.9583333333372,7.52500000005255,20.));
#3070=CARTESIAN_POINT('',(16.9583333333372,-3.72499999997373,20.));
#3071=CARTESIAN_POINT('',(16.9583333333372,7.52500000005255,23.));
#3072=CARTESIAN_POINT('Origin',(18.9583333333372,7.52500000005255,23.));
#3073=CARTESIAN_POINT('',(18.9583333333372,7.52500000005255,20.));
#3074=CARTESIAN_POINT('',(18.9583333333372,7.52500000005255,23.));
#3075=CARTESIAN_POINT('',(18.9583333333372,-7.47499999994746,20.));
#3076=CARTESIAN_POINT('',(18.9583333333372,3.77500000002627,20.));
#3077=CARTESIAN_POINT('',(18.9583333333372,-7.47499999994746,23.));
#3078=CARTESIAN_POINT('Origin',(2.59166666667057,-7.47499999994746,23.));
#3079=CARTESIAN_POINT('',(2.59166666667057,-7.47499999994746,20.));
#3080=CARTESIAN_POINT('',(2.59166666667057,-7.47499999994746,23.));
#3081=CARTESIAN_POINT('',(2.59166666667057,7.52500000005255,20.));
#3082=CARTESIAN_POINT('',(2.59166666667057,-3.72499999997373,20.));
#3083=CARTESIAN_POINT('',(2.59166666667057,7.52500000005255,23.));
#3084=CARTESIAN_POINT('Origin',(4.59166666667057,7.52500000005255,23.));
#3085=CARTESIAN_POINT('',(4.59166666667057,7.52500000005255,20.));
#3086=CARTESIAN_POINT('',(4.59166666667057,7.52500000005255,23.));
#3087=CARTESIAN_POINT('',(4.59166666667057,-7.47499999994746,20.));
#3088=CARTESIAN_POINT('',(4.59166666667057,3.77500000002627,20.));
#3089=CARTESIAN_POINT('',(4.59166666667057,-7.47499999994746,23.));
#3090=CARTESIAN_POINT('Origin',(-11.7749999999961,-7.47499999994746,23.));
#3091=CARTESIAN_POINT('',(-11.7749999999961,-7.47499999994746,20.));
#3092=CARTESIAN_POINT('',(-11.7749999999961,-7.47499999994746,23.));
#3093=CARTESIAN_POINT('',(-11.7749999999961,7.52500000005255,20.));
#3094=CARTESIAN_POINT('',(-11.7749999999961,-3.72499999997373,20.));
#3095=CARTESIAN_POINT('',(-11.7749999999961,7.52500000005255,23.));
#3096=CARTESIAN_POINT('Origin',(-9.77499999999609,7.52500000005255,23.));
#3097=CARTESIAN_POINT('',(-9.77499999999609,7.52500000005255,20.));
#3098=CARTESIAN_POINT('',(-9.77499999999609,7.52500000005255,23.));
#3099=CARTESIAN_POINT('',(-9.77499999999609,-7.47499999994746,20.));
#3100=CARTESIAN_POINT('',(-9.77499999999609,3.77500000002627,20.));
#3101=CARTESIAN_POINT('',(-9.77499999999609,-7.47499999994746,23.));
#3102=CARTESIAN_POINT('Origin',(-20.5499999999961,7.52500000005255,23.));
#3103=CARTESIAN_POINT('',(-20.5499999999961,7.52500000005255,20.));
#3104=CARTESIAN_POINT('',(-20.5499999999961,7.52500000005255,23.));
#3105=CARTESIAN_POINT('',(-20.5499999999961,-7.47499999994746,20.));
#3106=CARTESIAN_POINT('',(-20.5499999999961,3.77500000002627,20.));
#3107=CARTESIAN_POINT('',(-20.5499999999961,-7.47499999994746,23.));
#3108=CARTESIAN_POINT('Origin',(-8.18333333332943,-7.47499999994746,23.));
#3109=CARTESIAN_POINT('',(-8.18333333332943,-7.47499999994746,20.));
#3110=CARTESIAN_POINT('',(-8.18333333332943,-7.47499999994746,23.));
#3111=CARTESIAN_POINT('',(-8.18333333332943,7.52500000005255,20.));
#3112=CARTESIAN_POINT('',(-8.18333333332943,-3.72499999997373,20.));
#3113=CARTESIAN_POINT('',(-8.18333333332943,7.52500000005255,23.));
#3114=CARTESIAN_POINT('Origin',(-6.18333333332943,7.52500000005255,23.));
#3115=CARTESIAN_POINT('',(-6.18333333332943,7.52500000005255,20.));
#3116=CARTESIAN_POINT('',(-6.18333333332943,7.52500000005255,23.));
#3117=CARTESIAN_POINT('',(-6.18333333332943,-7.47499999994746,20.));
#3118=CARTESIAN_POINT('',(-6.18333333332943,3.77500000002627,20.));
#3119=CARTESIAN_POINT('',(-6.18333333332943,-7.47499999994746,23.));
#3120=CARTESIAN_POINT('Origin',(6.18333333333724,-7.47499999994746,23.));
#3121=CARTESIAN_POINT('',(6.18333333333724,-7.47499999994746,20.));
#3122=CARTESIAN_POINT('',(6.18333333333724,-7.47499999994746,23.));
#3123=CARTESIAN_POINT('',(6.18333333333724,7.52500000005255,20.));
#3124=CARTESIAN_POINT('',(6.18333333333724,-3.72499999997373,20.));
#3125=CARTESIAN_POINT('',(6.18333333333724,7.52500000005255,23.));
#3126=CARTESIAN_POINT('Origin',(8.18333333333724,7.52500000005255,23.));
#3127=CARTESIAN_POINT('',(8.18333333333724,7.52500000005255,20.));
#3128=CARTESIAN_POINT('',(8.18333333333724,7.52500000005255,23.));
#3129=CARTESIAN_POINT('',(8.18333333333724,-7.47499999994746,20.));
#3130=CARTESIAN_POINT('',(8.18333333333724,3.77500000002627,20.));
#3131=CARTESIAN_POINT('',(8.18333333333724,-7.47499999994746,23.));
#3132=CARTESIAN_POINT('Origin',(20.5500000000039,-7.47499999994746,23.));
#3133=CARTESIAN_POINT('',(20.5500000000039,-7.47499999994746,20.));
#3134=CARTESIAN_POINT('',(20.5500000000039,-7.47499999994746,23.));
#3135=CARTESIAN_POINT('',(20.5500000000039,7.52500000005255,20.));
#3136=CARTESIAN_POINT('',(20.5500000000039,-3.72499999997373,20.));
#3137=CARTESIAN_POINT('',(20.5500000000039,7.52500000005255,23.));
#3138=CARTESIAN_POINT('Origin',(-4.44089209850063E-15,0.024999999999995,
20.));
#3139=CARTESIAN_POINT('',(11.3,7.525,20.));
#3140=CARTESIAN_POINT('',(-11.275,-7.475,20.));
#3141=CARTESIAN_POINT('Origin',(-4.44089209850063E-15,0.024999999999995,
20.));
#3142=CARTESIAN_POINT('',(11.3,7.525,20.));
#3143=CARTESIAN_POINT('',(-11.275,-7.475,20.));
#3144=CARTESIAN_POINT('Origin',(-4.44089209850063E-15,0.024999999999995,
20.));
#3145=CARTESIAN_POINT('',(11.3,7.525,20.));
#3146=CARTESIAN_POINT('',(-11.275,-7.475,20.));
#3147=CARTESIAN_POINT('Origin',(-4.44089209850063E-15,0.024999999999995,
20.));
#3148=CARTESIAN_POINT('',(-11.275,-7.475,20.));
#3149=CARTESIAN_POINT('',(11.3,7.525,20.));
#3150=CARTESIAN_POINT('Origin',(-4.44089209850063E-15,0.024999999999995,
20.));
#3151=CARTESIAN_POINT('',(-11.275,-7.475,20.));
#3152=CARTESIAN_POINT('',(11.3,7.525,20.));
#3153=CARTESIAN_POINT('Origin',(-4.44089209850063E-15,0.024999999999995,
20.));
#3154=CARTESIAN_POINT('',(-11.275,-7.475,20.));
#3155=CARTESIAN_POINT('',(11.3,7.525,20.));
#3156=CARTESIAN_POINT('Origin',(-4.44089209850063E-15,0.024999999999995,
20.));
#3157=CARTESIAN_POINT('',(-11.275,-7.475,20.));
#3158=CARTESIAN_POINT('',(11.3,7.525,20.));
#3159=CARTESIAN_POINT('Origin',(-4.44089209850063E-15,0.024999999999995,
20.));
#3160=CARTESIAN_POINT('',(11.3,7.525,20.));
#3161=CARTESIAN_POINT('',(-11.275,-7.475,20.));
#3162=CARTESIAN_POINT('Origin',(-4.44089209850063E-15,0.024999999999995,
20.));
#3163=CARTESIAN_POINT('',(11.3,7.525,20.));
#3164=CARTESIAN_POINT('',(-11.275,-7.475,20.));
#3165=CARTESIAN_POINT('Origin',(-4.44089209850063E-15,0.024999999999995,
20.));
#3166=CARTESIAN_POINT('',(-11.275,-7.475,20.));
#3167=CARTESIAN_POINT('',(11.3,7.525,20.));
#3168=CARTESIAN_POINT('Origin',(-4.44089209850063E-15,0.024999999999995,
20.));
#3169=CARTESIAN_POINT('',(-11.275,-7.475,20.));
#3170=CARTESIAN_POINT('',(11.3,7.525,20.));
#3171=CARTESIAN_POINT('Origin',(-4.44089209850063E-15,0.024999999999995,
20.));
#3172=CARTESIAN_POINT('',(11.3,7.525,20.));
#3173=CARTESIAN_POINT('',(-11.275,-7.475,20.));
#3174=CARTESIAN_POINT('Origin',(-25.55,-10.425,20.));
#3175=CARTESIAN_POINT('',(-25.55,-5.2,20.));
#3176=CARTESIAN_POINT('Origin',(25.55,-4.425,20.));
#3177=CARTESIAN_POINT('',(25.55,-2.20000000000001,20.));
#3178=CARTESIAN_POINT('Origin',(22.55,-7.475,20.));
#3179=CARTESIAN_POINT('',(22.5500000000039,-7.47499999994746,23.));
#3180=CARTESIAN_POINT('',(22.5500000000039,7.52500000005255,20.));
#3181=CARTESIAN_POINT('',(22.5500000000039,7.52500000005255,23.));
#3182=CARTESIAN_POINT('',(22.5500000000039,3.77500000002628,20.));
#3183=CARTESIAN_POINT('Origin',(-22.55,-7.475,20.));
#3184=CARTESIAN_POINT('',(-22.5499999999961,-7.47499999994746,23.));
#3185=CARTESIAN_POINT('Origin',(-22.55,7.525,20.));
#3186=CARTESIAN_POINT('',(-22.5499999999961,7.52500000005255,23.));
#3187=CARTESIAN_POINT('Origin',(22.6,7.525,20.));
#3188=CARTESIAN_POINT('',(22.6,7.525,20.));
#3189=CARTESIAN_POINT('',(22.6,7.525,20.));
#3190=CARTESIAN_POINT('',(11.3,7.525,20.));
#3191=CARTESIAN_POINT('Origin',(22.6,4.47500000000002,20.));
#3192=CARTESIAN_POINT('',(22.6,2.25000000000001,20.));
#3193=CARTESIAN_POINT('Origin',(25.6,10.475,20.));
#3194=CARTESIAN_POINT('',(25.6,5.24999999999999,20.));
#3195=CARTESIAN_POINT('Origin',(-25.7,10.625,23.));
#3196=CARTESIAN_POINT('',(-25.7,13.625,20.));
#3197=CARTESIAN_POINT('',(-25.7,13.625,23.));
#3198=CARTESIAN_POINT('Origin',(-25.7,10.625,20.));
#3199=CARTESIAN_POINT('Origin',(-4.44089209850063E-15,0.024999999999995,
20.));
#3200=CARTESIAN_POINT('',(25.7,13.625,20.));
#3201=CARTESIAN_POINT('',(-28.7,13.625,20.));
#3202=CARTESIAN_POINT('',(28.7,10.625,20.));
#3203=CARTESIAN_POINT('Origin',(25.7,10.625,20.));
#3204=CARTESIAN_POINT('',(28.7,13.625,20.));
#3205=CARTESIAN_POINT('Origin',(25.7,10.625,23.));
#3206=CARTESIAN_POINT('',(28.7,10.625,23.));
#3207=CARTESIAN_POINT('',(25.7,13.625,23.));
#3208=CARTESIAN_POINT('Origin',(28.7,13.625,23.));
#3209=CARTESIAN_POINT('Origin',(-28.7,13.625,23.));
#3210=UNCERTAINTY_MEASURE_WITH_UNIT(LENGTH_MEASURE(0.01),#3214,
'DISTANCE_ACCURACY_VALUE',
'Maximum model space distance between geometric entities at asserted c
onnectivities');
#3211=UNCERTAINTY_MEASURE_WITH_UNIT(LENGTH_MEASURE(0.01),#3214,
'DISTANCE_ACCURACY_VALUE',
'Maximum model space distance between geometric entities at asserted c
onnectivities');
#3212=(
GEOMETRIC_REPRESENTATION_CONTEXT(3)
GLOBAL_UNCERTAINTY_ASSIGNED_CONTEXT((#3210))
GLOBAL_UNIT_ASSIGNED_CONTEXT((#3214,#3216,#3217))
REPRESENTATION_CONTEXT('','3D')
);
#3213=(
GEOMETRIC_REPRESENTATION_CONTEXT(3)
GLOBAL_UNCERTAINTY_ASSIGNED_CONTEXT((#3211))
GLOBAL_UNIT_ASSIGNED_CONTEXT((#3214,#3216,#3217))
REPRESENTATION_CONTEXT('','3D')
);
#3214=(
LENGTH_UNIT()
NAMED_UNIT(*)
SI_UNIT(.MILLI.,.METRE.)
);
#3215=(
LENGTH_UNIT()
NAMED_UNIT(*)
SI_UNIT($,.METRE.)
);
#3216=(
NAMED_UNIT(*)
PLANE_ANGLE_UNIT()
SI_UNIT($,.RADIAN.)
);
#3217=(
NAMED_UNIT(*)
SI_UNIT($,.STERADIAN.)
SOLID_ANGLE_UNIT()
);
#3218=SHAPE_DEFINITION_REPRESENTATION(#3219,#3220);
#3219=PRODUCT_DEFINITION_SHAPE('',$,#3222);
#3220=SHAPE_REPRESENTATION('',(#1962),#3212);
#3221=PRODUCT_DEFINITION_CONTEXT('part definition',#3226,'design');
#3222=PRODUCT_DEFINITION('Geh\X\E4use Morse Adapter_2',
'Geh\X\E4use Morse Adapter_2 v16',#3223,#3221);
#3223=PRODUCT_DEFINITION_FORMATION('',$,#3228);
#3224=PRODUCT_RELATED_PRODUCT_CATEGORY('Geh\X\E4use Morse Adapter_2 v1
6','Geh\X\E4use Morse Adapter_2 v16',(#3228));
#3225=APPLICATION_PROTOCOL_DEFINITION('international standard',
'automotive_design',2009,#3226);
#3226=APPLICATION_CONTEXT(
'Core Data for Automotive Mechanical Design Process');
#3227=PRODUCT_CONTEXT('part definition',#3226,'mechanical');
#3228=PRODUCT('Geh\X\E4use Morse Adapter_2',
'Geh\X\E4use Morse Adapter_2 v16',$,(#3227));
#3229=PRESENTATION_STYLE_ASSIGNMENT((#3230));
#3230=SURFACE_STYLE_USAGE(.BOTH.,#3231);
#3231=SURFACE_SIDE_STYLE('',(#3232));
#3232=SURFACE_STYLE_FILL_AREA(#3233);
#3233=FILL_AREA_STYLE('Aluminium - satiniert',(#3234));
#3234=FILL_AREA_STYLE_COLOUR('Aluminium - satiniert',#3235);
#3235=COLOUR_RGB('Aluminium - satiniert',0.96078431372549,0.96078431372549,
0.964705882352941);
ENDSEC;
END-ISO-10303-21;
